// Generated by firmware/tools/generate_display_fonts.py. Do not edit by hand.
#include "font_deck.hpp"

#include <array>

namespace midi::display {
namespace {

constexpr std::array<DeckGlyph, 95> kSwitchGlyphs{{
    {0, 10, 0, 0, 48, 10}, {0, 13, 34, 0, 14, 13},
    {221, 15, 34, 0, 14, 15}, {476, 29, 33, 0, 15, 29},
    {955, 21, 42, 0, 10, 21}, {1396, 37, 34, 0, 14, 37},
    {2025, 28, 34, 0, 14, 28}, {2501, 7, 34, 0, 14, 7},
    {2620, 13, 41, 0, 12, 13}, {2887, 14, 41, 0, 12, 13},
    {3174, 17, 36, 0, 12, 17}, {3480, 21, 25, 0, 23, 21},
    {3743, 10, 12, 0, 40, 10}, {3803, 16, 17, 0, 31, 16},
    {3939, 10, 7, 0, 41, 10}, {3974, 19, 34, 0, 14, 19},
    {4297, 22, 34, 0, 14, 22}, {4671, 13, 34, 0, 14, 13},
    {4892, 20, 34, 0, 14, 20}, {5232, 20, 34, 0, 14, 20},
    {5572, 22, 34, 0, 14, 22}, {5946, 21, 34, 0, 14, 21},
    {6303, 21, 34, 0, 14, 21}, {6660, 19, 34, 0, 14, 19},
    {6983, 21, 34, 0, 14, 21}, {7340, 20, 34, 0, 14, 20},
    {7680, 12, 23, 0, 25, 12}, {7818, 10, 27, 0, 25, 10},
    {7953, 21, 25, 0, 23, 21}, {8216, 21, 22, 0, 26, 21},
    {8447, 21, 25, 0, 23, 21}, {8710, 20, 34, 0, 14, 20},
    {9050, 36, 35, 0, 17, 36}, {9680, 22, 34, 0, 14, 22},
    {10054, 22, 34, 0, 14, 22}, {10428, 22, 34, 0, 14, 22},
    {10802, 23, 34, 0, 14, 23}, {11193, 21, 34, 0, 14, 21},
    {11550, 20, 34, 0, 14, 20}, {11890, 22, 34, 0, 14, 22},
    {12264, 23, 34, 0, 14, 23}, {12655, 11, 34, 0, 14, 11},
    {12842, 21, 34, 0, 14, 21}, {13199, 23, 34, 0, 14, 23},
    {13590, 20, 34, 0, 14, 20}, {13930, 26, 34, 0, 14, 26},
    {14372, 24, 34, 0, 14, 24}, {14780, 22, 34, 0, 14, 22},
    {15154, 22, 34, 0, 14, 22}, {15528, 22, 39, 0, 14, 22},
    {15957, 22, 34, 0, 14, 22}, {16331, 21, 34, 0, 14, 21},
    {16688, 22, 34, 0, 14, 22}, {17062, 23, 34, 0, 14, 23},
    {17453, 23, 34, 0, 14, 23}, {17844, 32, 34, 0, 14, 32},
    {18388, 22, 34, 0, 14, 22}, {18762, 22, 34, 0, 14, 22},
    {19136, 19, 34, 0, 14, 19}, {19459, 16, 45, 0, 10, 16},
    {19819, 19, 34, 0, 14, 19}, {20142, 16, 45, 0, 10, 16},
    {20502, 20, 34, 0, 14, 20}, {20842, 19, 5, 0, 43, 19},
    {20890, 10, 34, 0, 14, 10}, {21060, 21, 25, 0, 23, 21},
    {21323, 21, 34, 0, 14, 21}, {21680, 20, 25, 0, 23, 20},
    {21930, 21, 34, 0, 14, 21}, {22287, 20, 25, 0, 23, 20},
    {22537, 14, 34, 0, 14, 14}, {22775, 21, 35, 0, 23, 21},
    {23143, 21, 34, 0, 14, 21}, {23500, 10, 35, 0, 13, 10},
    {23675, 13, 45, -3, 13, 10}, {23968, 21, 34, 0, 14, 21},
    {24325, 10, 34, 0, 14, 10}, {24495, 32, 25, 0, 23, 32},
    {24895, 21, 25, 0, 23, 21}, {25158, 21, 25, 0, 23, 21},
    {25421, 21, 34, 0, 23, 21}, {25778, 21, 34, 0, 23, 21},
    {26135, 15, 25, 0, 23, 15}, {26323, 19, 25, 0, 23, 19},
    {26561, 14, 31, 0, 17, 14}, {26778, 21, 25, 0, 23, 21},
    {27041, 20, 25, 0, 23, 20}, {27291, 28, 25, 0, 23, 28},
    {27641, 20, 25, 0, 23, 20}, {27891, 19, 34, 0, 23, 19},
    {28214, 18, 25, 0, 23, 18}, {28439, 15, 45, 0, 10, 15},
    {28777, 8, 40, 0, 12, 8}, {28937, 15, 45, 0, 10, 15},
    {29275, 23, 18, 0, 30, 23}
}};

constexpr std::array<std::uint8_t, 29482> kSwitchPixels{{
    0x00, 0x03, 0xFF, 0xFF, 0xF2, 0x00, 0x00, 0x00, 0x5F, 0xFF, 0xFF, 0x30, 0x00, 0x00, 0x05, 0xFF, 0xFF, 0xF3, 0x00, 0x00,
    0x00, 0x4F, 0xFF, 0xFF, 0x20, 0x00, 0x00, 0x04, 0xFF, 0xFF, 0xF2, 0x00, 0x00, 0x00, 0x3F, 0xFF, 0xFF, 0x10, 0x00, 0x00,
    0x03, 0xFF, 0xFF, 0xF1, 0x00, 0x00, 0x00, 0x3F, 0xFF, 0xFF, 0x10, 0x00, 0x00, 0x02, 0xFF, 0xFF, 0xF0, 0x00, 0x00, 0x00,
    0x2F, 0xFF, 0xFF, 0x00, 0x00, 0x00, 0x01, 0xFF, 0xFF, 0xE0, 0x00, 0x00, 0x00, 0x1F, 0xFF, 0xFE, 0x00, 0x00, 0x00, 0x01,
    0xFF, 0xFF, 0xE0, 0x00, 0x00, 0x00, 0x0F, 0xFF, 0xFD, 0x00, 0x00, 0x00, 0x00, 0xFF, 0xFF, 0xD0, 0x00, 0x00, 0x00, 0x0E,
    0xFF, 0xFD, 0x00, 0x00, 0x00, 0x00, 0xEF, 0xFF, 0xC0, 0x00, 0x00, 0x00, 0x0D, 0xFF, 0xFC, 0x00, 0x00, 0x00, 0x00, 0xDF,
    0xFF, 0xB0, 0x00, 0x00, 0x00, 0x0D, 0xFF, 0xFB, 0x00, 0x00, 0x00, 0x00, 0xCF, 0xFF, 0xB0, 0x00, 0x00, 0x00, 0x0A, 0xFF,
    0xF9, 0x00, 0x00, 0x00, 0x00, 0x00, 0x00, 0x00, 0x00, 0x00, 0x00, 0x00, 0x00, 0x00, 0x00, 0x00, 0x00, 0x00, 0x00, 0x00,
    0x00, 0x00, 0x00, 0x00, 0x00, 0x00, 0x00, 0x00, 0x00, 0x00, 0x00, 0x00, 0x00, 0x00, 0x00, 0x00, 0x00, 0x05, 0xCE, 0xC5,
    0x00, 0x00, 0x00, 0x05, 0xFF, 0xFF, 0xF4, 0x00, 0x00, 0x00, 0xBF, 0xFF, 0xFF, 0xA0, 0x00, 0x00, 0x0D, 0xFF, 0xFF, 0xFC,
    0x00, 0x00, 0x00, 0xBF, 0xFF, 0xFF, 0xA0, 0x00, 0x00, 0x04, 0xFF, 0xFF, 0xF3, 0x00, 0x00, 0x00, 0x05, 0xCE, 0xC4, 0x00,
    0x00, 0x1F, 0xFF, 0xFE, 0x10, 0x6F, 0xFF, 0xFA, 0x01, 0xFF, 0xFF, 0xF1, 0x06, 0xFF, 0xFF, 0xB0, 0x1F, 0xFF, 0xFF, 0x00,
    0x5F, 0xFF, 0xFA, 0x00, 0xFF, 0xFF, 0xE0, 0x05, 0xFF, 0xFF, 0xA0, 0x0E, 0xFF, 0xFE, 0x00, 0x4F, 0xFF, 0xF9, 0x00, 0xEF,
    0xFF, 0xD0, 0x03, 0xFF, 0xFF, 0x80, 0x0D, 0xFF, 0xFC, 0x00, 0x2F, 0xFF, 0xF7, 0x00, 0xCF, 0xFF, 0xB0, 0x02, 0xFF, 0xFF,
    0x70, 0x0B, 0xFF, 0xFB, 0x00, 0x1F, 0xFF, 0xF6, 0x00, 0xBF, 0xFF, 0xA0, 0x00, 0xFF, 0xFF, 0x50, 0x08, 0xFF, 0xF8, 0x00,
    0x0D, 0xFF, 0xF3, 0x00, 0x00, 0x00, 0x00, 0x00, 0x00, 0x00, 0x00, 0x00, 0x00, 0x00, 0x00, 0x00, 0x00, 0x00, 0x00, 0x00,
    0x00, 0x00, 0x00, 0x00, 0x00, 0x00, 0x00, 0x00, 0x00, 0x00, 0x00, 0x00, 0x00, 0x00, 0x00, 0x00, 0x00, 0x00, 0x00, 0x00,
    0x00, 0x00, 0x00, 0x00, 0x00, 0x00, 0x00, 0x00, 0x00, 0x00, 0x00, 0x00, 0x00, 0x00, 0x00, 0x00, 0x00, 0x00, 0x00, 0x00,
    0x00, 0x00, 0x00, 0x00, 0x00, 0x00, 0x00, 0x00, 0x00, 0x00, 0x00, 0x00, 0x00, 0x00, 0x00, 0x00, 0x00, 0x00, 0x00, 0x00,
    0x00, 0x00, 0x00, 0x00, 0x00, 0x00, 0x00, 0x00, 0x00, 0x00, 0x00, 0x00, 0x00, 0x00, 0x00, 0x00, 0x00, 0x00, 0x00, 0x00,
    0x00, 0x00, 0x00, 0x00, 0x00, 0x00, 0x00, 0x00, 0x00, 0x00, 0x00, 0x00, 0x00, 0x00, 0x00, 0x00, 0x00, 0x00, 0x00, 0x00,
    0x00, 0x00, 0x00, 0x00, 0x00, 0x00, 0x00, 0x00, 0x00, 0x00, 0x00, 0x00, 0x00, 0x00, 0x00, 0x00, 0x00, 0x00, 0x00, 0x00,
    0x00, 0x00, 0x00, 0x00, 0x00, 0x00, 0x00, 0x00, 0x00, 0x00, 0x00, 0x00, 0x00, 0x00, 0x00, 0x00, 0x00, 0x00, 0x00, 0x00,
    0x00, 0x00, 0x00, 0x00, 0x00, 0x00, 0x00, 0x00, 0x00, 0x00, 0x00, 0x00, 0x00, 0x00, 0x00, 0x00, 0x00, 0x00, 0x00, 0x00,
    0x4A, 0xAA, 0xAA, 0x00, 0x00, 0x03, 0xAA, 0xAA, 0xA1, 0x00, 0x00, 0x00, 0x00, 0x00, 0x09, 0xFF, 0xFF, 0xF0, 0x00, 0x00,
    0x8F, 0xFF, 0xFF, 0x10, 0x00, 0x00, 0x00, 0x00, 0x00, 0xBF, 0xFF, 0xFD, 0x00, 0x00, 0x0A, 0xFF, 0xFF, 0xE0, 0x00, 0x00,
    0x00, 0x00, 0x00, 0x0D, 0xFF, 0xFF, 0xA0, 0x00, 0x00, 0xCF, 0xFF, 0xFC, 0x00, 0x00, 0x00, 0x00, 0x00, 0x01, 0xFF, 0xFF,
    0xF8, 0x00, 0x00, 0x0E, 0xFF, 0xFF, 0x90, 0x00, 0x00, 0x00, 0x00, 0x00, 0x3F, 0xFF, 0xFF, 0x60, 0x00, 0x01, 0xFF, 0xFF,
    0xF7, 0x00, 0x00, 0x00, 0x00, 0x00, 0x05, 0xFF, 0xFF, 0xF4, 0x00, 0x00, 0x4F, 0xFF, 0xFF, 0x50, 0x00, 0x00, 0x00, 0x00,
    0x00, 0x7F, 0xFF, 0xFF, 0x20, 0x00, 0x06, 0xFF, 0xFF, 0xF3, 0x00, 0x00, 0x00, 0x04, 0xFF, 0xFF, 0xFF, 0xFF, 0xFF, 0xFF,
    0xFF, 0xFF, 0xFF, 0xFF, 0xFF, 0xE1, 0x00, 0x00, 0x5F, 0xFF, 0xFF, 0xFF, 0xFF, 0xFF, 0xFF, 0xFF, 0xFF, 0xFF, 0xFF, 0xFF,
    0x20, 0x00, 0x05, 0xFF, 0xFF, 0xFF, 0xFF, 0xFF, 0xFF, 0xFF, 0xFF, 0xFF, 0xFF, 0xFF, 0xF2, 0x00, 0x00, 0x5F, 0xFF, 0xFF,
    0xFF, 0xFF, 0xFF, 0xFF, 0xFF, 0xFF, 0xFF, 0xFF, 0xFF, 0x20, 0x00, 0x03, 0xCC, 0xDF, 0xFF, 0xFF, 0xDC, 0xCC, 0xCD, 0xFF,
    0xFF, 0xFD, 0xCC, 0xC1, 0x00, 0x00, 0x00, 0x06, 0xFF, 0xFF, 0xF3, 0x00, 0x00, 0x5F, 0xFF, 0xFF, 0x40, 0x00, 0x00, 0x00,
    0x00, 0x00, 0x8F, 0xFF, 0xFF, 0x00, 0x00, 0x07, 0xFF, 0xFF, 0xF2, 0x00, 0x00, 0x00, 0x00, 0x00, 0x0A, 0xFF, 0xFF, 0xD0,
    0x00, 0x00, 0x9F, 0xFF, 0xFF, 0x00, 0x00, 0x00, 0x00, 0x00, 0x00, 0xCF, 0xFF, 0xFB, 0x00, 0x00, 0x0B, 0xFF, 0xFF, 0xD0,
    0x00, 0x00, 0x00, 0x00, 0x00, 0x0E, 0xFF, 0xFF, 0x90, 0x00, 0x00, 0xDF, 0xFF, 0xFA, 0x00, 0x00, 0x00, 0x00, 0x00, 0x02,
    0xFF, 0xFF, 0xF7, 0x00, 0x00, 0x1F, 0xFF, 0xFF, 0x90, 0x00, 0x00, 0x00, 0x0D, 0xFF, 0xFF, 0xFF, 0xFF, 0xFF, 0xFF, 0xFF,
    0xFF, 0xFF, 0xFF, 0xFF, 0x60, 0x00, 0x00, 0xFF, 0xFF, 0xFF, 0xFF, 0xFF, 0xFF, 0xFF, 0xFF, 0xFF, 0xFF, 0xFF, 0xF7, 0x00,
    0x00, 0x0F, 0xFF, 0xFF, 0xFF, 0xFF, 0xFF, 0xFF, 0xFF, 0xFF, 0xFF, 0xFF, 0xFF, 0x70, 0x00, 0x00, 0xFF, 0xFF, 0xFF, 0xFF,
    0xFF, 0xFF, 0xFF, 0xFF, 0xFF, 0xFF, 0xFF, 0xF7, 0x00, 0x00, 0x0B, 0xCC, 0xFF, 0xFF, 0xFE, 0xCC, 0xCC, 0xCF, 0xFF, 0xFF,
    0xEC, 0xCC, 0x40, 0x00, 0x00, 0x00, 0x0F, 0xFF, 0xFF, 0x80, 0x00, 0x00, 0xEF, 0xFF, 0xFA, 0x00, 0x00, 0x00, 0x00, 0x00,
    0x02, 0xFF, 0xFF, 0xF6, 0x00, 0x00, 0x1F, 0xFF, 0xFF, 0x70, 0x00, 0x00, 0x00, 0x00, 0x00, 0x5F, 0xFF, 0xFF, 0x40, 0x00,
    0x03, 0xFF, 0xFF, 0xF5, 0x00, 0x00, 0x00, 0x00, 0x00, 0x07, 0xFF, 0xFF, 0xF2, 0x00, 0x00, 0x5F, 0xFF, 0xFF, 0x30, 0x00,
    0x00, 0x00, 0x00, 0x00, 0x9F, 0xFF, 0xFF, 0x00, 0x00, 0x08, 0xFF, 0xFF, 0xF1, 0x00, 0x00, 0x00, 0x00, 0x00, 0x0B, 0xFF,
    0xFF, 0xD0, 0x00, 0x00, 0xAF, 0xFF, 0xFE, 0x00, 0x00, 0x00, 0x00, 0x00, 0x00, 0xDF, 0xFF, 0xFB, 0x00, 0x00, 0x0C, 0xFF,
    0xFF, 0xC0, 0x00, 0x00, 0x00, 0x00, 0x00, 0x0A, 0xCC, 0xCC, 0x60, 0x00, 0x00, 0x9C, 0xCC, 0xC7, 0x00, 0x00, 0x00, 0x00,
    0x00, 0x00, 0x00, 0x00, 0x00, 0x00, 0x00, 0x00, 0x00, 0x00, 0x00, 0x00, 0x00, 0x00, 0x00, 0x00, 0x00, 0x00, 0x00, 0x8F,
    0xFF, 0x60, 0x00, 0x00, 0x00, 0x00, 0x00, 0x00, 0x00, 0x09, 0xFF, 0xF7, 0x00, 0x00, 0x00, 0x00, 0x00, 0x00, 0x00, 0x00,
    0x9F, 0xFF, 0x60, 0x00, 0x00, 0x00, 0x00, 0x00, 0x00, 0x00, 0x09, 0xFF, 0xF6, 0x00, 0x00, 0x00, 0x00, 0x00, 0x00, 0x00,
    0x49, 0xEF, 0xFF, 0xC6, 0x10, 0x00, 0x00, 0x00, 0x00, 0x02, 0xCF, 0xFF, 0xFF, 0xFF, 0xFE, 0x60, 0x00, 0x00, 0x00, 0x03,
    0xEF, 0xFF, 0xFF, 0xFF, 0xFF, 0xFF, 0x90, 0x00, 0x00, 0x01, 0xDF, 0xFF, 0xFF, 0xFF, 0xFF, 0xFF, 0xFF, 0x60, 0x00, 0x00,
    0x8F, 0xFF, 0xFF, 0xFF, 0xFF, 0xFF, 0xFF, 0xFE, 0x10, 0x00, 0x0E, 0xFF, 0xFF, 0xF8, 0x20, 0x4C, 0xFF, 0xFF, 0xF7, 0x00,
    0x03, 0xFF, 0xFF, 0xFA, 0x00, 0x00, 0x2E, 0xFF, 0xFF, 0xC0, 0x00, 0x6F, 0xFF, 0xFF, 0x30, 0x00, 0x00, 0x9F, 0xFF, 0xFF,
    0x00, 0x07, 0xFF, 0xFF, 0xF1, 0x00, 0x00, 0x06, 0xFF, 0xFF, 0xF2, 0x00, 0x6F, 0xFF, 0xFF, 0x20, 0x00, 0x00, 0x5F, 0xFF,
    0xFF, 0x20, 0x04, 0xFF, 0xFF, 0xF5, 0x00, 0x00, 0x04, 0xFF, 0xFF, 0xF1, 0x00, 0x2F, 0xFF, 0xFF, 0xC0, 0x00, 0x00, 0x00,
    0x00, 0x00, 0x00, 0x00, 0xCF, 0xFF, 0xFF, 0x90, 0x00, 0x00, 0x00, 0x00, 0x00, 0x00, 0x05, 0xFF, 0xFF, 0xFF, 0xA1, 0x00,
    0x00, 0x00, 0x00, 0x00, 0x00, 0x0B, 0xFF, 0xFF, 0xFF, 0xC2, 0x00, 0x00, 0x00, 0x00, 0x00, 0x00, 0x2D, 0xFF, 0xFF, 0xFF,
    0xE5, 0x00, 0x00, 0x00, 0x00, 0x00, 0x00, 0x3E, 0xFF, 0xFF, 0xFF, 0xF9, 0x00, 0x00, 0x00, 0x00, 0x00, 0x00, 0x2D, 0xFF,
    0xFF, 0xFF, 0xFC, 0x10, 0x00, 0x00, 0x00, 0x00, 0x00, 0x1A, 0xFF, 0xFF, 0xFF, 0xFD, 0x20, 0x00, 0x00, 0x00, 0x00, 0x00,
    0x07, 0xFF, 0xFF, 0xFF, 0xFD, 0x20, 0x00, 0x00, 0x00, 0x00, 0x00, 0x03, 0xDF, 0xFF, 0xFF, 0xFC, 0x00, 0x00, 0x00, 0x00,
    0x00, 0x00, 0x01, 0xBF, 0xFF, 0xFF, 0xF6, 0x00, 0x00, 0x00, 0x00, 0x00, 0x00, 0x00, 0xAF, 0xFF, 0xFF, 0xD0, 0x00, 0x00,
    0x00, 0x00, 0x00, 0x00, 0x00, 0xCF, 0xFF, 0xFF, 0x20, 0x03, 0xBB, 0xBB, 0xB1, 0x00, 0x00, 0x05, 0xFF, 0xFF, 0xF4, 0x00,
    0x6F, 0xFF, 0xFF, 0x20, 0x00, 0x00, 0x2F, 0xFF, 0xFF, 0x50, 0x05, 0xFF, 0xFF, 0xF4, 0x00, 0x00, 0x02, 0xFF, 0xFF, 0xF5,
    0x00, 0x4F, 0xFF, 0xFF, 0x70, 0x00, 0x00, 0x5F, 0xFF, 0xFF, 0x30, 0x01, 0xFF, 0xFF, 0xFD, 0x00, 0x00, 0x0C, 0xFF, 0xFF,
    0xF0, 0x00, 0x0B, 0xFF, 0xFF, 0xFB, 0x30, 0x2A, 0xFF, 0xFF, 0xFA, 0x00, 0x00, 0x4F, 0xFF, 0xFF, 0xFF, 0xFF, 0xFF, 0xFF,
    0xFF, 0x30, 0x00, 0x00, 0x9F, 0xFF, 0xFF, 0xFF, 0xFF, 0xFF, 0xFF, 0x80, 0x00, 0x00, 0x00, 0xAF, 0xFF, 0xFF, 0xFF, 0xFF,
    0xFF, 0x90, 0x00, 0x00, 0x00, 0x00, 0x6D, 0xFF, 0xFF, 0xFF, 0xFD, 0x50, 0x00, 0x00, 0x00, 0x00, 0x00, 0x03, 0xCF, 0xFF,
    0xB3, 0x00, 0x00, 0x00, 0x00, 0x00, 0x00, 0x00, 0x08, 0xFF, 0xF8, 0x00, 0x00, 0x00, 0x00, 0x00, 0x00, 0x00, 0x00, 0x9F,
    0xFF, 0x80, 0x00, 0x00, 0x00, 0x00, 0x00, 0x00, 0x00, 0x08, 0xFF, 0xF7, 0x00, 0x00, 0x00, 0x00, 0x00, 0x00, 0x00, 0x39,
    0xDE, 0xEC, 0x61, 0x00, 0x00, 0x00, 0x00, 0x00, 0x0B, 0xFF, 0xF2, 0x00, 0x00, 0x00, 0x00, 0x00, 0x00, 0x8F, 0xFF, 0xFF,
    0xFF, 0xD4, 0x00, 0x00, 0x00, 0x00, 0x05, 0xFF, 0xFB, 0x00, 0x00, 0x00, 0x00, 0x00, 0x00, 0xAF, 0xFF, 0xFF, 0xFF, 0xFF,
    0xF3, 0x00, 0x00, 0x00, 0x00, 0xDF, 0xFF, 0x30, 0x00, 0x00, 0x00, 0x00, 0x00, 0x6F, 0xFF, 0xA3, 0x01, 0x5E, 0xFF, 0xE1,
    0x00, 0x00, 0x00, 0x6F, 0xFF, 0xA0, 0x00, 0x00, 0x00, 0x00, 0x00, 0x0D, 0xFF, 0x80, 0x00, 0x00, 0x2E, 0xFF, 0x60, 0x00,
    0x00, 0x1D, 0xFF, 0xF2, 0x00, 0x00, 0x00, 0x00, 0x00, 0x03, 0xFF, 0xE0, 0x00, 0x00, 0x00, 0x7F, 0xFB, 0x00, 0x00, 0x07,
    0xFF, 0xF9, 0x00, 0x00, 0x00, 0x00, 0x00, 0x00, 0x5F, 0xFB, 0x00, 0x00, 0x00, 0x03, 0xFF, 0xD0, 0x00, 0x01, 0xEF, 0xFE,
    0x10, 0x00, 0x00, 0x00, 0x00, 0x00, 0x05, 0xFF, 0xB0, 0x00, 0x00, 0x00, 0x3F, 0xFD, 0x00, 0x00, 0x8F, 0xFF, 0x80, 0x00,
    0x00, 0x00, 0x00, 0x00, 0x00, 0x3F, 0xFE, 0x10, 0x00, 0x00, 0x07, 0xFF, 0xB0, 0x00, 0x1E, 0xFF, 0xE1, 0x00, 0x00, 0x00,
    0x00, 0x00, 0x00, 0x00, 0xDF, 0xF9, 0x00, 0x00, 0x02, 0xEF, 0xF6, 0x00, 0x09, 0xFF, 0xF7, 0x00, 0x00, 0x00, 0x00, 0x00,
    0x00, 0x00, 0x06, 0xFF, 0xFA, 0x30, 0x15, 0xDF, 0xFE, 0x10, 0x02, 0xFF, 0xFD, 0x00, 0x00, 0x00, 0x00, 0x00, 0x00, 0x00,
    0x00, 0x0A, 0xFF, 0xFF, 0xFF, 0xFF, 0xFF, 0x40, 0x00, 0xAF, 0xFF, 0x60, 0x00, 0x00, 0x00, 0x00, 0x00, 0x00, 0x00, 0x00,
    0x08, 0xFF, 0xFF, 0xFF, 0xFD, 0x40, 0x00, 0x3F, 0xFF, 0xD0, 0x00, 0x00, 0x00, 0x00, 0x00, 0x00, 0x00, 0x00, 0x00, 0x03,
    0x9D, 0xEE, 0xC6, 0x10, 0x00, 0x0B, 0xFF, 0xF5, 0x00, 0x00, 0x00, 0x00, 0x00, 0x00, 0x00, 0x00, 0x00, 0x00, 0x00, 0x00,
    0x00, 0x00, 0x00, 0x04, 0xFF, 0xFC, 0x00, 0x00, 0x00, 0x00, 0x00, 0x00, 0x00, 0x00, 0x00, 0x00, 0x00, 0x00, 0x00, 0x00,
    0x00, 0x00, 0xCF, 0xFF, 0x40, 0x00, 0x00, 0x00, 0x00, 0x00, 0x00, 0x00, 0x00, 0x00, 0x00, 0x00, 0x00, 0x00, 0x00, 0x00,
    0x5F, 0xFF, 0xB0, 0x00, 0x00, 0x00, 0x00, 0x00, 0x00, 0x00, 0x00, 0x00, 0x00, 0x00, 0x00, 0x00, 0x00, 0x00, 0x0C, 0xFF,
    0xF3, 0x00, 0x00, 0x00, 0x00, 0x00, 0x00, 0x00, 0x00, 0x00, 0x00, 0x00, 0x00, 0x00, 0x00, 0x00, 0x05, 0xFF, 0xFA, 0x00,
    0x00, 0x00, 0x00, 0x00, 0x00, 0x00, 0x00, 0x00, 0x00, 0x00, 0x00, 0x00, 0x00, 0x00, 0x00, 0xDF, 0xFF, 0x20, 0x00, 0x06,
    0xBE, 0xED, 0x92, 0x00, 0x00, 0x00, 0x00, 0x00, 0x00, 0x00, 0x00, 0x00, 0x00, 0x6F, 0xFF, 0x90, 0x00, 0x2C, 0xFF, 0xFF,
    0xFF, 0xF7, 0x00, 0x00, 0x00, 0x00, 0x00, 0x00, 0x00, 0x00, 0x00, 0x1E, 0xFF, 0xF2, 0x00, 0x1D, 0xFF, 0xFF, 0xFF, 0xFF,
    0xF8, 0x00, 0x00, 0x00, 0x00, 0x00, 0x00, 0x00, 0x00, 0x07, 0xFF, 0xF8, 0x00, 0x0B, 0xFF, 0xE7, 0x10, 0x3B, 0xFF, 0xF4,
    0x00, 0x00, 0x00, 0x00, 0x00, 0x00, 0x00, 0x01, 0xEF, 0xFE, 0x10, 0x03, 0xFF, 0xF3, 0x00, 0x00, 0x0A, 0xFF, 0xB0, 0x00,
    0x00, 0x00, 0x00, 0x00, 0x00, 0x00, 0x8F, 0xFF, 0x70, 0x00, 0x9F, 0xF8, 0x00, 0x00, 0x00, 0x1E, 0xFF, 0x20, 0x00, 0x00,
    0x00, 0x00, 0x00, 0x00, 0x2F, 0xFF, 0xE1, 0x00, 0x0C, 0xFF, 0x40, 0x00, 0x00, 0x00, 0xBF, 0xF4, 0x00, 0x00, 0x00, 0x00,
    0x00, 0x00, 0x09, 0xFF, 0xF6, 0x00, 0x00, 0xDF, 0xF2, 0x00, 0x00, 0x00, 0x09, 0xFF, 0x60, 0x00, 0x00, 0x00, 0x00, 0x00,
    0x02, 0xFF, 0xFD, 0x00, 0x00, 0x0C, 0xFF, 0x40, 0x00, 0x00, 0x00, 0xBF, 0xF4, 0x00, 0x00, 0x00, 0x00, 0x00, 0x00, 0xAF,
    0xFF, 0x60, 0x00, 0x00, 0x9F, 0xF8, 0x00, 0x00, 0x00, 0x1E, 0xFF, 0x20, 0x00, 0x00, 0x00, 0x00, 0x00, 0x3F, 0xFF, 0xC0,
    0x00, 0x00, 0x04, 0xFF, 0xF3, 0x00, 0x00, 0x0A, 0xFF, 0xB0, 0x00, 0x00, 0x00, 0x00, 0x00, 0x0B, 0xFF, 0xF5, 0x00, 0x00,
    0x00, 0x0B, 0xFF, 0xE6, 0x10, 0x3B, 0xFF, 0xF4, 0x00, 0x00, 0x00, 0x00, 0x00, 0x04, 0xFF, 0xFC, 0x00, 0x00, 0x00, 0x00,
    0x2E, 0xFF, 0xFF, 0xFF, 0xFF, 0xF8, 0x00, 0x00, 0x00, 0x00, 0x00, 0x00, 0xCF, 0xFF, 0x40, 0x00, 0x00, 0x00, 0x00, 0x2C,
    0xFF, 0xFF, 0xFF, 0xF7, 0x00, 0x00, 0x00, 0x00, 0x00, 0x00, 0x3F, 0xFF, 0xA0, 0x00, 0x00, 0x00, 0x00, 0x00, 0x06, 0xBE,
    0xED, 0x92, 0x00, 0x00, 0x00, 0x00, 0x00, 0x00, 0x02, 0x8C, 0xEF, 0xEC, 0x82, 0x00, 0x00, 0x00, 0x00, 0x00, 0x00, 0x00,
    0x00, 0x00, 0x8F, 0xFF, 0xFF, 0xFF, 0xFF, 0x80, 0x00, 0x00, 0x00, 0x00, 0x00, 0x00, 0x00, 0x0A, 0xFF, 0xFF, 0xFF, 0xFF,
    0xFF, 0xFB, 0x00, 0x00, 0x00, 0x00, 0x00, 0x00, 0x00, 0x7F, 0xFF, 0xFF, 0xFF, 0xFF, 0xFF, 0xFF, 0x80, 0x00, 0x00, 0x00,
    0x00, 0x00, 0x01, 0xEF, 0xFF, 0xFF, 0xFD, 0xFF, 0xFF, 0xFF, 0xF3, 0x00, 0x00, 0x00, 0x00, 0x00, 0x05, 0xFF, 0xFF, 0xFD,
    0x20, 0x1A, 0xFF, 0xFF, 0xF9, 0x00, 0x00, 0x00, 0x00, 0x00, 0x08, 0xFF, 0xFF, 0xF4, 0x00, 0x01, 0xEF, 0xFF, 0xFC, 0x00,
    0x00, 0x00, 0x00, 0x00, 0x0A, 0xFF, 0xFF, 0xE0, 0x00, 0x00, 0xAF, 0xFF, 0xFE, 0x00, 0x00, 0x00, 0x00, 0x00, 0x0A, 0xFF,
    0xFF, 0xE0, 0x00, 0x00, 0xAF, 0xFF, 0xFE, 0x00, 0x00, 0x00, 0x00, 0x00, 0x08, 0xFF, 0xFF, 0xF1, 0x00, 0x00, 0xDF, 0xFF,
    0xFD, 0x00, 0x00, 0x00, 0x00, 0x00, 0x04, 0xFF, 0xFF, 0xF6, 0x00, 0x05, 0xFF, 0xFF, 0xFA, 0x00, 0x00, 0x00, 0x00, 0x00,
    0x00, 0xDF, 0xFF, 0xFE, 0x10, 0x2E, 0xFF, 0xFF, 0xF5, 0x00, 0x00, 0x00, 0x00, 0x00, 0x00, 0x6F, 0xFF, 0xFF, 0xA2, 0xDF,
    0xFF, 0xFF, 0xD0, 0x00, 0x00, 0x00, 0x00, 0x00, 0x00, 0x0B, 0xFF, 0xFF, 0xFF, 0xFF, 0xFF, 0xFF, 0x30, 0x00, 0x00, 0x00,
    0x00, 0x00, 0x00, 0x02, 0xEF, 0xFF, 0xFF, 0xFF, 0xFF, 0xF5, 0x00, 0x00, 0x00, 0x00, 0x00, 0x00, 0x00, 0x00, 0x6F, 0xFF,
    0xFF, 0xFF, 0xFF, 0x60, 0x00, 0x00, 0x00, 0x00, 0x00, 0x00, 0x00, 0x00, 0x6F, 0xFF, 0xFF, 0xFF, 0xE4, 0x00, 0x00, 0x00,
    0x00, 0x00, 0x00, 0x00, 0x00, 0x07, 0xFF, 0xFF, 0xFF, 0xFF, 0x60, 0x00, 0x00, 0x00, 0x00, 0x00, 0x00, 0x00, 0x00, 0x7F,
    0xFF, 0xFF, 0xFF, 0xFF, 0xE1, 0x00, 0x00, 0x00, 0x00, 0x00, 0x00, 0x00, 0x05, 0xFF, 0xFF, 0xFF, 0xFF, 0xFF, 0xFB, 0x00,
    0x00, 0x07, 0x30, 0x00, 0x00, 0x00, 0x1E, 0xFF, 0xFF, 0xFC, 0xBF, 0xFF, 0xFF, 0x70, 0x00, 0x4F, 0xFA, 0x20, 0x00, 0x00,
    0x9F, 0xFF, 0xFF, 0xC1, 0x1D, 0xFF, 0xFF, 0xF4, 0x00, 0xCF, 0xFF, 0xE5, 0x00, 0x00, 0xEF, 0xFF, 0xFE, 0x20, 0x02, 0xEF,
    0xFF, 0xFD, 0x17, 0xFF, 0xFF, 0xF3, 0x00, 0x03, 0xFF, 0xFF, 0xF8, 0x00, 0x00, 0x5F, 0xFF, 0xFF, 0xCF, 0xFF, 0xFF, 0xA0,
    0x00, 0x06, 0xFF, 0xFF, 0xF3, 0x00, 0x00, 0x09, 0xFF, 0xFF, 0xFF, 0xFF, 0xFE, 0x20, 0x00, 0x07, 0xFF, 0xFF, 0xF2, 0x00,
    0x00, 0x00, 0xCF, 0xFF, 0xFF, 0xFF, 0xF7, 0x00, 0x00, 0x06, 0xFF, 0xFF, 0xF5, 0x00, 0x00, 0x00, 0x2E, 0xFF, 0xFF, 0xFF,
    0xB0, 0x00, 0x00, 0x05, 0xFF, 0xFF, 0xFB, 0x00, 0x00, 0x00, 0x2C, 0xFF, 0xFF, 0xFF, 0x20, 0x00, 0x00, 0x02, 0xFF, 0xFF,
    0xFF, 0x91, 0x00, 0x17, 0xEF, 0xFF, 0xFF, 0xFF, 0x80, 0x00, 0x00, 0x00, 0xCF, 0xFF, 0xFF, 0xFF, 0xDD, 0xFF, 0xFF, 0xFF,
    0xFF, 0xFF, 0xF4, 0x00, 0x00, 0x00, 0x4F, 0xFF, 0xFF, 0xFF, 0xFF, 0xFF, 0xFF, 0xFF, 0xFF, 0xFF, 0xFD, 0x10, 0x00, 0x00,
    0x07, 0xFF, 0xFF, 0xFF, 0xFF, 0xFF, 0xFF, 0xFE, 0xAF, 0xFF, 0xFF, 0xA0, 0x00, 0x00, 0x00, 0x5E, 0xFF, 0xFF, 0xFF, 0xFF,
    0xFF, 0x92, 0x0B, 0xFF, 0xFF, 0xF6, 0x00, 0x00, 0x00, 0x00, 0x6A, 0xDE, 0xFE, 0xDA, 0x61, 0x00, 0x02, 0xDF, 0xFF, 0xFD,
    0x00, 0x1F, 0xFF, 0xFF, 0x51, 0xFF, 0xFF, 0xF5, 0x1F, 0xFF, 0xFF, 0x40, 0xFF, 0xFF, 0xF3, 0x0E, 0xFF, 0xFF, 0x30, 0xEF,
    0xFF, 0xF2, 0x0D, 0xFF, 0xFF, 0x10, 0xCF, 0xFF, 0xF0, 0x0B, 0xFF, 0xFE, 0x00, 0xBF, 0xFF, 0xE0, 0x08, 0xFF, 0xFB, 0x00,
    0x00, 0x00, 0x00, 0x00, 0x00, 0x00, 0x00, 0x00, 0x00, 0x00, 0x00, 0x00, 0x00, 0x00, 0x00, 0x00, 0x00, 0x00, 0x00, 0x00,
    0x00, 0x00, 0x00, 0x00, 0x00, 0x00, 0x00, 0x00, 0x00, 0x00, 0x00, 0x00, 0x00, 0x00, 0x00, 0x00, 0x00, 0x00, 0x00, 0x00,
    0x00, 0x00, 0x00, 0x00, 0x00, 0x00, 0x00, 0x00, 0x00, 0x00, 0x00, 0x00, 0x00, 0x00, 0x00, 0x00, 0x00, 0x00, 0x00, 0x00,
    0x00, 0x00, 0x00, 0x00, 0x00, 0x00, 0x00, 0x00, 0x00, 0x00, 0x00, 0x00, 0x00, 0x00, 0x00, 0x00, 0x00, 0x00, 0x00, 0x00,
    0x00, 0x00, 0x2E, 0xFF, 0xFF, 0x50, 0x00, 0x00, 0x0A, 0xFF, 0xFF, 0xF1, 0x00, 0x00, 0x03, 0xFF, 0xFF, 0xFA, 0x00, 0x00,
    0x00, 0xAF, 0xFF, 0xFF, 0x40, 0x00, 0x00, 0x2F, 0xFF, 0xFF, 0xE0, 0x00, 0x00, 0x07, 0xFF, 0xFF, 0xF9, 0x00, 0x00, 0x00,
    0xCF, 0xFF, 0xFF, 0x40, 0x00, 0x00, 0x2F, 0xFF, 0xFF, 0xF0, 0x00, 0x00, 0x07, 0xFF, 0xFF, 0xFB, 0x00, 0x00, 0x00, 0xBF,
    0xFF, 0xFF, 0x70, 0x00, 0x00, 0x0E, 0xFF, 0xFF, 0xF4, 0x00, 0x00, 0x02, 0xFF, 0xFF, 0xFF, 0x10, 0x00, 0x00, 0x5F, 0xFF,
    0xFF, 0xD0, 0x00, 0x00, 0x07, 0xFF, 0xFF, 0xFB, 0x00, 0x00, 0x00, 0xAF, 0xFF, 0xFF, 0x90, 0x00, 0x00, 0x0B, 0xFF, 0xFF,
    0xF7, 0x00, 0x00, 0x00, 0xCF, 0xFF, 0xFF, 0x60, 0x00, 0x00, 0x0E, 0xFF, 0xFF, 0xF5, 0x00, 0x00, 0x00, 0xEF, 0xFF, 0xFF,
    0x40, 0x00, 0x00, 0x0F, 0xFF, 0xFF, 0xF4, 0x00, 0x00, 0x00, 0xFF, 0xFF, 0xFF, 0x40, 0x00, 0x00, 0x0F, 0xFF, 0xFF, 0xF4,
    0x00, 0x00, 0x00, 0xEF, 0xFF, 0xFF, 0x40, 0x00, 0x00, 0x0E, 0xFF, 0xFF, 0xF5, 0x00, 0x00, 0x00, 0xDF, 0xFF, 0xFF, 0x60,
    0x00, 0x00, 0x0B, 0xFF, 0xFF, 0xF7, 0x00, 0x00, 0x00, 0xAF, 0xFF, 0xFF, 0x90, 0x00, 0x00, 0x08, 0xFF, 0xFF, 0xFB, 0x00,
    0x00, 0x00, 0x5F, 0xFF, 0xFF, 0xD0, 0x00, 0x00, 0x03, 0xFF, 0xFF, 0xFF, 0x10, 0x00, 0x00, 0x0E, 0xFF, 0xFF, 0xF3, 0x00,
    0x00, 0x00, 0xBF, 0xFF, 0xFF, 0x70, 0x00, 0x00, 0x07, 0xFF, 0xFF, 0xFA, 0x00, 0x00, 0x00, 0x3F, 0xFF, 0xFF, 0xE0, 0x00,
    0x00, 0x00, 0xDF, 0xFF, 0xFF, 0x40, 0x00, 0x00, 0x08, 0xFF, 0xFF, 0xF8, 0x00, 0x00, 0x00, 0x2F, 0xFF, 0xFF, 0xD0, 0x00,
    0x00, 0x00, 0xBF, 0xFF, 0xFF, 0x40, 0x00, 0x00, 0x04, 0xFF, 0xFF, 0xFA, 0x00, 0x00, 0x00, 0x0B, 0xFF, 0xFF, 0xF1, 0x00,
    0x00, 0x00, 0x3E, 0xFF, 0xFF, 0x50, 0x00, 0x00, 0x0E, 0xFF, 0xFF, 0x80, 0x00, 0x00, 0x00, 0x09, 0xFF, 0xFF, 0xF2, 0x00,
    0x00, 0x00, 0x03, 0xFF, 0xFF, 0xFA, 0x00, 0x00, 0x00, 0x00, 0xDF, 0xFF, 0xFF, 0x20, 0x00, 0x00, 0x00, 0x7F, 0xFF, 0xFF,
    0x80, 0x00, 0x00, 0x00, 0x3F, 0xFF, 0xFF, 0xD0, 0x00, 0x00, 0x00, 0x0D, 0xFF, 0xFF, 0xF4, 0x00, 0x00, 0x00, 0x09, 0xFF,
    0xFF, 0xF9, 0x00, 0x00, 0x00, 0x05, 0xFF, 0xFF, 0xFD, 0x00, 0x00, 0x00, 0x01, 0xFF, 0xFF, 0xFF, 0x20, 0x00, 0x00, 0x00,
    0xDF, 0xFF, 0xFF, 0x60, 0x00, 0x00, 0x00, 0xAF, 0xFF, 0xFF, 0x90, 0x00, 0x00, 0x00, 0x7F, 0xFF, 0xFF, 0xC0, 0x00, 0x00,
    0x00, 0x5F, 0xFF, 0xFF, 0xE0, 0x00, 0x00, 0x00, 0x3F, 0xFF, 0xFF, 0xF1, 0x00, 0x00, 0x00, 0x1F, 0xFF, 0xFF, 0xF3, 0x00,
    0x00, 0x00, 0x0F, 0xFF, 0xFF, 0xF4, 0x00, 0x00, 0x00, 0x0E, 0xFF, 0xFF, 0xF5, 0x00, 0x00, 0x00, 0x0D, 0xFF, 0xFF, 0xF6,
    0x00, 0x00, 0x00, 0x0D, 0xFF, 0xFF, 0xF6, 0x00, 0x00, 0x00, 0x0D, 0xFF, 0xFF, 0xF6, 0x00, 0x00, 0x00, 0x0D, 0xFF, 0xFF,
    0xF6, 0x00, 0x00, 0x00, 0x0E, 0xFF, 0xFF, 0xF6, 0x00, 0x00, 0x00, 0x0E, 0xFF, 0xFF, 0xF5, 0x00, 0x00, 0x00, 0x0F, 0xFF,
    0xFF, 0xF4, 0x00, 0x00, 0x00, 0x1F, 0xFF, 0xFF, 0xF2, 0x00, 0x00, 0x00, 0x3F, 0xFF, 0xFF, 0xF1, 0x00, 0x00, 0x00, 0x5F,
    0xFF, 0xFF, 0xE0, 0x00, 0x00, 0x00, 0x7F, 0xFF, 0xFF, 0xB0, 0x00, 0x00, 0x00, 0xAF, 0xFF, 0xFF, 0x90, 0x00, 0x00, 0x00,
    0xDF, 0xFF, 0xFF, 0x50, 0x00, 0x00, 0x01, 0xFF, 0xFF, 0xFF, 0x20, 0x00, 0x00, 0x05, 0xFF, 0xFF, 0xFD, 0x00, 0x00, 0x00,
    0x09, 0xFF, 0xFF, 0xF8, 0x00, 0x00, 0x00, 0x0D, 0xFF, 0xFF, 0xF4, 0x00, 0x00, 0x00, 0x3F, 0xFF, 0xFF, 0xD0, 0x00, 0x00,
    0x00, 0x8F, 0xFF, 0xFF, 0x80, 0x00, 0x00, 0x00, 0xDF, 0xFF, 0xFF, 0x10, 0x00, 0x00, 0x03, 0xFF, 0xFF, 0xF9, 0x00, 0x00,
    0x00, 0x0A, 0xFF, 0xFF, 0xE2, 0x00, 0x00, 0x00, 0x0E, 0xFF, 0xFF, 0x70, 0x00, 0x00, 0x00, 0x00, 0x00, 0x0D, 0xFF, 0x30,
    0x00, 0x00, 0x00, 0x00, 0x00, 0x00, 0xEF, 0xF5, 0x00, 0x00, 0x00, 0x00, 0x00, 0x00, 0x0E, 0xFF, 0x40, 0x00, 0x00, 0x00,
    0x1E, 0x91, 0x00, 0xEF, 0xF4, 0x00, 0x6E, 0x50, 0x08, 0xFF, 0xE6, 0x0E, 0xFF, 0x43, 0xCF, 0xFD, 0x00, 0xDF, 0xFF, 0xFC,
    0xFF, 0xFC, 0xFF, 0xFF, 0xF3, 0x02, 0xBF, 0xFF, 0xFF, 0xFF, 0xFF, 0xFF, 0xD5, 0x00, 0x00, 0x4D, 0xFF, 0xFF, 0xFF, 0xFE,
    0x70, 0x00, 0x00, 0x00, 0x0C, 0xFF, 0xFF, 0xFF, 0x30, 0x00, 0x00, 0x00, 0x3C, 0xFF, 0xFF, 0xFF, 0xFE, 0x60, 0x00, 0x01,
    0x9F, 0xFF, 0xFF, 0xFF, 0xFF, 0xFF, 0xC3, 0x00, 0xDF, 0xFF, 0xFD, 0xFF, 0xFD, 0xFF, 0xFF, 0xF3, 0x09, 0xFF, 0xE7, 0x0E,
    0xFF, 0x44, 0xDF, 0xFE, 0x10, 0x1E, 0xA1, 0x00, 0xEF, 0xF4, 0x00, 0x7F, 0x60, 0x00, 0x00, 0x00, 0x0E, 0xFF, 0x40, 0x00,
    0x10, 0x00, 0x00, 0x00, 0x00, 0xEF, 0xF5, 0x00, 0x00, 0x00, 0x00, 0x00, 0x00, 0x0D, 0xFF, 0x30, 0x00, 0x00, 0x00, 0x00,
    0x00, 0x00, 0x00, 0x00, 0x00, 0x00, 0x00, 0x00, 0x00, 0x00, 0x00, 0x00, 0x00, 0x00, 0x00, 0x00, 0x00, 0x00, 0x00, 0x00,
    0x00, 0x00, 0x00, 0x00, 0x00, 0x00, 0x00, 0x00, 0x00, 0x00, 0x00, 0x00, 0x00, 0x00, 0x00, 0x00, 0x00, 0x00, 0x00, 0x00,
    0x00, 0x00, 0x00, 0x00, 0x00, 0x00, 0x00, 0x00, 0x00, 0x00, 0x00, 0x00, 0x00, 0x00, 0x00, 0x00, 0x00, 0x00, 0x00, 0x00,
    0x00, 0x00, 0x00, 0x00, 0x00, 0x00, 0x00, 0x00, 0x00, 0x00, 0x00, 0x00, 0x00, 0x00, 0x00, 0x00, 0x00, 0x00, 0x00, 0x00,
    0x00, 0x00, 0x00, 0x00, 0x00, 0x00, 0x00, 0x00, 0x00, 0x00, 0x00, 0x00, 0x00, 0x00, 0x00, 0x00, 0x00, 0x00, 0x00, 0x00,
    0x00, 0x00, 0x00, 0x00, 0x00, 0x00, 0x00, 0x00, 0x00, 0x00, 0x00, 0x00, 0x00, 0x00, 0x00, 0x00, 0x00, 0x00, 0x00, 0x00,
    0x00, 0x00, 0x00, 0x00, 0x00, 0x00, 0x00, 0x00, 0x00, 0x00, 0x00, 0x00, 0x00, 0x00, 0x00, 0x00, 0x00, 0x00, 0x00, 0x00,
    0x00, 0x00, 0x00, 0x00, 0x00, 0x00, 0x00, 0x00, 0x00, 0x00, 0x00, 0x00, 0x00, 0x00, 0x00, 0x00, 0x00, 0x00, 0x00, 0x00,
    0x00, 0x00, 0x00, 0x00, 0x7F, 0xFF, 0x90, 0x00, 0x00, 0x00, 0x00, 0x00, 0x00, 0x00, 0x08, 0xFF, 0xFA, 0x00, 0x00, 0x00,
    0x00, 0x00, 0x00, 0x00, 0x00, 0x8F, 0xFF, 0xA0, 0x00, 0x00, 0x00, 0x00, 0x00, 0x00, 0x00, 0x08, 0xFF, 0xFA, 0x00, 0x00,
    0x00, 0x00, 0x00, 0x00, 0x00, 0x00, 0x8F, 0xFF, 0xA0, 0x00, 0x00, 0x00, 0x00, 0x00, 0x00, 0x00, 0x08, 0xFF, 0xFA, 0x00,
    0x00, 0x00, 0x00, 0x00, 0x00, 0x00, 0x00, 0x8F, 0xFF, 0xA0, 0x00, 0x00, 0x00, 0x00, 0x7C, 0xCC, 0xCC, 0xCE, 0xFF, 0xFE,
    0xCC, 0xCC, 0xCC, 0x80, 0x0B, 0xFF, 0xFF, 0xFF, 0xFF, 0xFF, 0xFF, 0xFF, 0xFF, 0xFC, 0x00, 0xBF, 0xFF, 0xFF, 0xFF, 0xFF,
    0xFF, 0xFF, 0xFF, 0xFF, 0xC0, 0x0B, 0xFF, 0xFF, 0xFF, 0xFF, 0xFF, 0xFF, 0xFF, 0xFF, 0xFC, 0x00, 0x9F, 0xFF, 0xFF, 0xFF,
    0xFF, 0xFF, 0xFF, 0xFF, 0xFF, 0xB0, 0x00, 0x00, 0x00, 0x00, 0x8F, 0xFF, 0xA0, 0x00, 0x00, 0x00, 0x00, 0x00, 0x00, 0x00,
    0x08, 0xFF, 0xFA, 0x00, 0x00, 0x00, 0x00, 0x00, 0x00, 0x00, 0x00, 0x8F, 0xFF, 0xA0, 0x00, 0x00, 0x00, 0x00, 0x00, 0x00,
    0x00, 0x08, 0xFF, 0xFA, 0x00, 0x00, 0x00, 0x00, 0x00, 0x00, 0x00, 0x00, 0x8F, 0xFF, 0xA0, 0x00, 0x00, 0x00, 0x00, 0x00,
    0x00, 0x00, 0x08, 0xFF, 0xFA, 0x00, 0x00, 0x00, 0x00, 0x00, 0x00, 0x00, 0x00, 0x7F, 0xFF, 0x90, 0x00, 0x00, 0x00, 0x00,
    0x00, 0x00, 0x00, 0x00, 0x00, 0x00, 0x00, 0x00, 0x00, 0x00, 0x00, 0x00, 0x00, 0x00, 0x00, 0x00, 0x00, 0x00, 0x00, 0x00,
    0x00, 0x00, 0x00, 0x00, 0x00, 0x00, 0x00, 0x00, 0x00, 0x00, 0x00, 0x00, 0x00, 0x00, 0x00, 0x00, 0x00, 0x00, 0x00, 0x00,
    0x00, 0x00, 0x00, 0x00, 0x00, 0x00, 0x00, 0x00, 0x00, 0x00, 0x00, 0x00, 0x00, 0x00, 0x00, 0x00, 0x00, 0x00, 0x00, 0x00,
    0x00, 0x00, 0x00, 0x00, 0x2F, 0xFF, 0xFA, 0x00, 0x00, 0x4F, 0xFF, 0xF8, 0x00, 0x00, 0x6F, 0xFF, 0xF5, 0x00, 0x00, 0x8F,
    0xFF, 0xF2, 0x00, 0x00, 0x9F, 0xFF, 0xD0, 0x00, 0x00, 0xBF, 0xFF, 0xA0, 0x00, 0x00, 0xDF, 0xFF, 0x70, 0x00, 0x00, 0xFF,
    0xFF, 0x40, 0x00, 0x01, 0xFF, 0xFF, 0x10, 0x00, 0x03, 0xFF, 0xFC, 0x00, 0x00, 0x05, 0xFF, 0xF9, 0x00, 0x00, 0x05, 0xFF,
    0xF5, 0x00, 0x00, 0x07, 0xCC, 0xCC, 0xCC, 0xCC, 0xCC, 0xCC, 0x20, 0x0B, 0xFF, 0xFF, 0xFF, 0xFF, 0xFF, 0xFF, 0x40, 0x0B,
    0xFF, 0xFF, 0xFF, 0xFF, 0xFF, 0xFF, 0x40, 0x0B, 0xFF, 0xFF, 0xFF, 0xFF, 0xFF, 0xFF, 0x40, 0x09, 0xFF, 0xFF, 0xFF, 0xFF,
    0xFF, 0xFF, 0x30, 0x00, 0x00, 0x00, 0x00, 0x00, 0x00, 0x00, 0x00, 0x00, 0x00, 0x00, 0x00, 0x00, 0x00, 0x00, 0x00, 0x00,
    0x00, 0x00, 0x00, 0x00, 0x00, 0x00, 0x00, 0x00, 0x00, 0x00, 0x00, 0x00, 0x00, 0x00, 0x00, 0x00, 0x00, 0x00, 0x00, 0x00,
    0x00, 0x00, 0x00, 0x00, 0x00, 0x00, 0x00, 0x00, 0x00, 0x00, 0x00, 0x00, 0x00, 0x00, 0x00, 0x00, 0x00, 0x00, 0x00, 0x00,
    0x00, 0x00, 0x00, 0x00, 0x00, 0x00, 0x00, 0x00, 0x00, 0x00, 0x00, 0x00, 0x00, 0x00, 0x00, 0x00, 0x00, 0x00, 0x00, 0x00,
    0x00, 0x00, 0x00, 0x00, 0x00, 0x00, 0x00, 0x00, 0x00, 0x00, 0x00, 0x00, 0x00, 0x00, 0x00, 0x00, 0x00, 0x00, 0x00, 0x00,
    0x19, 0xDE, 0xA1, 0x00, 0x00, 0xBF, 0xFF, 0xFC, 0x00, 0x02, 0xFF, 0xFF, 0xFF, 0x40, 0x04, 0xFF, 0xFF, 0xFF, 0x60, 0x02,
    0xFF, 0xFF, 0xFF, 0x40, 0x00, 0xBF, 0xFF, 0xFC, 0x00, 0x00, 0x19, 0xDE, 0xA1, 0x00, 0x00, 0x00, 0x00, 0x00, 0x00, 0x2E,
    0xFF, 0xFF, 0x40, 0x00, 0x00, 0x00, 0x00, 0x00, 0x07, 0xFF, 0xFF, 0xF2, 0x00, 0x00, 0x00, 0x00, 0x00, 0x00, 0xBF, 0xFF,
    0xFC, 0x00, 0x00, 0x00, 0x00, 0x00, 0x00, 0x1F, 0xFF, 0xFF, 0x80, 0x00, 0x00, 0x00, 0x00, 0x00, 0x05, 0xFF, 0xFF, 0xF3,
    0x00, 0x00, 0x00, 0x00, 0x00, 0x00, 0xAF, 0xFF, 0xFE, 0x00, 0x00, 0x00, 0x00, 0x00, 0x00, 0x0E, 0xFF, 0xFF, 0x90, 0x00,
    0x00, 0x00, 0x00, 0x00, 0x04, 0xFF, 0xFF, 0xF5, 0x00, 0x00, 0x00, 0x00, 0x00, 0x00, 0x8F, 0xFF, 0xFF, 0x10, 0x00, 0x00,
    0x00, 0x00, 0x00, 0x0D, 0xFF, 0xFF, 0xB0, 0x00, 0x00, 0x00, 0x00, 0x00, 0x02, 0xFF, 0xFF, 0xF6, 0x00, 0x00, 0x00, 0x00,
    0x00, 0x00, 0x7F, 0xFF, 0xFF, 0x20, 0x00, 0x00, 0x00, 0x00, 0x00, 0x0B, 0xFF, 0xFF, 0xC0, 0x00, 0x00, 0x00, 0x00, 0x00,
    0x01, 0xFF, 0xFF, 0xF8, 0x00, 0x00, 0x00, 0x00, 0x00, 0x00, 0x5F, 0xFF, 0xFF, 0x30, 0x00, 0x00, 0x00, 0x00, 0x00, 0x0A,
    0xFF, 0xFF, 0xE0, 0x00, 0x00, 0x00, 0x00, 0x00, 0x00, 0xEF, 0xFF, 0xF9, 0x00, 0x00, 0x00, 0x00, 0x00, 0x00, 0x4F, 0xFF,
    0xFF, 0x50, 0x00, 0x00, 0x00, 0x00, 0x00, 0x08, 0xFF, 0xFF, 0xF1, 0x00, 0x00, 0x00, 0x00, 0x00, 0x00, 0xDF, 0xFF, 0xFB,
    0x00, 0x00, 0x00, 0x00, 0x00, 0x00, 0x2F, 0xFF, 0xFF, 0x60, 0x00, 0x00, 0x00, 0x00, 0x00, 0x07, 0xFF, 0xFF, 0xF2, 0x00,
    0x00, 0x00, 0x00, 0x00, 0x00, 0xBF, 0xFF, 0xFD, 0x00, 0x00, 0x00, 0x00, 0x00, 0x00, 0x1F, 0xFF, 0xFF, 0x80, 0x00, 0x00,
    0x00, 0x00, 0x00, 0x05, 0xFF, 0xFF, 0xF3, 0x00, 0x00, 0x00, 0x00, 0x00, 0x00, 0xAF, 0xFF, 0xFE, 0x00, 0x00, 0x00, 0x00,
    0x00, 0x00, 0x0E, 0xFF, 0xFF, 0xA0, 0x00, 0x00, 0x00, 0x00, 0x00, 0x04, 0xFF, 0xFF, 0xF5, 0x00, 0x00, 0x00, 0x00, 0x00,
    0x00, 0x8F, 0xFF, 0xFF, 0x10, 0x00, 0x00, 0x00, 0x00, 0x00, 0x0D, 0xFF, 0xFF, 0xB0, 0x00, 0x00, 0x00, 0x00, 0x00, 0x02,
    0xFF, 0xFF, 0xF7, 0x00, 0x00, 0x00, 0x00, 0x00, 0x00, 0x7F, 0xFF, 0xFF, 0x20, 0x00, 0x00, 0x00, 0x00, 0x00, 0x0B, 0xFF,
    0xFF, 0xD0, 0x00, 0x00, 0x00, 0x00, 0x00, 0x00, 0xEF, 0xFF, 0xF7, 0x00, 0x00, 0x00, 0x00, 0x00, 0x00, 0x00, 0x00, 0x00,
    0x17, 0xBD, 0xFE, 0xD9, 0x50, 0x00, 0x00, 0x00, 0x00, 0x00, 0x07, 0xEF, 0xFF, 0xFF, 0xFF, 0xFC, 0x30, 0x00, 0x00, 0x00,
    0x00, 0xAF, 0xFF, 0xFF, 0xFF, 0xFF, 0xFF, 0xE4, 0x00, 0x00, 0x00, 0x08, 0xFF, 0xFF, 0xFF, 0xFF, 0xFF, 0xFF, 0xFE, 0x20,
    0x00, 0x00, 0x2F, 0xFF, 0xFF, 0xFF, 0xDE, 0xFF, 0xFF, 0xFF, 0xA0, 0x00, 0x00, 0x8F, 0xFF, 0xFF, 0xB1, 0x00, 0x4E, 0xFF,
    0xFF, 0xF2, 0x00, 0x00, 0xDF, 0xFF, 0xFE, 0x10, 0x00, 0x06, 0xFF, 0xFF, 0xF7, 0x00, 0x01, 0xFF, 0xFF, 0xF9, 0x00, 0x00,
    0x00, 0xFF, 0xFF, 0xFA, 0x00, 0x02, 0xFF, 0xFF, 0xF7, 0x00, 0x00, 0x00, 0xDF, 0xFF, 0xFB, 0x00, 0x03, 0xFF, 0xFF, 0xF6,
    0x00, 0x00, 0x00, 0xCF, 0xFF, 0xFC, 0x00, 0x03, 0xFF, 0xFF, 0xF6, 0x00, 0x00, 0x00, 0xCF, 0xFF, 0xFC, 0x00, 0x03, 0xFF,
    0xFF, 0xF6, 0x00, 0x00, 0x00, 0xCF, 0xFF, 0xFC, 0x00, 0x03, 0xFF, 0xFF, 0xF6, 0x00, 0x00, 0x00, 0xCF, 0xFF, 0xFC, 0x00,
    0x03, 0xFF, 0xFF, 0xF6, 0x00, 0x00, 0x00, 0xCF, 0xFF, 0xFC, 0x00, 0x03, 0xFF, 0xFF, 0xF6, 0x00, 0x00, 0x00, 0xCF, 0xFF,
    0xFC, 0x00, 0x03, 0xFF, 0xFF, 0xF6, 0x00, 0x00, 0x00, 0xCF, 0xFF, 0xFC, 0x00, 0x03, 0xFF, 0xFF, 0xF6, 0x00, 0x00, 0x00,
    0xCF, 0xFF, 0xFC, 0x00, 0x03, 0xFF, 0xFF, 0xF6, 0x00, 0x00, 0x00, 0xCF, 0xFF, 0xFC, 0x00, 0x03, 0xFF, 0xFF, 0xF6, 0x00,
    0x00, 0x00, 0xCF, 0xFF, 0xFC, 0x00, 0x03, 0xFF, 0xFF, 0xF6, 0x00, 0x00, 0x00, 0xCF, 0xFF, 0xFC, 0x00, 0x03, 0xFF, 0xFF,
    0xF6, 0x00, 0x00, 0x00, 0xCF, 0xFF, 0xFC, 0x00, 0x03, 0xFF, 0xFF, 0xF6, 0x00, 0x00, 0x00, 0xCF, 0xFF, 0xFC, 0x00, 0x03,
    0xFF, 0xFF, 0xF6, 0x00, 0x00, 0x00, 0xCF, 0xFF, 0xFC, 0x00, 0x03, 0xFF, 0xFF, 0xF6, 0x00, 0x00, 0x00, 0xCF, 0xFF, 0xFC,
    0x00, 0x03, 0xFF, 0xFF, 0xF6, 0x00, 0x00, 0x00, 0xCF, 0xFF, 0xFC, 0x00, 0x02, 0xFF, 0xFF, 0xF7, 0x00, 0x00, 0x00, 0xDF,
    0xFF, 0xFB, 0x00, 0x01, 0xFF, 0xFF, 0xF9, 0x00, 0x00, 0x00, 0xFF, 0xFF, 0xFA, 0x00, 0x00, 0xDF, 0xFF, 0xFE, 0x10, 0x00,
    0x06, 0xFF, 0xFF, 0xF7, 0x00, 0x00, 0x8F, 0xFF, 0xFF, 0xB1, 0x00, 0x4E, 0xFF, 0xFF, 0xF2, 0x00, 0x00, 0x2F, 0xFF, 0xFF,
    0xFF, 0xDE, 0xFF, 0xFF, 0xFF, 0xA0, 0x00, 0x00, 0x08, 0xFF, 0xFF, 0xFF, 0xFF, 0xFF, 0xFF, 0xFE, 0x20, 0x00, 0x00, 0x00,
    0xAF, 0xFF, 0xFF, 0xFF, 0xFF, 0xFF, 0xE4, 0x00, 0x00, 0x00, 0x00, 0x07, 0xEF, 0xFF, 0xFF, 0xFF, 0xFC, 0x30, 0x00, 0x00,
    0x00, 0x00, 0x00, 0x17, 0xBE, 0xFE, 0xD9, 0x50, 0x00, 0x00, 0x00, 0x00, 0x02, 0x8E, 0xFF, 0xFF, 0xE0, 0x00, 0x3A, 0xFF,
    0xFF, 0xFF, 0xFF, 0x10, 0x6F, 0xFF, 0xFF, 0xFF, 0xFF, 0xF1, 0x07, 0xFF, 0xFF, 0xFF, 0xFF, 0xFF, 0x10, 0x7F, 0xFF, 0xFF,
    0xFF, 0xFF, 0xF1, 0x06, 0xFF, 0xFE, 0xEF, 0xFF, 0xFF, 0x10, 0x28, 0x52, 0x08, 0xFF, 0xFF, 0xF1, 0x00, 0x00, 0x00, 0x8F,
    0xFF, 0xFF, 0x10, 0x00, 0x00, 0x08, 0xFF, 0xFF, 0xF1, 0x00, 0x00, 0x00, 0x8F, 0xFF, 0xFF, 0x10, 0x00, 0x00, 0x08, 0xFF,
    0xFF, 0xF1, 0x00, 0x00, 0x00, 0x8F, 0xFF, 0xFF, 0x10, 0x00, 0x00, 0x08, 0xFF, 0xFF, 0xF1, 0x00, 0x00, 0x00, 0x8F, 0xFF,
    0xFF, 0x10, 0x00, 0x00, 0x08, 0xFF, 0xFF, 0xF1, 0x00, 0x00, 0x00, 0x8F, 0xFF, 0xFF, 0x10, 0x00, 0x00, 0x08, 0xFF, 0xFF,
    0xF1, 0x00, 0x00, 0x00, 0x8F, 0xFF, 0xFF, 0x10, 0x00, 0x00, 0x08, 0xFF, 0xFF, 0xF1, 0x00, 0x00, 0x00, 0x8F, 0xFF, 0xFF,
    0x10, 0x00, 0x00, 0x08, 0xFF, 0xFF, 0xF1, 0x00, 0x00, 0x00, 0x8F, 0xFF, 0xFF, 0x10, 0x00, 0x00, 0x08, 0xFF, 0xFF, 0xF1,
    0x00, 0x00, 0x00, 0x8F, 0xFF, 0xFF, 0x10, 0x00, 0x00, 0x08, 0xFF, 0xFF, 0xF1, 0x00, 0x00, 0x00, 0x8F, 0xFF, 0xFF, 0x10,
    0x00, 0x00, 0x08, 0xFF, 0xFF, 0xF1, 0x00, 0x00, 0x00, 0x8F, 0xFF, 0xFF, 0x10, 0x00, 0x00, 0x08, 0xFF, 0xFF, 0xF1, 0x00,
    0x00, 0x00, 0x8F, 0xFF, 0xFF, 0x10, 0x00, 0x00, 0x08, 0xFF, 0xFF, 0xF1, 0x00, 0x00, 0x00, 0x8F, 0xFF, 0xFF, 0x10, 0x00,
    0x00, 0x08, 0xFF, 0xFF, 0xF1, 0x00, 0x00, 0x00, 0x6F, 0xFF, 0xFE, 0x00, 0x00, 0x00, 0x00, 0x49, 0xDE, 0xFD, 0xB6, 0x10,
    0x00, 0x00, 0x00, 0x00, 0x2B, 0xFF, 0xFF, 0xFF, 0xFF, 0xE5, 0x00, 0x00, 0x00, 0x03, 0xEF, 0xFF, 0xFF, 0xFF, 0xFF, 0xFF,
    0x60, 0x00, 0x00, 0x1D, 0xFF, 0xFF, 0xFF, 0xFF, 0xFF, 0xFF, 0xF3, 0x00, 0x00, 0x8F, 0xFF, 0xFF, 0xFD, 0xDF, 0xFF, 0xFF,
    0xFB, 0x00, 0x01, 0xEF, 0xFF, 0xFF, 0x40, 0x04, 0xEF, 0xFF, 0xFF, 0x20, 0x04, 0xFF, 0xFF, 0xF8, 0x00, 0x00, 0x7F, 0xFF,
    0xFF, 0x60, 0x07, 0xFF, 0xFF, 0xF3, 0x00, 0x00, 0x1F, 0xFF, 0xFF, 0x90, 0x09, 0xFF, 0xFF, 0xF1, 0x00, 0x00, 0x0E, 0xFF,
    0xFF, 0xA0, 0x09, 0xFF, 0xFF, 0xF1, 0x00, 0x00, 0x0E, 0xFF, 0xFF, 0xA0, 0x09, 0xFF, 0xFF, 0xF1, 0x00, 0x00, 0x1F, 0xFF,
    0xFF, 0x90, 0x01, 0x33, 0x33, 0x20, 0x00, 0x00, 0x5F, 0xFF, 0xFF, 0x70, 0x00, 0x00, 0x00, 0x00, 0x00, 0x00, 0xAF, 0xFF,
    0xFF, 0x30, 0x00, 0x00, 0x00, 0x00, 0x00, 0x02, 0xFF, 0xFF, 0xFE, 0x00, 0x00, 0x00, 0x00, 0x00, 0x00, 0x08, 0xFF, 0xFF,
    0xF9, 0x00, 0x00, 0x00, 0x00, 0x00, 0x00, 0x2F, 0xFF, 0xFF, 0xF2, 0x00, 0x00, 0x00, 0x00, 0x00, 0x00, 0xAF, 0xFF, 0xFF,
    0xA0, 0x00, 0x00, 0x00, 0x00, 0x00, 0x04, 0xFF, 0xFF, 0xFE, 0x20, 0x00, 0x00, 0x00, 0x00, 0x00, 0x1D, 0xFF, 0xFF, 0xF7,
    0x00, 0x00, 0x00, 0x00, 0x00, 0x00, 0x8F, 0xFF, 0xFF, 0xC0, 0x00, 0x00, 0x00, 0x00, 0x00, 0x04, 0xFF, 0xFF, 0xFF, 0x30,
    0x00, 0x00, 0x00, 0x00, 0x00, 0x1D, 0xFF, 0xFF, 0xF7, 0x00, 0x00, 0x00, 0x00, 0x00, 0x00, 0xAF, 0xFF, 0xFF, 0xC0, 0x00,
    0x00, 0x00, 0x00, 0x00, 0x06, 0xFF, 0xFF, 0xFE, 0x20, 0x00, 0x00, 0x00, 0x00, 0x00, 0x2E, 0xFF, 0xFF, 0xF6, 0x00, 0x00,
    0x00, 0x00, 0x00, 0x00, 0xCF, 0xFF, 0xFF, 0xA0, 0x00, 0x00, 0x00, 0x00, 0x00, 0x08, 0xFF, 0xFF, 0xFD, 0x10, 0x00, 0x00,
    0x00, 0x00, 0x00, 0x4F, 0xFF, 0xFF, 0xF3, 0x00, 0x00, 0x00, 0x00, 0x00, 0x01, 0xEF, 0xFF, 0xFF, 0x70, 0x00, 0x00, 0x00,
    0x00, 0x00, 0x07, 0xFF, 0xFF, 0xFF, 0xDC, 0xCC, 0xCC, 0xCC, 0xCC, 0xC3, 0x08, 0xFF, 0xFF, 0xFF, 0xFF, 0xFF, 0xFF, 0xFF,
    0xFF, 0xF6, 0x08, 0xFF, 0xFF, 0xFF, 0xFF, 0xFF, 0xFF, 0xFF, 0xFF, 0xF6, 0x08, 0xFF, 0xFF, 0xFF, 0xFF, 0xFF, 0xFF, 0xFF,
    0xFF, 0xF6, 0x06, 0xFF, 0xFF, 0xFF, 0xFF, 0xFF, 0xFF, 0xFF, 0xFF, 0xF4, 0x02, 0xFF, 0xFF, 0xFF, 0xFF, 0xFF, 0xFF, 0xFF,
    0xFF, 0x60, 0x03, 0xFF, 0xFF, 0xFF, 0xFF, 0xFF, 0xFF, 0xFF, 0xFF, 0x70, 0x03, 0xFF, 0xFF, 0xFF, 0xFF, 0xFF, 0xFF, 0xFF,
    0xFF, 0x70, 0x03, 0xFF, 0xFF, 0xFF, 0xFF, 0xFF, 0xFF, 0xFF, 0xFF, 0x70, 0x02, 0xCC, 0xCC, 0xCC, 0xCC, 0xCD, 0xFF, 0xFF,
    0xFF, 0x60, 0x00, 0x00, 0x00, 0x00, 0x00, 0x0A, 0xFF, 0xFF, 0xFD, 0x10, 0x00, 0x00, 0x00, 0x00, 0x00, 0x6F, 0xFF, 0xFF,
    0xF4, 0x00, 0x00, 0x00, 0x00, 0x00, 0x02, 0xEF, 0xFF, 0xFF, 0x70, 0x00, 0x00, 0x00, 0x00, 0x00, 0x0C, 0xFF, 0xFF, 0xFB,
    0x00, 0x00, 0x00, 0x00, 0x00, 0x00, 0x9F, 0xFF, 0xFF, 0xE2, 0x00, 0x00, 0x00, 0x00, 0x00, 0x05, 0xFF, 0xFF, 0xFF, 0x50,
    0x00, 0x00, 0x00, 0x00, 0x00, 0x2E, 0xFF, 0xFF, 0xF9, 0x00, 0x00, 0x00, 0x00, 0x00, 0x00, 0xCF, 0xFF, 0xFF, 0xD0, 0x00,
    0x00, 0x00, 0x00, 0x00, 0x06, 0xFF, 0xFF, 0xFF, 0xFE, 0x81, 0x00, 0x00, 0x00, 0x00, 0x01, 0xCF, 0xFF, 0xFF, 0xFF, 0xFC,
    0x10, 0x00, 0x00, 0x00, 0x00, 0x1C, 0xFF, 0xEF, 0xFF, 0xFF, 0xA0, 0x00, 0x00, 0x00, 0x00, 0x01, 0x61, 0x05, 0xEF, 0xFF,
    0xF5, 0x00, 0x00, 0x00, 0x00, 0x00, 0x00, 0x00, 0x7F, 0xFF, 0xFA, 0x00, 0x00, 0x00, 0x00, 0x00, 0x00, 0x00, 0x2F, 0xFF,
    0xFF, 0x10, 0x00, 0x00, 0x00, 0x00, 0x00, 0x00, 0x0E, 0xFF, 0xFF, 0x40, 0x00, 0x00, 0x00, 0x00, 0x00, 0x00, 0x0D, 0xFF,
    0xFF, 0x60, 0x00, 0x00, 0x00, 0x00, 0x00, 0x00, 0x0C, 0xFF, 0xFF, 0x70, 0x00, 0x00, 0x00, 0x00, 0x00, 0x00, 0x0B, 0xFF,
    0xFF, 0x80, 0x08, 0xEE, 0xEE, 0xB0, 0x00, 0x00, 0x0C, 0xFF, 0xFF, 0x80, 0x09, 0xFF, 0xFF, 0xF0, 0x00, 0x00, 0x0C, 0xFF,
    0xFF, 0x80, 0x08, 0xFF, 0xFF, 0xF1, 0x00, 0x00, 0x0E, 0xFF, 0xFF, 0x70, 0x07, 0xFF, 0xFF, 0xF3, 0x00, 0x00, 0x1F, 0xFF,
    0xFF, 0x50, 0x05, 0xFF, 0xFF, 0xF8, 0x00, 0x00, 0x6F, 0xFF, 0xFF, 0x20, 0x02, 0xFF, 0xFF, 0xFF, 0x50, 0x03, 0xEF, 0xFF,
    0xFE, 0x00, 0x00, 0xBF, 0xFF, 0xFF, 0xFE, 0xDF, 0xFF, 0xFF, 0xF8, 0x00, 0x00, 0x3F, 0xFF, 0xFF, 0xFF, 0xFF, 0xFF, 0xFF,
    0xE1, 0x00, 0x00, 0x06, 0xFF, 0xFF, 0xFF, 0xFF, 0xFF, 0xFF, 0x50, 0x00, 0x00, 0x00, 0x5E, 0xFF, 0xFF, 0xFF, 0xFF, 0xE4,
    0x00, 0x00, 0x00, 0x00, 0x01, 0x6A, 0xDE, 0xFE, 0xB6, 0x10, 0x00, 0x00, 0x00, 0x00, 0x00, 0x06, 0xFF, 0xFF, 0xF6, 0x00,
    0x00, 0x00, 0x00, 0x00, 0x00, 0x00, 0x0B, 0xFF, 0xFF, 0xF3, 0x00, 0x00, 0x00, 0x00, 0x00, 0x00, 0x00, 0x1F, 0xFF, 0xFF,
    0xD0, 0x00, 0x00, 0x00, 0x00, 0x00, 0x00, 0x00, 0x6F, 0xFF, 0xFF, 0x90, 0x00, 0x00, 0x00, 0x00, 0x00, 0x00, 0x00, 0xBF,
    0xFF, 0xFF, 0x40, 0x00, 0x00, 0x00, 0x00, 0x00, 0x00, 0x01, 0xFF, 0xFF, 0xFE, 0x00, 0x00, 0x00, 0x00, 0x00, 0x00, 0x00,
    0x06, 0xFF, 0xFF, 0xF9, 0x00, 0x00, 0x00, 0x00, 0x00, 0x00, 0x00, 0x0B, 0xFF, 0xFF, 0xF5, 0x00, 0x00, 0x00, 0x00, 0x00,
    0x00, 0x00, 0x1F, 0xFF, 0xFF, 0xE0, 0x00, 0x00, 0x00, 0x00, 0x00, 0x00, 0x00, 0x6F, 0xFF, 0xFF, 0xA0, 0x00, 0x00, 0x00,
    0x00, 0x00, 0x00, 0x00, 0xBF, 0xFF, 0xFF, 0x50, 0x00, 0x00, 0x00, 0x00, 0x00, 0x00, 0x01, 0xFF, 0xFF, 0xFF, 0x10, 0x00,
    0x00, 0x00, 0x00, 0x00, 0x00, 0x06, 0xFF, 0xFF, 0xFB, 0x00, 0x00, 0x00, 0x00, 0x00, 0x00, 0x00, 0x0B, 0xFF, 0xFF, 0xF6,
    0x00, 0x00, 0x00, 0x00, 0x00, 0x00, 0x00, 0x1F, 0xFF, 0xFF, 0xF1, 0x00, 0x07, 0xFF, 0xFF, 0xE0, 0x00, 0x00, 0x6F, 0xFF,
    0xFF, 0xB0, 0x00, 0x08, 0xFF, 0xFF, 0xF0, 0x00, 0x00, 0xBF, 0xFF, 0xFF, 0x60, 0x00, 0x08, 0xFF, 0xFF, 0xF0, 0x00, 0x01,
    0xFF, 0xFF, 0xFF, 0x20, 0x00, 0x08, 0xFF, 0xFF, 0xF0, 0x00, 0x06, 0xFF, 0xFF, 0xFC, 0x00, 0x00, 0x08, 0xFF, 0xFF, 0xF0,
    0x00, 0x0B, 0xFF, 0xFF, 0xF7, 0x00, 0x00, 0x08, 0xFF, 0xFF, 0xF0, 0x00, 0x1F, 0xFF, 0xFF, 0xFD, 0xCC, 0xCC, 0xCE, 0xFF,
    0xFF, 0xFD, 0xC2, 0x3F, 0xFF, 0xFF, 0xFF, 0xFF, 0xFF, 0xFF, 0xFF, 0xFF, 0xFF, 0xF4, 0x3F, 0xFF, 0xFF, 0xFF, 0xFF, 0xFF,
    0xFF, 0xFF, 0xFF, 0xFF, 0xF4, 0x3F, 0xFF, 0xFF, 0xFF, 0xFF, 0xFF, 0xFF, 0xFF, 0xFF, 0xFF, 0xF4, 0x2F, 0xFF, 0xFF, 0xFF,
    0xFF, 0xFF, 0xFF, 0xFF, 0xFF, 0xFF, 0xF3, 0x00, 0x00, 0x00, 0x00, 0x00, 0x00, 0x09, 0xFF, 0xFF, 0xF0, 0x00, 0x00, 0x00,
    0x00, 0x00, 0x00, 0x00, 0x08, 0xFF, 0xFF, 0xF0, 0x00, 0x00, 0x00, 0x00, 0x00, 0x00, 0x00, 0x08, 0xFF, 0xFF, 0xF0, 0x00,
    0x00, 0x00, 0x00, 0x00, 0x00, 0x00, 0x08, 0xFF, 0xFF, 0xF0, 0x00, 0x00, 0x00, 0x00, 0x00, 0x00, 0x00, 0x08, 0xFF, 0xFF,
    0xF0, 0x00, 0x00, 0x00, 0x00, 0x00, 0x00, 0x00, 0x08, 0xFF, 0xFF, 0xF0, 0x00, 0x00, 0x00, 0x00, 0x00, 0x00, 0x00, 0x08,
    0xFF, 0xFF, 0xF0, 0x00, 0x00, 0x00, 0x00, 0x00, 0x00, 0x00, 0x08, 0xFF, 0xFF, 0xF0, 0x00, 0x00, 0x00, 0x00, 0x00, 0x00,
    0x00, 0x07, 0xFF, 0xFF, 0xE0, 0x00, 0x01, 0xEF, 0xFF, 0xFF, 0xFF, 0xFF, 0xFF, 0xFF, 0xFF, 0x90, 0x00, 0x2F, 0xFF, 0xFF,
    0xFF, 0xFF, 0xFF, 0xFF, 0xFF, 0xFA, 0x00, 0x02, 0xFF, 0xFF, 0xFF, 0xFF, 0xFF, 0xFF, 0xFF, 0xFF, 0xA0, 0x00, 0x2F, 0xFF,
    0xFF, 0xFF, 0xFF, 0xFF, 0xFF, 0xFF, 0xFA, 0x00, 0x02, 0xFF, 0xFF, 0xFE, 0xCC, 0xCC, 0xCC, 0xCC, 0xCC, 0x70, 0x00, 0x2F,
    0xFF, 0xFF, 0x70, 0x00, 0x00, 0x00, 0x00, 0x00, 0x00, 0x02, 0xFF, 0xFF, 0xF7, 0x00, 0x00, 0x00, 0x00, 0x00, 0x00, 0x00,
    0x2F, 0xFF, 0xFF, 0x70, 0x00, 0x00, 0x00, 0x00, 0x00, 0x00, 0x02, 0xFF, 0xFF, 0xF7, 0x00, 0x00, 0x00, 0x00, 0x00, 0x00,
    0x00, 0x2F, 0xFF, 0xFF, 0x70, 0x00, 0x00, 0x00, 0x00, 0x00, 0x00, 0x02, 0xFF, 0xFF, 0xF7, 0x00, 0x00, 0x00, 0x00, 0x00,
    0x00, 0x00, 0x2F, 0xFF, 0xFF, 0x70, 0x00, 0x00, 0x00, 0x00, 0x00, 0x00, 0x02, 0xFF, 0xFF, 0xF7, 0x00, 0x00, 0x00, 0x00,
    0x00, 0x00, 0x00, 0x2F, 0xFF, 0xFF, 0x70, 0x6B, 0xEF, 0xD9, 0x30, 0x00, 0x00, 0x02, 0xFF, 0xFF, 0xF8, 0xBF, 0xFF, 0xFF,
    0xFF, 0x70, 0x00, 0x00, 0x2F, 0xFF, 0xFF, 0xFF, 0xFF, 0xFF, 0xFF, 0xFF, 0x50, 0x00, 0x02, 0xFF, 0xFF, 0xFF, 0xFF, 0xFF,
    0xFF, 0xFF, 0xFE, 0x10, 0x00, 0x2F, 0xFF, 0xFF, 0xFF, 0xED, 0xFF, 0xFF, 0xFF, 0xF6, 0x00, 0x02, 0xFF, 0xFF, 0xFF, 0x80,
    0x01, 0xAF, 0xFF, 0xFF, 0xA0, 0x00, 0x2F, 0xFF, 0xFF, 0xB0, 0x00, 0x01, 0xEF, 0xFF, 0xFD, 0x00, 0x00, 0x67, 0x77, 0x72,
    0x00, 0x00, 0x0A, 0xFF, 0xFF, 0xF0, 0x00, 0x00, 0x00, 0x00, 0x00, 0x00, 0x00, 0x7F, 0xFF, 0xFF, 0x20, 0x00, 0x00, 0x00,
    0x00, 0x00, 0x00, 0x06, 0xFF, 0xFF, 0xF2, 0x00, 0x00, 0x00, 0x00, 0x00, 0x00, 0x00, 0x6F, 0xFF, 0xFF, 0x30, 0x00, 0x12,
    0x22, 0x20, 0x00, 0x00, 0x06, 0xFF, 0xFF, 0xF3, 0x00, 0x1F, 0xFF, 0xFF, 0x70, 0x00, 0x00, 0x7F, 0xFF, 0xFF, 0x20, 0x00,
    0xFF, 0xFF, 0xFA, 0x00, 0x00, 0x09, 0xFF, 0xFF, 0xF0, 0x00, 0x0C, 0xFF, 0xFF, 0xE1, 0x00, 0x01, 0xEF, 0xFF, 0xFD, 0x00,
    0x00, 0x9F, 0xFF, 0xFF, 0xB1, 0x01, 0xAF, 0xFF, 0xFF, 0xA0, 0x00, 0x03, 0xFF, 0xFF, 0xFF, 0xFD, 0xFF, 0xFF, 0xFF, 0xF5,
    0x00, 0x00, 0x0A, 0xFF, 0xFF, 0xFF, 0xFF, 0xFF, 0xFF, 0xFC, 0x00, 0x00, 0x00, 0x1D, 0xFF, 0xFF, 0xFF, 0xFF, 0xFF, 0xFE,
    0x20, 0x00, 0x00, 0x00, 0x1B, 0xFF, 0xFF, 0xFF, 0xFF, 0xFC, 0x20, 0x00, 0x00, 0x00, 0x00, 0x03, 0x9C, 0xEF, 0xEC, 0x94,
    0x00, 0x00, 0x00, 0x00, 0x00, 0x00, 0x38, 0xCE, 0xFE, 0xC8, 0x20, 0x00, 0x00, 0x00, 0x00, 0x01, 0xAF, 0xFF, 0xFF, 0xFF,
    0xFF, 0x80, 0x00, 0x00, 0x00, 0x01, 0xDF, 0xFF, 0xFF, 0xFF, 0xFF, 0xFF, 0xA0, 0x00, 0x00, 0x00, 0xBF, 0xFF, 0xFF, 0xFF,
    0xFF, 0xFF, 0xFF, 0x70, 0x00, 0x00, 0x5F, 0xFF, 0xFF, 0xFE, 0xDF, 0xFF, 0xFF, 0xFE, 0x10, 0x00, 0x0A, 0xFF, 0xFF, 0xFA,
    0x10, 0x2D, 0xFF, 0xFF, 0xF6, 0x00, 0x00, 0xEF, 0xFF, 0xFE, 0x10, 0x00, 0x4F, 0xFF, 0xFF, 0x90, 0x00, 0x1F, 0xFF, 0xFF,
    0x90, 0x00, 0x00, 0xEF, 0xFF, 0xFB, 0x00, 0x02, 0xFF, 0xFF, 0xF8, 0x00, 0x00, 0x0C, 0xFF, 0xFF, 0xB0, 0x00, 0x2F, 0xFF,
    0xFF, 0x70, 0x00, 0x00, 0x8C, 0xCC, 0xC8, 0x00, 0x02, 0xFF, 0xFF, 0xF7, 0x00, 0x00, 0x00, 0x00, 0x00, 0x00, 0x00, 0x2F,
    0xFF, 0xFF, 0x70, 0x00, 0x00, 0x00, 0x00, 0x00, 0x00, 0x02, 0xFF, 0xFF, 0xF7, 0x3A, 0xEF, 0xDA, 0x50, 0x00, 0x00, 0x00,
    0x2F, 0xFF, 0xFF, 0xCE, 0xFF, 0xFF, 0xFF, 0xB1, 0x00, 0x00, 0x02, 0xFF, 0xFF, 0xFF, 0xFF, 0xFF, 0xFF, 0xFF, 0xD1, 0x00,
    0x00, 0x2F, 0xFF, 0xFF, 0xFF, 0xFF, 0xFF, 0xFF, 0xFF, 0xA0, 0x00, 0x02, 0xFF, 0xFF, 0xFF, 0xFF, 0xDE, 0xFF, 0xFF, 0xFF,
    0x30, 0x00, 0x1F, 0xFF, 0xFF, 0xFB, 0x10, 0x1A, 0xFF, 0xFF, 0xF8, 0x00, 0x01, 0xFF, 0xFF, 0xFF, 0x10, 0x00, 0x1E, 0xFF,
    0xFF, 0xC0, 0x00, 0x1F, 0xFF, 0xFF, 0xB0, 0x00, 0x00, 0xAF, 0xFF, 0xFE, 0x00, 0x01, 0xFF, 0xFF, 0xFA, 0x00, 0x00, 0x08,
    0xFF, 0xFF, 0xF1, 0x00, 0x1F, 0xFF, 0xFF, 0x90, 0x00, 0x00, 0x7F, 0xFF, 0xFF, 0x20, 0x01, 0xFF, 0xFF, 0xF8, 0x00, 0x00,
    0x06, 0xFF, 0xFF, 0xF3, 0x00, 0x1F, 0xFF, 0xFF, 0x70, 0x00, 0x00, 0x6F, 0xFF, 0xFF, 0x40, 0x01, 0xFF, 0xFF, 0xF8, 0x00,
    0x00, 0x06, 0xFF, 0xFF, 0xF3, 0x00, 0x0F, 0xFF, 0xFF, 0x90, 0x00, 0x00, 0x7F, 0xFF, 0xFF, 0x30, 0x00, 0xDF, 0xFF, 0xFB,
    0x00, 0x00, 0x0A, 0xFF, 0xFF, 0xF2, 0x00, 0x0A, 0xFF, 0xFF, 0xF2, 0x00, 0x01, 0xEF, 0xFF, 0xFF, 0x00, 0x00, 0x7F, 0xFF,
    0xFF, 0xB1, 0x01, 0xBF, 0xFF, 0xFF, 0xB0, 0x00, 0x01, 0xFF, 0xFF, 0xFF, 0xFD, 0xFF, 0xFF, 0xFF, 0xF6, 0x00, 0x00, 0x08,
    0xFF, 0xFF, 0xFF, 0xFF, 0xFF, 0xFF, 0xFD, 0x00, 0x00, 0x00, 0x1C, 0xFF, 0xFF, 0xFF, 0xFF, 0xFF, 0xFE, 0x20, 0x00, 0x00,
    0x00, 0x19, 0xFF, 0xFF, 0xFF, 0xFF, 0xFC, 0x20, 0x00, 0x00, 0x00, 0x00, 0x03, 0x8C, 0xEF, 0xED, 0x94, 0x00, 0x00, 0x00,
    0x2E, 0xFF, 0xFF, 0xFF, 0xFF, 0xFF, 0xFF, 0xFF, 0xFF, 0x23, 0xFF, 0xFF, 0xFF, 0xFF, 0xFF, 0xFF, 0xFF, 0xFF, 0xF4, 0x3F,
    0xFF, 0xFF, 0xFF, 0xFF, 0xFF, 0xFF, 0xFF, 0xFF, 0x43, 0xFF, 0xFF, 0xFF, 0xFF, 0xFF, 0xFF, 0xFF, 0xFF, 0xF4, 0x3F, 0xFF,
    0xFD, 0xCC, 0xCC, 0xCC, 0xEF, 0xFF, 0xFF, 0x33, 0xFF, 0xFF, 0x50, 0x00, 0x00, 0x0D, 0xFF, 0xFF, 0xF1, 0x3F, 0xFF, 0xF5,
    0x00, 0x00, 0x02, 0xFF, 0xFF, 0xFB, 0x00, 0x66, 0x66, 0x10, 0x00, 0x00, 0x7F, 0xFF, 0xFF, 0x70, 0x00, 0x00, 0x00, 0x00,
    0x00, 0x0B, 0xFF, 0xFF, 0xF3, 0x00, 0x00, 0x00, 0x00, 0x00, 0x00, 0xEF, 0xFF, 0xFE, 0x00, 0x00, 0x00, 0x00, 0x00, 0x00,
    0x4F, 0xFF, 0xFF, 0x90, 0x00, 0x00, 0x00, 0x00, 0x00, 0x08, 0xFF, 0xFF, 0xF5, 0x00, 0x00, 0x00, 0x00, 0x00, 0x00, 0xDF,
    0xFF, 0xFF, 0x10, 0x00, 0x00, 0x00, 0x00, 0x00, 0x2F, 0xFF, 0xFF, 0xC0, 0x00, 0x00, 0x00, 0x00, 0x00, 0x06, 0xFF, 0xFF,
    0xF7, 0x00, 0x00, 0x00, 0x00, 0x00, 0x00, 0xAF, 0xFF, 0xFF, 0x30, 0x00, 0x00, 0x00, 0x00, 0x00, 0x0E, 0xFF, 0xFF, 0xE0,
    0x00, 0x00, 0x00, 0x00, 0x00, 0x04, 0xFF, 0xFF, 0xFA, 0x00, 0x00, 0x00, 0x00, 0x00, 0x00, 0x8F, 0xFF, 0xFF, 0x50, 0x00,
    0x00, 0x00, 0x00, 0x00, 0x0C, 0xFF, 0xFF, 0xF1, 0x00, 0x00, 0x00, 0x00, 0x00, 0x01, 0xFF, 0xFF, 0xFC, 0x00, 0x00, 0x00,
    0x00, 0x00, 0x00, 0x5F, 0xFF, 0xFF, 0x80, 0x00, 0x00, 0x00, 0x00, 0x00, 0x0A, 0xFF, 0xFF, 0xF4, 0x00, 0x00, 0x00, 0x00,
    0x00, 0x00, 0xEF, 0xFF, 0xFE, 0x00, 0x00, 0x00, 0x00, 0x00, 0x00, 0x3F, 0xFF, 0xFF, 0xA0, 0x00, 0x00, 0x00, 0x00, 0x00,
    0x07, 0xFF, 0xFF, 0xF6, 0x00, 0x00, 0x00, 0x00, 0x00, 0x00, 0xBF, 0xFF, 0xFF, 0x20, 0x00, 0x00, 0x00, 0x00, 0x00, 0x1F,
    0xFF, 0xFF, 0xC0, 0x00, 0x00, 0x00, 0x00, 0x00, 0x05, 0xFF, 0xFF, 0xF8, 0x00, 0x00, 0x00, 0x00, 0x00, 0x00, 0x9F, 0xFF,
    0xFF, 0x40, 0x00, 0x00, 0x00, 0x00, 0x00, 0x0D, 0xFF, 0xFF, 0xE0, 0x00, 0x00, 0x00, 0x00, 0x00, 0x02, 0xFF, 0xFF, 0xFA,
    0x00, 0x00, 0x00, 0x00, 0x00, 0x00, 0x7F, 0xFF, 0xFF, 0x60, 0x00, 0x00, 0x00, 0x00, 0x00, 0x09, 0xFF, 0xFF, 0xE2, 0x00,
    0x00, 0x00, 0x00, 0x00, 0x00, 0x00, 0x49, 0xCE, 0xFE, 0xC8, 0x20, 0x00, 0x00, 0x00, 0x00, 0x02, 0xBF, 0xFF, 0xFF, 0xFF,
    0xFF, 0x70, 0x00, 0x00, 0x00, 0x02, 0xEF, 0xFF, 0xFF, 0xFF, 0xFF, 0xFF, 0xA0, 0x00, 0x00, 0x00, 0xCF, 0xFF, 0xFF, 0xFF,
    0xFF, 0xFF, 0xFF, 0x60, 0x00, 0x00, 0x5F, 0xFF, 0xFF, 0xFE, 0xDF, 0xFF, 0xFF, 0xFE, 0x10, 0x00, 0x0B, 0xFF, 0xFF, 0xF9,
    0x00, 0x1B, 0xFF, 0xFF, 0xF7, 0x00, 0x00, 0xEF, 0xFF, 0xFD, 0x00, 0x00, 0x2F, 0xFF, 0xFF, 0xB0, 0x00, 0x1F, 0xFF, 0xFF,
    0x70, 0x00, 0x00, 0xBF, 0xFF, 0xFE, 0x00, 0x02, 0xFF, 0xFF, 0xF5, 0x00, 0x00, 0x08, 0xFF, 0xFF, 0xF0, 0x00, 0x1F, 0xFF,
    0xFF, 0x50, 0x00, 0x00, 0x8F, 0xFF, 0xFE, 0x00, 0x00, 0xEF, 0xFF, 0xF8, 0x00, 0x00, 0x0B, 0xFF, 0xFF, 0xD0, 0x00, 0x0B,
    0xFF, 0xFF, 0xD0, 0x00, 0x01, 0xEF, 0xFF, 0xFA, 0x00, 0x00, 0x5F, 0xFF, 0xFF, 0x91, 0x01, 0xBF, 0xFF, 0xFF, 0x50, 0x00,
    0x00, 0xCF, 0xFF, 0xFF, 0xED, 0xFF, 0xFF, 0xFF, 0xD1, 0x00, 0x00, 0x02, 0xDF, 0xFF, 0xFF, 0xFF, 0xFF, 0xFF, 0xF4, 0x00,
    0x00, 0x00, 0x01, 0xDF, 0xFF, 0xFF, 0xFF, 0xFF, 0xF5, 0x00, 0x00, 0x00, 0x00, 0xAF, 0xFF, 0xFF, 0xFF, 0xFF, 0xFB, 0x00,
    0x00, 0x00, 0x00, 0x9F, 0xFF, 0xFF, 0xFF, 0xFF, 0xFF, 0xFC, 0x10, 0x00, 0x00, 0x2F, 0xFF, 0xFF, 0xC3, 0x15, 0xEF, 0xFF,
    0xF9, 0x00, 0x00, 0x08, 0xFF, 0xFF, 0xF2, 0x00, 0x05, 0xFF, 0xFF, 0xF2, 0x00, 0x00, 0xCF, 0xFF, 0xFB, 0x00, 0x00, 0x0E,
    0xFF, 0xFF, 0x70, 0x00, 0x0F, 0xFF, 0xFF, 0x70, 0x00, 0x00, 0xBF, 0xFF, 0xFB, 0x00, 0x01, 0xFF, 0xFF, 0xF5, 0x00, 0x00,
    0x09, 0xFF, 0xFF, 0xE0, 0x00, 0x2F, 0xFF, 0xFF, 0x50, 0x00, 0x00, 0x8F, 0xFF, 0xFF, 0x00, 0x02, 0xFF, 0xFF, 0xF5, 0x00,
    0x00, 0x09, 0xFF, 0xFF, 0xF0, 0x00, 0x1F, 0xFF, 0xFF, 0x70, 0x00, 0x00, 0xAF, 0xFF, 0xFE, 0x00, 0x00, 0xEF, 0xFF, 0xFA,
    0x00, 0x00, 0x0D, 0xFF, 0xFF, 0xC0, 0x00, 0x0A, 0xFF, 0xFF, 0xE1, 0x00, 0x03, 0xFF, 0xFF, 0xF8, 0x00, 0x00, 0x6F, 0xFF,
    0xFF, 0xA1, 0x02, 0xCF, 0xFF, 0xFF, 0x40, 0x00, 0x01, 0xEF, 0xFF, 0xFF, 0xED, 0xFF, 0xFF, 0xFF, 0xC0, 0x00, 0x00, 0x06,
    0xFF, 0xFF, 0xFF, 0xFF, 0xFF, 0xFF, 0xF3, 0x00, 0x00, 0x00, 0x09, 0xFF, 0xFF, 0xFF, 0xFF, 0xFF, 0xF6, 0x00, 0x00, 0x00,
    0x00, 0x07, 0xFF, 0xFF, 0xFF, 0xFF, 0xE5, 0x00, 0x00, 0x00, 0x00, 0x00, 0x02, 0x8C, 0xEF, 0xEB, 0x71, 0x00, 0x00, 0x00,
    0x00, 0x00, 0x02, 0x8C, 0xEF, 0xED, 0xA4, 0x00, 0x00, 0x00, 0x00, 0x00, 0x9F, 0xFF, 0xFF, 0xFF, 0xFF, 0xC2, 0x00, 0x00,
    0x00, 0x0B, 0xFF, 0xFF, 0xFF, 0xFF, 0xFF, 0xFE, 0x30, 0x00, 0x00, 0x8F, 0xFF, 0xFF, 0xFF, 0xFF, 0xFF, 0xFF, 0xC0, 0x00,
    0x02, 0xFF, 0xFF, 0xFF, 0xFD, 0xEF, 0xFF, 0xFF, 0xF6, 0x00, 0x06, 0xFF, 0xFF, 0xFD, 0x30, 0x07, 0xFF, 0xFF, 0xFB, 0x00,
    0x0A, 0xFF, 0xFF, 0xF5, 0x00, 0x00, 0xCF, 0xFF, 0xFF, 0x00, 0x0C, 0xFF, 0xFF, 0xE0, 0x00, 0x00, 0x7F, 0xFF, 0xFF, 0x20,
    0x0D, 0xFF, 0xFF, 0xC0, 0x00, 0x00, 0x4F, 0xFF, 0xFF, 0x40, 0x0D, 0xFF, 0xFF, 0xB0, 0x00, 0x00, 0x3F, 0xFF, 0xFF, 0x50,
    0x0E, 0xFF, 0xFF, 0xB0, 0x00, 0x00, 0x3F, 0xFF, 0xFF, 0x60, 0x0D, 0xFF, 0xFF, 0xB0, 0x00, 0x00, 0x3F, 0xFF, 0xFF, 0x60,
    0x0C, 0xFF, 0xFF, 0xC0, 0x00, 0x00, 0x4F, 0xFF, 0xFF, 0x60, 0x0B, 0xFF, 0xFF, 0xD0, 0x00, 0x00, 0x5F, 0xFF, 0xFF, 0x60,
    0x0A, 0xFF, 0xFF, 0xF1, 0x00, 0x00, 0x7F, 0xFF, 0xFF, 0x60, 0x07, 0xFF, 0xFF, 0xF6, 0x00, 0x00, 0xCF, 0xFF, 0xFF, 0x60,
    0x03, 0xFF, 0xFF, 0xFE, 0x51, 0x29, 0xFF, 0xFF, 0xFF, 0x60, 0x00, 0xCF, 0xFF, 0xFF, 0xFF, 0xFF, 0xFF, 0xFF, 0xFF, 0x60,
    0x00, 0x4F, 0xFF, 0xFF, 0xFF, 0xFF, 0xFF, 0xFF, 0xFF, 0x60, 0x00, 0x07, 0xFF, 0xFF, 0xFF, 0xFF, 0xFF, 0xFF, 0xFF, 0x60,
    0x00, 0x00, 0x6E, 0xFF, 0xFF, 0xFF, 0xBF, 0xFF, 0xFF, 0x60, 0x00, 0x00, 0x01, 0x6A, 0xCC, 0x93, 0x3F, 0xFF, 0xFF, 0x60,
    0x00, 0x00, 0x00, 0x00, 0x00, 0x00, 0x3F, 0xFF, 0xFF, 0x60, 0x00, 0x00, 0x00, 0x00, 0x00, 0x00, 0x3F, 0xFF, 0xFF, 0x60,
    0x05, 0xFF, 0xFF, 0xE1, 0x00, 0x00, 0x3F, 0xFF, 0xFF, 0x60, 0x07, 0xFF, 0xFF, 0xF2, 0x00, 0x00, 0x3F, 0xFF, 0xFF, 0x60,
    0x06, 0xFF, 0xFF, 0xF4, 0x00, 0x00, 0x5F, 0xFF, 0xFF, 0x50, 0x05, 0xFF, 0xFF, 0xF9, 0x00, 0x00, 0xAF, 0xFF, 0xFF, 0x40,
    0x01, 0xFF, 0xFF, 0xFF, 0x40, 0x06, 0xFF, 0xFF, 0xFF, 0x10, 0x00, 0xBF, 0xFF, 0xFF, 0xFD, 0xEF, 0xFF, 0xFF, 0xF9, 0x00,
    0x00, 0x3F, 0xFF, 0xFF, 0xFF, 0xFF, 0xFF, 0xFF, 0xE2, 0x00, 0x00, 0x06, 0xFF, 0xFF, 0xFF, 0xFF, 0xFF, 0xFF, 0x40, 0x00,
    0x00, 0x00, 0x5E, 0xFF, 0xFF, 0xFF, 0xFF, 0xD3, 0x00, 0x00, 0x00, 0x00, 0x01, 0x6B, 0xEF, 0xED, 0xA5, 0x00, 0x00, 0x00,
    0x00, 0x01, 0x8D, 0xEA, 0x20, 0x00, 0x00, 0x0A, 0xFF, 0xFF, 0xD0, 0x00, 0x00, 0x1F, 0xFF, 0xFF, 0xF5, 0x00, 0x00, 0x3F,
    0xFF, 0xFF, 0xF7, 0x00, 0x00, 0x1F, 0xFF, 0xFF, 0xF5, 0x00, 0x00, 0x0A, 0xFF, 0xFF, 0xD0, 0x00, 0x00, 0x01, 0x8D, 0xEA,
    0x20, 0x00, 0x00, 0x00, 0x00, 0x00, 0x00, 0x00, 0x00, 0x00, 0x00, 0x00, 0x00, 0x00, 0x00, 0x00, 0x00, 0x00, 0x00, 0x00,
    0x00, 0x00, 0x00, 0x00, 0x00, 0x00, 0x00, 0x00, 0x00, 0x00, 0x00, 0x00, 0x00, 0x00, 0x00, 0x00, 0x00, 0x00, 0x00, 0x00,
    0x00, 0x00, 0x00, 0x00, 0x00, 0x00, 0x00, 0x00, 0x00, 0x00, 0x00, 0x00, 0x00, 0x00, 0x00, 0x00, 0x00, 0x01, 0x8D, 0xEA,
    0x20, 0x00, 0x00, 0x0A, 0xFF, 0xFF, 0xD0, 0x00, 0x00, 0x1F, 0xFF, 0xFF, 0xF5, 0x00, 0x00, 0x3F, 0xFF, 0xFF, 0xF7, 0x00,
    0x00, 0x1F, 0xFF, 0xFF, 0xF5, 0x00, 0x00, 0x0A, 0xFF, 0xFF, 0xD0, 0x00, 0x00, 0x01, 0x8D, 0xEA, 0x20, 0x00, 0x00, 0x07,
    0xDF, 0xB3, 0x00, 0x00, 0x9F, 0xFF, 0xFE, 0x20, 0x02, 0xFF, 0xFF, 0xFF, 0x90, 0x04, 0xFF, 0xFF, 0xFF, 0xB0, 0x02, 0xFF,
    0xFF, 0xFF, 0x90, 0x00, 0x9F, 0xFF, 0xFE, 0x30, 0x00, 0x18, 0xEF, 0xC3, 0x00, 0x00, 0x00, 0x00, 0x00, 0x00, 0x00, 0x00,
    0x00, 0x00, 0x00, 0x00, 0x00, 0x00, 0x00, 0x00, 0x00, 0x00, 0x00, 0x00, 0x00, 0x00, 0x00, 0x00, 0x00, 0x00, 0x00, 0x00,
    0x00, 0x00, 0x00, 0x00, 0x00, 0x00, 0x00, 0x00, 0x00, 0x00, 0x00, 0x00, 0x00, 0x00, 0x2F, 0xFF, 0xFB, 0x00, 0x00, 0x4F,
    0xFF, 0xF9, 0x00, 0x00, 0x5F, 0xFF, 0xF6, 0x00, 0x00, 0x6F, 0xFF, 0xF3, 0x00, 0x00, 0x8F, 0xFF, 0xF1, 0x00, 0x00, 0x9F,
    0xFF, 0xD0, 0x00, 0x00, 0xAF, 0xFF, 0xA0, 0x00, 0x00, 0xBF, 0xFF, 0x70, 0x00, 0x00, 0xDF, 0xFF, 0x40, 0x00, 0x00, 0xEF,
    0xFF, 0x10, 0x00, 0x00, 0xFF, 0xFE, 0x00, 0x00, 0x01, 0xEF, 0xFA, 0x00, 0x00, 0x00, 0x00, 0x00, 0x00, 0x00, 0x00, 0x00,
    0x00, 0x00, 0x25, 0x00, 0x00, 0x00, 0x00, 0x00, 0x00, 0x00, 0x00, 0x03, 0xAF, 0xC0, 0x00, 0x00, 0x00, 0x00, 0x00, 0x00,
    0x00, 0x4B, 0xFF, 0xFC, 0x00, 0x00, 0x00, 0x00, 0x00, 0x00, 0x04, 0xCF, 0xFF, 0xFF, 0xC0, 0x00, 0x00, 0x00, 0x00, 0x00,
    0x5C, 0xFF, 0xFF, 0xFF, 0xFC, 0x00, 0x00, 0x00, 0x00, 0x06, 0xDF, 0xFF, 0xFF, 0xFF, 0xFF, 0x80, 0x00, 0x00, 0x01, 0x7E,
    0xFF, 0xFF, 0xFF, 0xFF, 0xE9, 0x20, 0x00, 0x00, 0x18, 0xEF, 0xFF, 0xFF, 0xFF, 0xFD, 0x71, 0x00, 0x00, 0x02, 0x9E, 0xFF,
    0xFF, 0xFF, 0xFF, 0xC5, 0x00, 0x00, 0x00, 0x00, 0xAF, 0xFF, 0xFF, 0xFF, 0xFA, 0x30, 0x00, 0x00, 0x00, 0x00, 0x0B, 0xFF,
    0xFF, 0xFE, 0x82, 0x00, 0x00, 0x00, 0x00, 0x00, 0x00, 0xBF, 0xFF, 0xFE, 0x40, 0x00, 0x00, 0x00, 0x00, 0x00, 0x00, 0x0B,
    0xFF, 0xFF, 0xFF, 0xC5, 0x00, 0x00, 0x00, 0x00, 0x00, 0x00, 0x9F, 0xFF, 0xFF, 0xFF, 0xFE, 0x71, 0x00, 0x00, 0x00, 0x00,
    0x00, 0x6D, 0xFF, 0xFF, 0xFF, 0xFF, 0xF9, 0x20, 0x00, 0x00, 0x00, 0x00, 0x05, 0xCF, 0xFF, 0xFF, 0xFF, 0xFF, 0xB4, 0x00,
    0x00, 0x00, 0x00, 0x00, 0x4B, 0xFF, 0xFF, 0xFF, 0xFF, 0xFD, 0x61, 0x00, 0x00, 0x00, 0x00, 0x03, 0xAF, 0xFF, 0xFF, 0xFF,
    0xFF, 0xB0, 0x00, 0x00, 0x00, 0x00, 0x00, 0x29, 0xFF, 0xFF, 0xFF, 0xFC, 0x00, 0x00, 0x00, 0x00, 0x00, 0x00, 0x01, 0x8E,
    0xFF, 0xFF, 0xC0, 0x00, 0x00, 0x00, 0x00, 0x00, 0x00, 0x00, 0x17, 0xEF, 0xFC, 0x00, 0x00, 0x00, 0x00, 0x00, 0x00, 0x00,
    0x00, 0x00, 0x6D, 0xC0, 0x00, 0x00, 0x00, 0x00, 0x00, 0x00, 0x00, 0x00, 0x00, 0x02, 0x00, 0x00, 0x00, 0x00, 0x00, 0x00,
    0x00, 0x00, 0x00, 0x00, 0x00, 0x00, 0x00, 0x00, 0x00, 0x00, 0x00, 0x00, 0x00, 0x00, 0x00, 0x00, 0x09, 0xFF, 0xFF, 0xFF,
    0xFF, 0xFF, 0xFF, 0xFF, 0xFF, 0xFB, 0x00, 0xBF, 0xFF, 0xFF, 0xFF, 0xFF, 0xFF, 0xFF, 0xFF, 0xFF, 0xC0, 0x0B, 0xFF, 0xFF,
    0xFF, 0xFF, 0xFF, 0xFF, 0xFF, 0xFF, 0xFC, 0x00, 0x9F, 0xFF, 0xFF, 0xFF, 0xFF, 0xFF, 0xFF, 0xFF, 0xFF, 0xB0, 0x00, 0x00,
    0x00, 0x00, 0x00, 0x00, 0x00, 0x00, 0x00, 0x00, 0x00, 0x00, 0x00, 0x00, 0x00, 0x00, 0x00, 0x00, 0x00, 0x00, 0x00, 0x00,
    0x00, 0x00, 0x00, 0x00, 0x00, 0x00, 0x00, 0x00, 0x00, 0x00, 0x00, 0x00, 0x00, 0x00, 0x00, 0x00, 0x00, 0x00, 0x00, 0x00,
    0x00, 0x00, 0x00, 0x00, 0x00, 0x00, 0x00, 0x00, 0x00, 0x00, 0x00, 0x9F, 0xFF, 0xFF, 0xFF, 0xFF, 0xFF, 0xFF, 0xFF, 0xFF,
    0xB0, 0x0B, 0xFF, 0xFF, 0xFF, 0xFF, 0xFF, 0xFF, 0xFF, 0xFF, 0xFC, 0x00, 0xBF, 0xFF, 0xFF, 0xFF, 0xFF, 0xFF, 0xFF, 0xFF,
    0xFF, 0xC0, 0x09, 0xFF, 0xFF, 0xFF, 0xFF, 0xFF, 0xFF, 0xFF, 0xFF, 0xFB, 0x00, 0x00, 0x00, 0x00, 0x00, 0x00, 0x00, 0x00,
    0x00, 0x00, 0x00, 0x00, 0x00, 0x00, 0x00, 0x00, 0x00, 0x00, 0x00, 0x00, 0x00, 0x00, 0x00, 0x00, 0x00, 0x00, 0x00, 0x00,
    0x00, 0x00, 0x00, 0x00, 0x00, 0x00, 0x00, 0x00, 0x00, 0x00, 0x00, 0x00, 0x00, 0x00, 0x00, 0x00, 0x00, 0x00, 0x00, 0x00,
    0x00, 0x00, 0x00, 0x00, 0x00, 0x00, 0x00, 0x00, 0x00, 0x00, 0x00, 0x00, 0x00, 0x00, 0x00, 0x00, 0x00, 0x00, 0x00, 0x00,
    0x00, 0x00, 0x00, 0x00, 0x00, 0x00, 0x00, 0x00, 0x00, 0x00, 0x00, 0x00, 0x00, 0x00, 0x00, 0x00, 0x00, 0x00, 0x00, 0x00,
    0x00, 0x00, 0x00, 0x00, 0x00, 0x00, 0x00, 0x04, 0x30, 0x00, 0x00, 0x00, 0x00, 0x00, 0x00, 0x00, 0x00, 0x00, 0xBF, 0xB4,
    0x00, 0x00, 0x00, 0x00, 0x00, 0x00, 0x00, 0x00, 0x0B, 0xFF, 0xFC, 0x40, 0x00, 0x00, 0x00, 0x00, 0x00, 0x00, 0x00, 0xBF,
    0xFF, 0xFF, 0xC5, 0x00, 0x00, 0x00, 0x00, 0x00, 0x00, 0x0B, 0xFF, 0xFF, 0xFF, 0xFD, 0x60, 0x00, 0x00, 0x00, 0x00, 0x00,
    0x7F, 0xFF, 0xFF, 0xFF, 0xFF, 0xE7, 0x10, 0x00, 0x00, 0x00, 0x00, 0x28, 0xEF, 0xFF, 0xFF, 0xFF, 0xFE, 0x81, 0x00, 0x00,
    0x00, 0x00, 0x01, 0x6D, 0xFF, 0xFF, 0xFF, 0xFF, 0xE9, 0x20, 0x00, 0x00, 0x00, 0x00, 0x04, 0xBF, 0xFF, 0xFF, 0xFF, 0xFF,
    0xA2, 0x00, 0x00, 0x00, 0x00, 0x00, 0x39, 0xFF, 0xFF, 0xFF, 0xFF, 0xC0, 0x00, 0x00, 0x00, 0x00, 0x00, 0x01, 0x7E, 0xFF,
    0xFF, 0xFC, 0x00, 0x00, 0x00, 0x00, 0x00, 0x00, 0x00, 0x3E, 0xFF, 0xFF, 0xC0, 0x00, 0x00, 0x00, 0x00, 0x00, 0x05, 0xBF,
    0xFF, 0xFF, 0xFC, 0x00, 0x00, 0x00, 0x00, 0x01, 0x6D, 0xFF, 0xFF, 0xFF, 0xFF, 0xB0, 0x00, 0x00, 0x00, 0x28, 0xEF, 0xFF,
    0xFF, 0xFF, 0xFD, 0x71, 0x00, 0x00, 0x03, 0xAF, 0xFF, 0xFF, 0xFF, 0xFF, 0xC6, 0x00, 0x00, 0x00, 0x5C, 0xFF, 0xFF, 0xFF,
    0xFF, 0xFC, 0x50, 0x00, 0x00, 0x00, 0x9F, 0xFF, 0xFF, 0xFF, 0xFF, 0xB4, 0x00, 0x00, 0x00, 0x00, 0x0B, 0xFF, 0xFF, 0xFF,
    0xFA, 0x30, 0x00, 0x00, 0x00, 0x00, 0x00, 0xBF, 0xFF, 0xFE, 0x92, 0x00, 0x00, 0x00, 0x00, 0x00, 0x00, 0x0B, 0xFF, 0xE8,
    0x10, 0x00, 0x00, 0x00, 0x00, 0x00, 0x00, 0x00, 0xAD, 0x71, 0x00, 0x00, 0x00, 0x00, 0x00, 0x00, 0x00, 0x00, 0x02, 0x00,
    0x00, 0x00, 0x00, 0x00, 0x00, 0x00, 0x00, 0x00, 0x00, 0x00, 0x00, 0x00, 0x00, 0x00, 0x00, 0x00, 0x00, 0x00, 0x00, 0x00,
    0x00, 0x00, 0x00, 0x00, 0x00, 0x00, 0x00, 0x00, 0x00, 0x00, 0x00, 0x00, 0x00, 0x5A, 0xDE, 0xFD, 0xB6, 0x10, 0x00, 0x00,
    0x00, 0x00, 0x3D, 0xFF, 0xFF, 0xFF, 0xFF, 0xE5, 0x00, 0x00, 0x00, 0x06, 0xFF, 0xFF, 0xFF, 0xFF, 0xFF, 0xFF, 0x60, 0x00,
    0x00, 0x3F, 0xFF, 0xFF, 0xFF, 0xFF, 0xFF, 0xFF, 0xF4, 0x00, 0x00, 0xDF, 0xFF, 0xFF, 0xFD, 0xDF, 0xFF, 0xFF, 0xFC, 0x00,
    0x05, 0xFF, 0xFF, 0xFD, 0x30, 0x04, 0xEF, 0xFF, 0xFF, 0x30, 0x0A, 0xFF, 0xFF, 0xF3, 0x00, 0x00, 0x7F, 0xFF, 0xFF, 0x70,
    0x0D, 0xFF, 0xFF, 0xC0, 0x00, 0x00, 0x1F, 0xFF, 0xFF, 0xA0, 0x0E, 0xFF, 0xFF, 0xA0, 0x00, 0x00, 0x0E, 0xFF, 0xFF, 0xB0,
    0x0F, 0xFF, 0xFF, 0x90, 0x00, 0x00, 0x0E, 0xFF, 0xFF, 0xB0, 0x06, 0x77, 0x77, 0x30, 0x00, 0x00, 0x1F, 0xFF, 0xFF, 0xA0,
    0x00, 0x00, 0x00, 0x00, 0x00, 0x00, 0x8F, 0xFF, 0xFF, 0x70, 0x00, 0x00, 0x00, 0x00, 0x00, 0x04, 0xFF, 0xFF, 0xFF, 0x30,
    0x00, 0x00, 0x00, 0x00, 0x00, 0x3E, 0xFF, 0xFF, 0xFB, 0x00, 0x00, 0x00, 0x00, 0x00, 0x04, 0xEF, 0xFF, 0xFF, 0xE2, 0x00,
    0x00, 0x00, 0x00, 0x00, 0x3E, 0xFF, 0xFF, 0xFF, 0x50, 0x00, 0x00, 0x00, 0x00, 0x02, 0xEF, 0xFF, 0xFF, 0xF5, 0x00, 0x00,
    0x00, 0x00, 0x00, 0x0B, 0xFF, 0xFF, 0xFE, 0x40, 0x00, 0x00, 0x00, 0x00, 0x00, 0x2F, 0xFF, 0xFF, 0xF4, 0x00, 0x00, 0x00,
    0x00, 0x00, 0x00, 0x5F, 0xFF, 0xFF, 0x80, 0x00, 0x00, 0x00, 0x00, 0x00, 0x00, 0x7F, 0xFF, 0xFF, 0x20, 0x00, 0x00, 0x00,
    0x00, 0x00, 0x00, 0x8F, 0xFF, 0xFF, 0x10, 0x00, 0x00, 0x00, 0x00, 0x00, 0x00, 0x8F, 0xFF, 0xFF, 0x10, 0x00, 0x00, 0x00,
    0x00, 0x00, 0x00, 0x27, 0x77, 0x76, 0x00, 0x00, 0x00, 0x00, 0x00, 0x00, 0x00, 0x00, 0x00, 0x00, 0x00, 0x00, 0x00, 0x00,
    0x00, 0x00, 0x00, 0x00, 0x00, 0x00, 0x00, 0x00, 0x00, 0x00, 0x00, 0x00, 0x00, 0x00, 0x00, 0x00, 0x00, 0x00, 0x00, 0x00,
    0x00, 0x00, 0x00, 0x07, 0xDE, 0xB3, 0x00, 0x00, 0x00, 0x00, 0x00, 0x00, 0x00, 0x7F, 0xFF, 0xFE, 0x20, 0x00, 0x00, 0x00,
    0x00, 0x00, 0x00, 0xEF, 0xFF, 0xFF, 0x80, 0x00, 0x00, 0x00, 0x00, 0x00, 0x01, 0xFF, 0xFF, 0xFF, 0x90, 0x00, 0x00, 0x00,
    0x00, 0x00, 0x00, 0xEF, 0xFF, 0xFF, 0x70, 0x00, 0x00, 0x00, 0x00, 0x00, 0x00, 0x7F, 0xFF, 0xFE, 0x10, 0x00, 0x00, 0x00,
    0x00, 0x00, 0x00, 0x07, 0xDE, 0xB3, 0x00, 0x00, 0x00, 0x00, 0x00, 0x00, 0x00, 0x00, 0x00, 0x00, 0x00, 0x05, 0x8B, 0xDE,
    0xFE, 0xDA, 0x72, 0x00, 0x00, 0x00, 0x00, 0x00, 0x00, 0x00, 0x00, 0x00, 0x00, 0x00, 0x29, 0xEF, 0xFF, 0xFF, 0xFF, 0xFF,
    0xFF, 0xC5, 0x00, 0x00, 0x00, 0x00, 0x00, 0x00, 0x00, 0x00, 0x00, 0x18, 0xFF, 0xFF, 0xFF, 0xFF, 0xFF, 0xFF, 0xFF, 0xFF,
    0xB2, 0x00, 0x00, 0x00, 0x00, 0x00, 0x00, 0x00, 0x03, 0xDF, 0xFF, 0xFF, 0xFF, 0xFF, 0xFF, 0xFF, 0xFF, 0xFF, 0xFE, 0x30,
    0x00, 0x00, 0x00, 0x00, 0x00, 0x00, 0x5F, 0xFF, 0xFF, 0xFC, 0x74, 0x10, 0x12, 0x48, 0xDF, 0xFF, 0xFF, 0xE3, 0x00, 0x00,
    0x00, 0x00, 0x00, 0x05, 0xFF, 0xFF, 0xFB, 0x30, 0x00, 0x00, 0x00, 0x00, 0x05, 0xDF, 0xFF, 0xFD, 0x10, 0x00, 0x00, 0x00,
    0x00, 0x4F, 0xFF, 0xFE, 0x60, 0x00, 0x00, 0x00, 0x00, 0x00, 0x00, 0x1B, 0xFF, 0xFF, 0x90, 0x00, 0x00, 0x00, 0x02, 0xEF,
    0xFF, 0xD3, 0x00, 0x00, 0x00, 0x00, 0x00, 0x00, 0x00, 0x01, 0xCF, 0xFF, 0xF2, 0x00, 0x00, 0x00, 0x0B, 0xFF, 0xFE, 0x20,
    0x00, 0x00, 0x00, 0x00, 0x00, 0x00, 0x00, 0x00, 0x2E, 0xFF, 0xF9, 0x00, 0x00, 0x00, 0x5F, 0xFF, 0xF4, 0x00, 0x00, 0x29,
    0xDF, 0xD7, 0x4B, 0xBB, 0x30, 0x00, 0x08, 0xFF, 0xFE, 0x00, 0x00, 0x00, 0xDF, 0xFF, 0x80, 0x00, 0x04, 0xEF, 0xFF, 0xFF,
    0xFF, 0xFF, 0x50, 0x00, 0x02, 0xFF, 0xFF, 0x30, 0x00, 0x05, 0xFF, 0xFD, 0x00, 0x00, 0x1E, 0xFF, 0xFF, 0xFF, 0xFF, 0xFF,
    0x30, 0x00, 0x00, 0xCF, 0xFF, 0x60, 0x00, 0x0B, 0xFF, 0xF6, 0x00, 0x00, 0x7F, 0xFF, 0xC3, 0x1A, 0xFF, 0xFF, 0x10, 0x00,
    0x00, 0x9F, 0xFF, 0x80, 0x00, 0x1F, 0xFF, 0xE0, 0x00, 0x00, 0xCF, 0xFF, 0x20, 0x02, 0xFF, 0xFE, 0x00, 0x00, 0x00, 0x7F,
    0xFF, 0x90, 0x00, 0x6F, 0xFF, 0x90, 0x00, 0x00, 0xEF, 0xFC, 0x00, 0x01, 0xFF, 0xFC, 0x00, 0x00, 0x00, 0x7F, 0xFF, 0xA0,
    0x00, 0x9F, 0xFF, 0x50, 0x00, 0x02, 0xFF, 0xFA, 0x00, 0x02, 0xFF, 0xFA, 0x00, 0x00, 0x00, 0x7F, 0xFF, 0x90, 0x00, 0xCF,
    0xFF, 0x10, 0x00, 0x04, 0xFF, 0xF7, 0x00, 0x04, 0xFF, 0xF8, 0x00, 0x00, 0x00, 0x8F, 0xFF, 0x80, 0x00, 0xEF, 0xFE, 0x00,
    0x00, 0x05, 0xFF, 0xF6, 0x00, 0x05, 0xFF, 0xF6, 0x00, 0x00, 0x00, 0xBF, 0xFF, 0x60, 0x01, 0xFF, 0xFC, 0x00, 0x00, 0x07,
    0xFF, 0xF4, 0x00, 0x07, 0xFF, 0xF4, 0x00, 0x00, 0x00, 0xEF, 0xFF, 0x30, 0x02, 0xFF, 0xFB, 0x00, 0x00, 0x09, 0xFF, 0xF2,
    0x00, 0x09, 0xFF, 0xF3, 0x00, 0x00, 0x04, 0xFF, 0xFE, 0x00, 0x02, 0xFF, 0xFB, 0x00, 0x00, 0x0B, 0xFF, 0xF0, 0x00, 0x0A,
    0xFF, 0xF5, 0x00, 0x00, 0x0B, 0xFF, 0xF9, 0x00, 0x02, 0xFF, 0xFC, 0x00, 0x00, 0x0C, 0xFF, 0xF0, 0x00, 0x0D, 0xFF, 0xF9,
    0x00, 0x00, 0x5F, 0xFF, 0xF3, 0x00, 0x01, 0xFF, 0xFE, 0x00, 0x00, 0x0B, 0xFF, 0xF2, 0x00, 0x3F, 0xFF, 0xFF, 0x71, 0x17,
    0xFF, 0xFF, 0xB0, 0x00, 0x00, 0xEF, 0xFF, 0x20, 0x00, 0x08, 0xFF, 0xFB, 0x13, 0xCF, 0xFF, 0xFF, 0xFF, 0xFF, 0xFF, 0xFE,
    0x20, 0x00, 0x00, 0xBF, 0xFF, 0x70, 0x00, 0x02, 0xFF, 0xFF, 0xFF, 0xFF, 0xFF, 0xFF, 0xFF, 0xFF, 0xFF, 0xE4, 0x00, 0x00,
    0x00, 0x7F, 0xFF, 0xE0, 0x00, 0x00, 0x6F, 0xFF, 0xFF, 0xFE, 0x5D, 0xFF, 0xFF, 0xFF, 0xFD, 0x30, 0x00, 0x00, 0x00, 0x2F,
    0xFF, 0xF8, 0x00, 0x00, 0x03, 0xAE, 0xFD, 0x92, 0x01, 0x7C, 0xEF, 0xDB, 0x60, 0x00, 0x00, 0x00, 0x00, 0x0B, 0xFF, 0xFF,
    0x40, 0x00, 0x00, 0x00, 0x00, 0x00, 0x00, 0x00, 0x00, 0x00, 0x00, 0x00, 0x00, 0x00, 0x00, 0x03, 0xFF, 0xFF, 0xE4, 0x00,
    0x00, 0x00, 0x00, 0x00, 0x00, 0x00, 0x00, 0x00, 0x00, 0x00, 0x00, 0x00, 0x00, 0x00, 0x9F, 0xFF, 0xFF, 0x81, 0x00, 0x00,
    0x00, 0x00, 0x03, 0xA4, 0x00, 0x00, 0x00, 0x00, 0x00, 0x00, 0x00, 0x00, 0x0C, 0xFF, 0xFF, 0xFE, 0x95, 0x20, 0x01, 0x47,
    0xCF, 0xFE, 0x10, 0x00, 0x00, 0x00, 0x00, 0x00, 0x00, 0x00, 0x01, 0xCF, 0xFF, 0xFF, 0xFF, 0xFF, 0xFF, 0xFF, 0xFF, 0xFF,
    0x80, 0x00, 0x00, 0x00, 0x00, 0x00, 0x00, 0x00, 0x00, 0x1A, 0xFF, 0xFF, 0xFF, 0xFF, 0xFF, 0xFF, 0xFF, 0xFA, 0x10, 0x00,
    0x00, 0x00, 0x00, 0x00, 0x00, 0x00, 0x00, 0x00, 0x4C, 0xFF, 0xFF, 0xFF, 0xFF, 0xFF, 0xFB, 0x40, 0x00, 0x00, 0x00, 0x00,
    0x00, 0x00, 0x00, 0x00, 0x00, 0x00, 0x00, 0x37, 0xBD, 0xEF, 0xED, 0xA6, 0x20, 0x00, 0x00, 0x00, 0x00, 0x00, 0x00, 0x00,
    0x00, 0x00, 0x00, 0x03, 0xFF, 0xFF, 0xFE, 0x10, 0x00, 0x00, 0x00, 0x00, 0x00, 0x00, 0x06, 0xFF, 0xFF, 0xFF, 0x50, 0x00,
    0x00, 0x00, 0x00, 0x00, 0x00, 0x0A, 0xFF, 0xFF, 0xFF, 0x80, 0x00, 0x00, 0x00, 0x00, 0x00, 0x00, 0x0D, 0xFF, 0xFF, 0xFF,
    0xB0, 0x00, 0x00, 0x00, 0x00, 0x00, 0x00, 0x1F, 0xFF, 0xFF, 0xFF, 0xE0, 0x00, 0x00, 0x00, 0x00, 0x00, 0x00, 0x4F, 0xFF,
    0xFF, 0xFF, 0xF3, 0x00, 0x00, 0x00, 0x00, 0x00, 0x00, 0x8F, 0xFF, 0xFF, 0xFF, 0xF6, 0x00, 0x00, 0x00, 0x00, 0x00, 0x00,
    0xBF, 0xFF, 0xEF, 0xFF, 0xF9, 0x00, 0x00, 0x00, 0x00, 0x00, 0x00, 0xEF, 0xFF, 0x9E, 0xFF, 0xFD, 0x00, 0x00, 0x00, 0x00,
    0x00, 0x02, 0xFF, 0xFF, 0x6B, 0xFF, 0xFF, 0x10, 0x00, 0x00, 0x00, 0x00, 0x06, 0xFF, 0xFF, 0x48, 0xFF, 0xFF, 0x40, 0x00,
    0x00, 0x00, 0x00, 0x09, 0xFF, 0xFF, 0x15, 0xFF, 0xFF, 0x70, 0x00, 0x00, 0x00, 0x00, 0x0C, 0xFF, 0xFD, 0x03, 0xFF, 0xFF,
    0xB0, 0x00, 0x00, 0x00, 0x00, 0x1F, 0xFF, 0xFA, 0x00, 0xFF, 0xFF, 0xE0, 0x00, 0x00, 0x00, 0x00, 0x4F, 0xFF, 0xF8, 0x00,
    0xCF, 0xFF, 0xF2, 0x00, 0x00, 0x00, 0x00, 0x7F, 0xFF, 0xF5, 0x00, 0x9F, 0xFF, 0xF5, 0x00, 0x00, 0x00, 0x00, 0xAF, 0xFF,
    0xF2, 0x00, 0x6F, 0xFF, 0xF9, 0x00, 0x00, 0x00, 0x00, 0xDF, 0xFF, 0xE0, 0x00, 0x4F, 0xFF, 0xFC, 0x00, 0x00, 0x00, 0x02,
    0xFF, 0xFF, 0xC0, 0x00, 0x1F, 0xFF, 0xFF, 0x00, 0x00, 0x00, 0x05, 0xFF, 0xFF, 0x90, 0x00, 0x0D, 0xFF, 0xFF, 0x30, 0x00,
    0x00, 0x08, 0xFF, 0xFF, 0x60, 0x00, 0x0A, 0xFF, 0xFF, 0x60, 0x00, 0x00, 0x0B, 0xFF, 0xFF, 0x30, 0x00, 0x07, 0xFF, 0xFF,
    0xA0, 0x00, 0x00, 0x0E, 0xFF, 0xFF, 0x10, 0x00, 0x05, 0xFF, 0xFF, 0xD0, 0x00, 0x00, 0x3F, 0xFF, 0xFF, 0xCC, 0xCC, 0xCD,
    0xFF, 0xFF, 0xF1, 0x00, 0x00, 0x6F, 0xFF, 0xFF, 0xFF, 0xFF, 0xFF, 0xFF, 0xFF, 0xF4, 0x00, 0x00, 0x9F, 0xFF, 0xFF, 0xFF,
    0xFF, 0xFF, 0xFF, 0xFF, 0xF8, 0x00, 0x00, 0xDF, 0xFF, 0xFF, 0xFF, 0xFF, 0xFF, 0xFF, 0xFF, 0xFB, 0x00, 0x01, 0xFF, 0xFF,
    0xFF, 0xFF, 0xFF, 0xFF, 0xFF, 0xFF, 0xFE, 0x00, 0x04, 0xFF, 0xFF, 0xF1, 0x00, 0x00, 0x00, 0x4F, 0xFF, 0xFF, 0x20, 0x07,
    0xFF, 0xFF, 0xD0, 0x00, 0x00, 0x00, 0x1F, 0xFF, 0xFF, 0x60, 0x0B, 0xFF, 0xFF, 0xB0, 0x00, 0x00, 0x00, 0x0E, 0xFF, 0xFF,
    0x90, 0x0E, 0xFF, 0xFF, 0x80, 0x00, 0x00, 0x00, 0x0B, 0xFF, 0xFF, 0xC0, 0x2F, 0xFF, 0xFF, 0x50, 0x00, 0x00, 0x00, 0x09,
    0xFF, 0xFF, 0xF1, 0x4F, 0xFF, 0xFF, 0x20, 0x00, 0x00, 0x00, 0x05, 0xFF, 0xFF, 0xF2, 0x00, 0x5F, 0xFF, 0xFF, 0xFF, 0xFE,
    0xDB, 0x72, 0x00, 0x00, 0x00, 0x00, 0x6F, 0xFF, 0xFF, 0xFF, 0xFF, 0xFF, 0xFF, 0x91, 0x00, 0x00, 0x00, 0x6F, 0xFF, 0xFF,
    0xFF, 0xFF, 0xFF, 0xFF, 0xFD, 0x10, 0x00, 0x00, 0x6F, 0xFF, 0xFF, 0xFF, 0xFF, 0xFF, 0xFF, 0xFF, 0xC0, 0x00, 0x00, 0x6F,
    0xFF, 0xFF, 0xDC, 0xCD, 0xFF, 0xFF, 0xFF, 0xF6, 0x00, 0x00, 0x6F, 0xFF, 0xFF, 0x20, 0x00, 0x2B, 0xFF, 0xFF, 0xFD, 0x00,
    0x00, 0x6F, 0xFF, 0xFF, 0x20, 0x00, 0x00, 0xDF, 0xFF, 0xFF, 0x20, 0x00, 0x6F, 0xFF, 0xFF, 0x20, 0x00, 0x00, 0x6F, 0xFF,
    0xFF, 0x50, 0x00, 0x6F, 0xFF, 0xFF, 0x20, 0x00, 0x00, 0x2F, 0xFF, 0xFF, 0x60, 0x00, 0x6F, 0xFF, 0xFF, 0x20, 0x00, 0x00,
    0x0F, 0xFF, 0xFF, 0x70, 0x00, 0x6F, 0xFF, 0xFF, 0x20, 0x00, 0x00, 0x0F, 0xFF, 0xFF, 0x60, 0x00, 0x6F, 0xFF, 0xFF, 0x20,
    0x00, 0x00, 0x2F, 0xFF, 0xFF, 0x50, 0x00, 0x6F, 0xFF, 0xFF, 0x20, 0x00, 0x00, 0x6F, 0xFF, 0xFF, 0x10, 0x00, 0x6F, 0xFF,
    0xFF, 0x20, 0x00, 0x01, 0xDF, 0xFF, 0xFB, 0x00, 0x00, 0x6F, 0xFF, 0xFF, 0x30, 0x01, 0x5D, 0xFF, 0xFF, 0xF3, 0x00, 0x00,
    0x6F, 0xFF, 0xFF, 0xFF, 0xFF, 0xFF, 0xFF, 0xFF, 0x80, 0x00, 0x00, 0x6F, 0xFF, 0xFF, 0xFF, 0xFF, 0xFF, 0xFF, 0xF6, 0x00,
    0x00, 0x00, 0x6F, 0xFF, 0xFF, 0xFF, 0xFF, 0xFF, 0xFF, 0xF6, 0x00, 0x00, 0x00, 0x6F, 0xFF, 0xFF, 0xFF, 0xFF, 0xFF, 0xFF,
    0xFF, 0x70, 0x00, 0x00, 0x6F, 0xFF, 0xFF, 0x30, 0x00, 0x3B, 0xFF, 0xFF, 0xF4, 0x00, 0x00, 0x6F, 0xFF, 0xFF, 0x20, 0x00,
    0x00, 0xBF, 0xFF, 0xFD, 0x00, 0x00, 0x6F, 0xFF, 0xFF, 0x20, 0x00, 0x00, 0x3F, 0xFF, 0xFF, 0x50, 0x00, 0x6F, 0xFF, 0xFF,
    0x20, 0x00, 0x00, 0x0D, 0xFF, 0xFF, 0x90, 0x00, 0x6F, 0xFF, 0xFF, 0x20, 0x00, 0x00, 0x0B, 0xFF, 0xFF, 0xC0, 0x00, 0x6F,
    0xFF, 0xFF, 0x20, 0x00, 0x00, 0x0B, 0xFF, 0xFF, 0xD0, 0x00, 0x6F, 0xFF, 0xFF, 0x20, 0x00, 0x00, 0x0C, 0xFF, 0xFF, 0xD0,
    0x00, 0x6F, 0xFF, 0xFF, 0x20, 0x00, 0x00, 0x1F, 0xFF, 0xFF, 0xB0, 0x00, 0x6F, 0xFF, 0xFF, 0x20, 0x00, 0x00, 0x8F, 0xFF,
    0xFF, 0x90, 0x00, 0x6F, 0xFF, 0xFF, 0x20, 0x00, 0x18, 0xFF, 0xFF, 0xFF, 0x50, 0x00, 0x6F, 0xFF, 0xFF, 0xDC, 0xCD, 0xFF,
    0xFF, 0xFF, 0xFD, 0x00, 0x00, 0x6F, 0xFF, 0xFF, 0xFF, 0xFF, 0xFF, 0xFF, 0xFF, 0xF4, 0x00, 0x00, 0x6F, 0xFF, 0xFF, 0xFF,
    0xFF, 0xFF, 0xFF, 0xFF, 0x60, 0x00, 0x00, 0x6F, 0xFF, 0xFF, 0xFF, 0xFF, 0xFF, 0xFF, 0xD4, 0x00, 0x00, 0x00, 0x5F, 0xFF,
    0xFF, 0xFF, 0xFF, 0xED, 0x95, 0x00, 0x00, 0x00, 0x00, 0x00, 0x00, 0x16, 0xAD, 0xEE, 0xDB, 0x71, 0x00, 0x00, 0x00, 0x00,
    0x00, 0x06, 0xEF, 0xFF, 0xFF, 0xFF, 0xFE, 0x70, 0x00, 0x00, 0x00, 0x00, 0x8F, 0xFF, 0xFF, 0xFF, 0xFF, 0xFF, 0xFA, 0x00,
    0x00, 0x00, 0x06, 0xFF, 0xFF, 0xFF, 0xFF, 0xFF, 0xFF, 0xFF, 0x80, 0x00, 0x00, 0x1E, 0xFF, 0xFF, 0xFF, 0xDD, 0xFF, 0xFF,
    0xFF, 0xF2, 0x00, 0x00, 0x7F, 0xFF, 0xFF, 0xC3, 0x00, 0x2B, 0xFF, 0xFF, 0xF9, 0x00, 0x00, 0xBF, 0xFF, 0xFF, 0x20, 0x00,
    0x01, 0xEF, 0xFF, 0xFD, 0x00, 0x00, 0xDF, 0xFF, 0xFB, 0x00, 0x00, 0x00, 0x9F, 0xFF, 0xFF, 0x10, 0x00, 0xEF, 0xFF, 0xF9,
    0x00, 0x00, 0x00, 0x7F, 0xFF, 0xFF, 0x20, 0x00, 0xFF, 0xFF, 0xF9, 0x00, 0x00, 0x00, 0x6F, 0xFF, 0xFF, 0x20, 0x00, 0xFF,
    0xFF, 0xF9, 0x00, 0x00, 0x00, 0x13, 0x33, 0x32, 0x00, 0x00, 0xFF, 0xFF, 0xF9, 0x00, 0x00, 0x00, 0x00, 0x00, 0x00, 0x00,
    0x00, 0xFF, 0xFF, 0xF9, 0x00, 0x00, 0x00, 0x00, 0x00, 0x00, 0x00, 0x00, 0xFF, 0xFF, 0xF9, 0x00, 0x00, 0x00, 0x00, 0x00,
    0x00, 0x00, 0x00, 0xFF, 0xFF, 0xF9, 0x00, 0x00, 0x00, 0x00, 0x00, 0x00, 0x00, 0x00, 0xFF, 0xFF, 0xF9, 0x00, 0x00, 0x00,
    0x00, 0x00, 0x00, 0x00, 0x00, 0xFF, 0xFF, 0xF9, 0x00, 0x00, 0x00, 0x00, 0x00, 0x00, 0x00, 0x00, 0xFF, 0xFF, 0xF9, 0x00,
    0x00, 0x00, 0x00, 0x00, 0x00, 0x00, 0x00, 0xFF, 0xFF, 0xF9, 0x00, 0x00, 0x00, 0x00, 0x00, 0x00, 0x00, 0x00, 0xFF, 0xFF,
    0xF9, 0x00, 0x00, 0x00, 0x00, 0x00, 0x00, 0x00, 0x00, 0xFF, 0xFF, 0xF9, 0x00, 0x00, 0x00, 0x00, 0x00, 0x00, 0x00, 0x00,
    0xFF, 0xFF, 0xF9, 0x00, 0x00, 0x00, 0x00, 0x00, 0x00, 0x00, 0x00, 0xFF, 0xFF, 0xF9, 0x00, 0x00, 0x00, 0x00, 0x00, 0x00,
    0x00, 0x00, 0xFF, 0xFF, 0xF9, 0x00, 0x00, 0x00, 0x03, 0x33, 0x32, 0x00, 0x00, 0xFF, 0xFF, 0xF9, 0x00, 0x00, 0x00, 0x6F,
    0xFF, 0xFF, 0x20, 0x00, 0xEF, 0xFF, 0xF9, 0x00, 0x00, 0x00, 0x7F, 0xFF, 0xFF, 0x20, 0x00, 0xDF, 0xFF, 0xFB, 0x00, 0x00,
    0x00, 0x9F, 0xFF, 0xFF, 0x00, 0x00, 0xAF, 0xFF, 0xFF, 0x20, 0x00, 0x01, 0xEF, 0xFF, 0xFD, 0x00, 0x00, 0x6F, 0xFF, 0xFF,
    0xC2, 0x00, 0x2B, 0xFF, 0xFF, 0xF8, 0x00, 0x00, 0x1E, 0xFF, 0xFF, 0xFF, 0xDD, 0xFF, 0xFF, 0xFF, 0xF2, 0x00, 0x00, 0x06,
    0xFF, 0xFF, 0xFF, 0xFF, 0xFF, 0xFF, 0xFF, 0x70, 0x00, 0x00, 0x00, 0x8F, 0xFF, 0xFF, 0xFF, 0xFF, 0xFF, 0xF9, 0x00, 0x00,
    0x00, 0x00, 0x06, 0xEF, 0xFF, 0xFF, 0xFF, 0xFE, 0x70, 0x00, 0x00, 0x00, 0x00, 0x00, 0x16, 0xAD, 0xEF, 0xDB, 0x71, 0x00,
    0x00, 0x00, 0x00, 0x5F, 0xFF, 0xFF, 0xFF, 0xFF, 0xEC, 0x82, 0x00, 0x00, 0x00, 0x00, 0x06, 0xFF, 0xFF, 0xFF, 0xFF, 0xFF,
    0xFF, 0xF9, 0x10, 0x00, 0x00, 0x00, 0x6F, 0xFF, 0xFF, 0xFF, 0xFF, 0xFF, 0xFF, 0xFC, 0x10, 0x00, 0x00, 0x06, 0xFF, 0xFF,
    0xFF, 0xFF, 0xFF, 0xFF, 0xFF, 0xFB, 0x00, 0x00, 0x00, 0x6F, 0xFF, 0xFF, 0xDC, 0xCD, 0xFF, 0xFF, 0xFF, 0xF5, 0x00, 0x00,
    0x06, 0xFF, 0xFF, 0xF2, 0x00, 0x01, 0xAF, 0xFF, 0xFF, 0xC0, 0x00, 0x00, 0x6F, 0xFF, 0xFF, 0x20, 0x00, 0x00, 0xDF, 0xFF,
    0xFF, 0x10, 0x00, 0x06, 0xFF, 0xFF, 0xF2, 0x00, 0x00, 0x07, 0xFF, 0xFF, 0xF5, 0x00, 0x00, 0x6F, 0xFF, 0xFF, 0x20, 0x00,
    0x00, 0x4F, 0xFF, 0xFF, 0x60, 0x00, 0x06, 0xFF, 0xFF, 0xF2, 0x00, 0x00, 0x02, 0xFF, 0xFF, 0xF7, 0x00, 0x00, 0x6F, 0xFF,
    0xFF, 0x20, 0x00, 0x00, 0x2F, 0xFF, 0xFF, 0x70, 0x00, 0x06, 0xFF, 0xFF, 0xF2, 0x00, 0x00, 0x02, 0xFF, 0xFF, 0xF7, 0x00,
    0x00, 0x6F, 0xFF, 0xFF, 0x20, 0x00, 0x00, 0x2F, 0xFF, 0xFF, 0x70, 0x00, 0x06, 0xFF, 0xFF, 0xF2, 0x00, 0x00, 0x02, 0xFF,
    0xFF, 0xF7, 0x00, 0x00, 0x6F, 0xFF, 0xFF, 0x20, 0x00, 0x00, 0x2F, 0xFF, 0xFF, 0x70, 0x00, 0x06, 0xFF, 0xFF, 0xF2, 0x00,
    0x00, 0x02, 0xFF, 0xFF, 0xF7, 0x00, 0x00, 0x6F, 0xFF, 0xFF, 0x20, 0x00, 0x00, 0x2F, 0xFF, 0xFF, 0x70, 0x00, 0x06, 0xFF,
    0xFF, 0xF2, 0x00, 0x00, 0x02, 0xFF, 0xFF, 0xF7, 0x00, 0x00, 0x6F, 0xFF, 0xFF, 0x20, 0x00, 0x00, 0x2F, 0xFF, 0xFF, 0x70,
    0x00, 0x06, 0xFF, 0xFF, 0xF2, 0x00, 0x00, 0x02, 0xFF, 0xFF, 0xF7, 0x00, 0x00, 0x6F, 0xFF, 0xFF, 0x20, 0x00, 0x00, 0x2F,
    0xFF, 0xFF, 0x70, 0x00, 0x06, 0xFF, 0xFF, 0xF2, 0x00, 0x00, 0x02, 0xFF, 0xFF, 0xF7, 0x00, 0x00, 0x6F, 0xFF, 0xFF, 0x20,
    0x00, 0x00, 0x2F, 0xFF, 0xFF, 0x70, 0x00, 0x06, 0xFF, 0xFF, 0xF2, 0x00, 0x00, 0x02, 0xFF, 0xFF, 0xF7, 0x00, 0x00, 0x6F,
    0xFF, 0xFF, 0x20, 0x00, 0x00, 0x2F, 0xFF, 0xFF, 0x70, 0x00, 0x06, 0xFF, 0xFF, 0xF2, 0x00, 0x00, 0x04, 0xFF, 0xFF, 0xF6,
    0x00, 0x00, 0x6F, 0xFF, 0xFF, 0x20, 0x00, 0x00, 0x7F, 0xFF, 0xFF, 0x50, 0x00, 0x06, 0xFF, 0xFF, 0xF2, 0x00, 0x00, 0x1E,
    0xFF, 0xFF, 0xF1, 0x00, 0x00, 0x6F, 0xFF, 0xFF, 0x20, 0x00, 0x1B, 0xFF, 0xFF, 0xFC, 0x00, 0x00, 0x06, 0xFF, 0xFF, 0xFD,
    0xCC, 0xDF, 0xFF, 0xFF, 0xFF, 0x50, 0x00, 0x00, 0x6F, 0xFF, 0xFF, 0xFF, 0xFF, 0xFF, 0xFF, 0xFF, 0xB0, 0x00, 0x00, 0x06,
    0xFF, 0xFF, 0xFF, 0xFF, 0xFF, 0xFF, 0xFF, 0xC1, 0x00, 0x00, 0x00, 0x6F, 0xFF, 0xFF, 0xFF, 0xFF, 0xFF, 0xFF, 0x91, 0x00,
    0x00, 0x00, 0x05, 0xFF, 0xFF, 0xFF, 0xFF, 0xFE, 0xC8, 0x20, 0x00, 0x00, 0x00, 0x00, 0x5F, 0xFF, 0xFF, 0xFF, 0xFF, 0xFF,
    0xFF, 0xFF, 0xF4, 0x00, 0x06, 0xFF, 0xFF, 0xFF, 0xFF, 0xFF, 0xFF, 0xFF, 0xFF, 0x50, 0x00, 0x6F, 0xFF, 0xFF, 0xFF, 0xFF,
    0xFF, 0xFF, 0xFF, 0xF5, 0x00, 0x06, 0xFF, 0xFF, 0xFF, 0xFF, 0xFF, 0xFF, 0xFF, 0xFF, 0x50, 0x00, 0x6F, 0xFF, 0xFF, 0xDC,
    0xCC, 0xCC, 0xCC, 0xCC, 0xC3, 0x00, 0x06, 0xFF, 0xFF, 0xF2, 0x00, 0x00, 0x00, 0x00, 0x00, 0x00, 0x00, 0x6F, 0xFF, 0xFF,
    0x20, 0x00, 0x00, 0x00, 0x00, 0x00, 0x00, 0x06, 0xFF, 0xFF, 0xF2, 0x00, 0x00, 0x00, 0x00, 0x00, 0x00, 0x00, 0x6F, 0xFF,
    0xFF, 0x20, 0x00, 0x00, 0x00, 0x00, 0x00, 0x00, 0x06, 0xFF, 0xFF, 0xF2, 0x00, 0x00, 0x00, 0x00, 0x00, 0x00, 0x00, 0x6F,
    0xFF, 0xFF, 0x20, 0x00, 0x00, 0x00, 0x00, 0x00, 0x00, 0x06, 0xFF, 0xFF, 0xF2, 0x00, 0x00, 0x00, 0x00, 0x00, 0x00, 0x00,
    0x6F, 0xFF, 0xFF, 0x20, 0x00, 0x00, 0x00, 0x00, 0x00, 0x00, 0x06, 0xFF, 0xFF, 0xF2, 0x00, 0x00, 0x00, 0x00, 0x00, 0x00,
    0x00, 0x6F, 0xFF, 0xFF, 0x30, 0x00, 0x00, 0x00, 0x00, 0x00, 0x00, 0x06, 0xFF, 0xFF, 0xFF, 0xFF, 0xFF, 0xFE, 0x10, 0x00,
    0x00, 0x00, 0x6F, 0xFF, 0xFF, 0xFF, 0xFF, 0xFF, 0xF2, 0x00, 0x00, 0x00, 0x06, 0xFF, 0xFF, 0xFF, 0xFF, 0xFF, 0xFF, 0x20,
    0x00, 0x00, 0x00, 0x6F, 0xFF, 0xFF, 0xFF, 0xFF, 0xFF, 0xF2, 0x00, 0x00, 0x00, 0x06, 0xFF, 0xFF, 0xFD, 0xCC, 0xCC, 0xCC,
    0x10, 0x00, 0x00, 0x00, 0x6F, 0xFF, 0xFF, 0x20, 0x00, 0x00, 0x00, 0x00, 0x00, 0x00, 0x06, 0xFF, 0xFF, 0xF2, 0x00, 0x00,
    0x00, 0x00, 0x00, 0x00, 0x00, 0x6F, 0xFF, 0xFF, 0x20, 0x00, 0x00, 0x00, 0x00, 0x00, 0x00, 0x06, 0xFF, 0xFF, 0xF2, 0x00,
    0x00, 0x00, 0x00, 0x00, 0x00, 0x00, 0x6F, 0xFF, 0xFF, 0x20, 0x00, 0x00, 0x00, 0x00, 0x00, 0x00, 0x06, 0xFF, 0xFF, 0xF2,
    0x00, 0x00, 0x00, 0x00, 0x00, 0x00, 0x00, 0x6F, 0xFF, 0xFF, 0x20, 0x00, 0x00, 0x00, 0x00, 0x00, 0x00, 0x06, 0xFF, 0xFF,
    0xF2, 0x00, 0x00, 0x00, 0x00, 0x00, 0x00, 0x00, 0x6F, 0xFF, 0xFF, 0x20, 0x00, 0x00, 0x00, 0x00, 0x00, 0x00, 0x06, 0xFF,
    0xFF, 0xFD, 0xCC, 0xCC, 0xCC, 0xCC, 0xCC, 0x30, 0x00, 0x6F, 0xFF, 0xFF, 0xFF, 0xFF, 0xFF, 0xFF, 0xFF, 0xF5, 0x00, 0x06,
    0xFF, 0xFF, 0xFF, 0xFF, 0xFF, 0xFF, 0xFF, 0xFF, 0x50, 0x00, 0x6F, 0xFF, 0xFF, 0xFF, 0xFF, 0xFF, 0xFF, 0xFF, 0xF5, 0x00,
    0x05, 0xFF, 0xFF, 0xFF, 0xFF, 0xFF, 0xFF, 0xFF, 0xFF, 0x40, 0x00, 0x5F, 0xFF, 0xFF, 0xFF, 0xFF, 0xFF, 0xFF, 0xFF, 0xF3,
    0x00, 0x6F, 0xFF, 0xFF, 0xFF, 0xFF, 0xFF, 0xFF, 0xFF, 0xF4, 0x00, 0x6F, 0xFF, 0xFF, 0xFF, 0xFF, 0xFF, 0xFF, 0xFF, 0xF4,
    0x00, 0x6F, 0xFF, 0xFF, 0xFF, 0xFF, 0xFF, 0xFF, 0xFF, 0xF4, 0x00, 0x6F, 0xFF, 0xFF, 0xDC, 0xCC, 0xCC, 0xCC, 0xCC, 0xC2,
    0x00, 0x6F, 0xFF, 0xFF, 0x20, 0x00, 0x00, 0x00, 0x00, 0x00, 0x00, 0x6F, 0xFF, 0xFF, 0x20, 0x00, 0x00, 0x00, 0x00, 0x00,
    0x00, 0x6F, 0xFF, 0xFF, 0x20, 0x00, 0x00, 0x00, 0x00, 0x00, 0x00, 0x6F, 0xFF, 0xFF, 0x20, 0x00, 0x00, 0x00, 0x00, 0x00,
    0x00, 0x6F, 0xFF, 0xFF, 0x20, 0x00, 0x00, 0x00, 0x00, 0x00, 0x00, 0x6F, 0xFF, 0xFF, 0x20, 0x00, 0x00, 0x00, 0x00, 0x00,
    0x00, 0x6F, 0xFF, 0xFF, 0x20, 0x00, 0x00, 0x00, 0x00, 0x00, 0x00, 0x6F, 0xFF, 0xFF, 0x20, 0x00, 0x00, 0x00, 0x00, 0x00,
    0x00, 0x6F, 0xFF, 0xFF, 0x20, 0x00, 0x00, 0x00, 0x00, 0x00, 0x00, 0x6F, 0xFF, 0xFF, 0x30, 0x00, 0x00, 0x00, 0x00, 0x00,
    0x00, 0x6F, 0xFF, 0xFF, 0xFF, 0xFF, 0xFF, 0xE1, 0x00, 0x00, 0x00, 0x6F, 0xFF, 0xFF, 0xFF, 0xFF, 0xFF, 0xF1, 0x00, 0x00,
    0x00, 0x6F, 0xFF, 0xFF, 0xFF, 0xFF, 0xFF, 0xF1, 0x00, 0x00, 0x00, 0x6F, 0xFF, 0xFF, 0xFF, 0xFF, 0xFF, 0xF1, 0x00, 0x00,
    0x00, 0x6F, 0xFF, 0xFF, 0xDC, 0xCC, 0xCC, 0xB0, 0x00, 0x00, 0x00, 0x6F, 0xFF, 0xFF, 0x20, 0x00, 0x00, 0x00, 0x00, 0x00,
    0x00, 0x6F, 0xFF, 0xFF, 0x20, 0x00, 0x00, 0x00, 0x00, 0x00, 0x00, 0x6F, 0xFF, 0xFF, 0x20, 0x00, 0x00, 0x00, 0x00, 0x00,
    0x00, 0x6F, 0xFF, 0xFF, 0x20, 0x00, 0x00, 0x00, 0x00, 0x00, 0x00, 0x6F, 0xFF, 0xFF, 0x20, 0x00, 0x00, 0x00, 0x00, 0x00,
    0x00, 0x6F, 0xFF, 0xFF, 0x20, 0x00, 0x00, 0x00, 0x00, 0x00, 0x00, 0x6F, 0xFF, 0xFF, 0x20, 0x00, 0x00, 0x00, 0x00, 0x00,
    0x00, 0x6F, 0xFF, 0xFF, 0x20, 0x00, 0x00, 0x00, 0x00, 0x00, 0x00, 0x6F, 0xFF, 0xFF, 0x20, 0x00, 0x00, 0x00, 0x00, 0x00,
    0x00, 0x6F, 0xFF, 0xFF, 0x20, 0x00, 0x00, 0x00, 0x00, 0x00, 0x00, 0x6F, 0xFF, 0xFF, 0x20, 0x00, 0x00, 0x00, 0x00, 0x00,
    0x00, 0x6F, 0xFF, 0xFF, 0x20, 0x00, 0x00, 0x00, 0x00, 0x00, 0x00, 0x6F, 0xFF, 0xFF, 0x20, 0x00, 0x00, 0x00, 0x00, 0x00,
    0x00, 0x5F, 0xFF, 0xFF, 0x10, 0x00, 0x00, 0x00, 0x00, 0x00, 0x00, 0x00, 0x00, 0x16, 0xAD, 0xEE, 0xDB, 0x71, 0x00, 0x00,
    0x00, 0x00, 0x00, 0x06, 0xEF, 0xFF, 0xFF, 0xFF, 0xFE, 0x70, 0x00, 0x00, 0x00, 0x00, 0x9F, 0xFF, 0xFF, 0xFF, 0xFF, 0xFF,
    0xFB, 0x00, 0x00, 0x00, 0x07, 0xFF, 0xFF, 0xFF, 0xFF, 0xFF, 0xFF, 0xFF, 0x90, 0x00, 0x00, 0x1E, 0xFF, 0xFF, 0xFF, 0xDD,
    0xFF, 0xFF, 0xFF, 0xF3, 0x00, 0x00, 0x7F, 0xFF, 0xFF, 0xC2, 0x00, 0x2B, 0xFF, 0xFF, 0xFA, 0x00, 0x00, 0xBF, 0xFF, 0xFF,
    0x20, 0x00, 0x01, 0xEF, 0xFF, 0xFE, 0x00, 0x00, 0xDF, 0xFF, 0xFB, 0x00, 0x00, 0x00, 0x9F, 0xFF, 0xFF, 0x10, 0x00, 0xFF,
    0xFF, 0xF8, 0x00, 0x00, 0x00, 0x6F, 0xFF, 0xFF, 0x20, 0x00, 0xFF, 0xFF, 0xF8, 0x00, 0x00, 0x00, 0x6F, 0xFF, 0xFF, 0x20,
    0x00, 0xFF, 0xFF, 0xF8, 0x00, 0x00, 0x00, 0x5F, 0xFF, 0xFF, 0x20, 0x00, 0xFF, 0xFF, 0xF8, 0x00, 0x00, 0x00, 0x01, 0x11,
    0x11, 0x00, 0x00, 0xFF, 0xFF, 0xF8, 0x00, 0x00, 0x00, 0x00, 0x00, 0x00, 0x00, 0x00, 0xFF, 0xFF, 0xF8, 0x00, 0x00, 0x00,
    0x00, 0x00, 0x00, 0x00, 0x00, 0xFF, 0xFF, 0xF8, 0x00, 0x00, 0x00, 0x00, 0x00, 0x00, 0x00, 0x00, 0xFF, 0xFF, 0xF8, 0x00,
    0x00, 0x00, 0x00, 0x00, 0x00, 0x00, 0x00, 0xFF, 0xFF, 0xF8, 0x00, 0x1E, 0xFF, 0xFF, 0xFF, 0xFE, 0x10, 0x00, 0xFF, 0xFF,
    0xF8, 0x00, 0x2F, 0xFF, 0xFF, 0xFF, 0xFF, 0x20, 0x00, 0xFF, 0xFF, 0xF8, 0x00, 0x2F, 0xFF, 0xFF, 0xFF, 0xFF, 0x20, 0x00,
    0xFF, 0xFF, 0xF8, 0x00, 0x2F, 0xFF, 0xFF, 0xFF, 0xFF, 0x20, 0x00, 0xFF, 0xFF, 0xF8, 0x00, 0x1C, 0xCC, 0xEF, 0xFF, 0xFF,
    0x20, 0x00, 0xFF, 0xFF, 0xF8, 0x00, 0x00, 0x00, 0x6F, 0xFF, 0xFF, 0x20, 0x00, 0xFF, 0xFF, 0xF8, 0x00, 0x00, 0x00, 0x6F,
    0xFF, 0xFF, 0x20, 0x00, 0xFF, 0xFF, 0xF8, 0x00, 0x00, 0x00, 0x6F, 0xFF, 0xFF, 0x20, 0x00, 0xFF, 0xFF, 0xF8, 0x00, 0x00,
    0x00, 0x6F, 0xFF, 0xFF, 0x20, 0x00, 0xFF, 0xFF, 0xF8, 0x00, 0x00, 0x00, 0x6F, 0xFF, 0xFF, 0x20, 0x00, 0xDF, 0xFF, 0xFB,
    0x00, 0x00, 0x00, 0x9F, 0xFF, 0xFF, 0x10, 0x00, 0xBF, 0xFF, 0xFF, 0x20, 0x00, 0x01, 0xEF, 0xFF, 0xFE, 0x00, 0x00, 0x7F,
    0xFF, 0xFF, 0xC2, 0x00, 0x2B, 0xFF, 0xFF, 0xFA, 0x00, 0x00, 0x1E, 0xFF, 0xFF, 0xFF, 0xDD, 0xFF, 0xFF, 0xFF, 0xF3, 0x00,
    0x00, 0x07, 0xFF, 0xFF, 0xFF, 0xFF, 0xFF, 0xFF, 0xFF, 0x90, 0x00, 0x00, 0x00, 0x9F, 0xFF, 0xFF, 0xFF, 0xFF, 0xFF, 0xFB,
    0x00, 0x00, 0x00, 0x00, 0x06, 0xEF, 0xFF, 0xFF, 0xFF, 0xFE, 0x80, 0x00, 0x00, 0x00, 0x00, 0x00, 0x17, 0xBD, 0xEF, 0xDB,
    0x71, 0x00, 0x00, 0x00, 0x00, 0x4F, 0xFF, 0xFE, 0x10, 0x00, 0x00, 0x2F, 0xFF, 0xFF, 0x30, 0x00, 0x06, 0xFF, 0xFF, 0xF2,
    0x00, 0x00, 0x04, 0xFF, 0xFF, 0xF4, 0x00, 0x00, 0x6F, 0xFF, 0xFF, 0x20, 0x00, 0x00, 0x4F, 0xFF, 0xFF, 0x40, 0x00, 0x06,
    0xFF, 0xFF, 0xF2, 0x00, 0x00, 0x04, 0xFF, 0xFF, 0xF4, 0x00, 0x00, 0x6F, 0xFF, 0xFF, 0x20, 0x00, 0x00, 0x4F, 0xFF, 0xFF,
    0x40, 0x00, 0x06, 0xFF, 0xFF, 0xF2, 0x00, 0x00, 0x04, 0xFF, 0xFF, 0xF4, 0x00, 0x00, 0x6F, 0xFF, 0xFF, 0x20, 0x00, 0x00,
    0x4F, 0xFF, 0xFF, 0x40, 0x00, 0x06, 0xFF, 0xFF, 0xF2, 0x00, 0x00, 0x04, 0xFF, 0xFF, 0xF4, 0x00, 0x00, 0x6F, 0xFF, 0xFF,
    0x20, 0x00, 0x00, 0x4F, 0xFF, 0xFF, 0x40, 0x00, 0x06, 0xFF, 0xFF, 0xF2, 0x00, 0x00, 0x04, 0xFF, 0xFF, 0xF4, 0x00, 0x00,
    0x6F, 0xFF, 0xFF, 0x20, 0x00, 0x00, 0x4F, 0xFF, 0xFF, 0x40, 0x00, 0x06, 0xFF, 0xFF, 0xF2, 0x00, 0x00, 0x04, 0xFF, 0xFF,
    0xF4, 0x00, 0x00, 0x6F, 0xFF, 0xFF, 0x20, 0x00, 0x00, 0x4F, 0xFF, 0xFF, 0x40, 0x00, 0x06, 0xFF, 0xFF, 0xF2, 0x00, 0x00,
    0x04, 0xFF, 0xFF, 0xF4, 0x00, 0x00, 0x6F, 0xFF, 0xFF, 0x30, 0x00, 0x00, 0x4F, 0xFF, 0xFF, 0x40, 0x00, 0x06, 0xFF, 0xFF,
    0xFF, 0xFF, 0xFF, 0xFF, 0xFF, 0xFF, 0xF4, 0x00, 0x00, 0x6F, 0xFF, 0xFF, 0xFF, 0xFF, 0xFF, 0xFF, 0xFF, 0xFF, 0x40, 0x00,
    0x06, 0xFF, 0xFF, 0xFF, 0xFF, 0xFF, 0xFF, 0xFF, 0xFF, 0xF4, 0x00, 0x00, 0x6F, 0xFF, 0xFF, 0xFF, 0xFF, 0xFF, 0xFF, 0xFF,
    0xFF, 0x40, 0x00, 0x06, 0xFF, 0xFF, 0xFD, 0xCC, 0xCC, 0xCD, 0xFF, 0xFF, 0xF4, 0x00, 0x00, 0x6F, 0xFF, 0xFF, 0x20, 0x00,
    0x00, 0x4F, 0xFF, 0xFF, 0x40, 0x00, 0x06, 0xFF, 0xFF, 0xF2, 0x00, 0x00, 0x04, 0xFF, 0xFF, 0xF4, 0x00, 0x00, 0x6F, 0xFF,
    0xFF, 0x20, 0x00, 0x00, 0x4F, 0xFF, 0xFF, 0x40, 0x00, 0x06, 0xFF, 0xFF, 0xF2, 0x00, 0x00, 0x04, 0xFF, 0xFF, 0xF4, 0x00,
    0x00, 0x6F, 0xFF, 0xFF, 0x20, 0x00, 0x00, 0x4F, 0xFF, 0xFF, 0x40, 0x00, 0x06, 0xFF, 0xFF, 0xF2, 0x00, 0x00, 0x04, 0xFF,
    0xFF, 0xF4, 0x00, 0x00, 0x6F, 0xFF, 0xFF, 0x20, 0x00, 0x00, 0x4F, 0xFF, 0xFF, 0x40, 0x00, 0x06, 0xFF, 0xFF, 0xF2, 0x00,
    0x00, 0x04, 0xFF, 0xFF, 0xF4, 0x00, 0x00, 0x6F, 0xFF, 0xFF, 0x20, 0x00, 0x00, 0x4F, 0xFF, 0xFF, 0x40, 0x00, 0x06, 0xFF,
    0xFF, 0xF2, 0x00, 0x00, 0x04, 0xFF, 0xFF, 0xF4, 0x00, 0x00, 0x6F, 0xFF, 0xFF, 0x20, 0x00, 0x00, 0x4F, 0xFF, 0xFF, 0x40,
    0x00, 0x06, 0xFF, 0xFF, 0xF2, 0x00, 0x00, 0x04, 0xFF, 0xFF, 0xF4, 0x00, 0x00, 0x6F, 0xFF, 0xFF, 0x20, 0x00, 0x00, 0x4F,
    0xFF, 0xFF, 0x40, 0x00, 0x05, 0xFF, 0xFF, 0xF1, 0x00, 0x00, 0x03, 0xFF, 0xFF, 0xF3, 0x00, 0x00, 0x4F, 0xFF, 0xFE, 0x10,
    0x00, 0x06, 0xFF, 0xFF, 0xF2, 0x00, 0x00, 0x6F, 0xFF, 0xFF, 0x20, 0x00, 0x06, 0xFF, 0xFF, 0xF2, 0x00, 0x00, 0x6F, 0xFF,
    0xFF, 0x20, 0x00, 0x06, 0xFF, 0xFF, 0xF2, 0x00, 0x00, 0x6F, 0xFF, 0xFF, 0x20, 0x00, 0x06, 0xFF, 0xFF, 0xF2, 0x00, 0x00,
    0x6F, 0xFF, 0xFF, 0x20, 0x00, 0x06, 0xFF, 0xFF, 0xF2, 0x00, 0x00, 0x6F, 0xFF, 0xFF, 0x20, 0x00, 0x06, 0xFF, 0xFF, 0xF2,
    0x00, 0x00, 0x6F, 0xFF, 0xFF, 0x20, 0x00, 0x06, 0xFF, 0xFF, 0xF2, 0x00, 0x00, 0x6F, 0xFF, 0xFF, 0x20, 0x00, 0x06, 0xFF,
    0xFF, 0xF2, 0x00, 0x00, 0x6F, 0xFF, 0xFF, 0x20, 0x00, 0x06, 0xFF, 0xFF, 0xF2, 0x00, 0x00, 0x6F, 0xFF, 0xFF, 0x20, 0x00,
    0x06, 0xFF, 0xFF, 0xF2, 0x00, 0x00, 0x6F, 0xFF, 0xFF, 0x20, 0x00, 0x06, 0xFF, 0xFF, 0xF2, 0x00, 0x00, 0x6F, 0xFF, 0xFF,
    0x20, 0x00, 0x06, 0xFF, 0xFF, 0xF2, 0x00, 0x00, 0x6F, 0xFF, 0xFF, 0x20, 0x00, 0x06, 0xFF, 0xFF, 0xF2, 0x00, 0x00, 0x6F,
    0xFF, 0xFF, 0x20, 0x00, 0x06, 0xFF, 0xFF, 0xF2, 0x00, 0x00, 0x6F, 0xFF, 0xFF, 0x20, 0x00, 0x06, 0xFF, 0xFF, 0xF2, 0x00,
    0x00, 0x6F, 0xFF, 0xFF, 0x20, 0x00, 0x06, 0xFF, 0xFF, 0xF2, 0x00, 0x00, 0x6F, 0xFF, 0xFF, 0x20, 0x00, 0x05, 0xFF, 0xFF,
    0xE1, 0x00, 0x00, 0x00, 0x00, 0x00, 0x00, 0x00, 0x0C, 0xFF, 0xFF, 0x80, 0x00, 0x00, 0x00, 0x00, 0x00, 0x00, 0x00, 0xEF,
    0xFF, 0xF9, 0x00, 0x00, 0x00, 0x00, 0x00, 0x00, 0x00, 0x0E, 0xFF, 0xFF, 0x90, 0x00, 0x00, 0x00, 0x00, 0x00, 0x00, 0x00,
    0xEF, 0xFF, 0xF9, 0x00, 0x00, 0x00, 0x00, 0x00, 0x00, 0x00, 0x0E, 0xFF, 0xFF, 0x90, 0x00, 0x00, 0x00, 0x00, 0x00, 0x00,
    0x00, 0xEF, 0xFF, 0xF9, 0x00, 0x00, 0x00, 0x00, 0x00, 0x00, 0x00, 0x0E, 0xFF, 0xFF, 0x90, 0x00, 0x00, 0x00, 0x00, 0x00,
    0x00, 0x00, 0xEF, 0xFF, 0xF9, 0x00, 0x00, 0x00, 0x00, 0x00, 0x00, 0x00, 0x0E, 0xFF, 0xFF, 0x90, 0x00, 0x00, 0x00, 0x00,
    0x00, 0x00, 0x00, 0xEF, 0xFF, 0xF9, 0x00, 0x00, 0x00, 0x00, 0x00, 0x00, 0x00, 0x0E, 0xFF, 0xFF, 0x90, 0x00, 0x00, 0x00,
    0x00, 0x00, 0x00, 0x00, 0xEF, 0xFF, 0xF9, 0x00, 0x00, 0x00, 0x00, 0x00, 0x00, 0x00, 0x0E, 0xFF, 0xFF, 0x90, 0x00, 0x00,
    0x00, 0x00, 0x00, 0x00, 0x00, 0xEF, 0xFF, 0xF9, 0x00, 0x00, 0x00, 0x00, 0x00, 0x00, 0x00, 0x0E, 0xFF, 0xFF, 0x90, 0x00,
    0x00, 0x00, 0x00, 0x00, 0x00, 0x00, 0xEF, 0xFF, 0xF9, 0x00, 0x00, 0x00, 0x00, 0x00, 0x00, 0x00, 0x0E, 0xFF, 0xFF, 0x90,
    0x00, 0x00, 0x00, 0x00, 0x00, 0x00, 0x00, 0xEF, 0xFF, 0xF9, 0x00, 0x00, 0x00, 0x00, 0x00, 0x00, 0x00, 0x0E, 0xFF, 0xFF,
    0x90, 0x00, 0x00, 0x00, 0x00, 0x00, 0x00, 0x00, 0xEF, 0xFF, 0xF9, 0x00, 0x00, 0x00, 0x00, 0x00, 0x00, 0x00, 0x0E, 0xFF,
    0xFF, 0x90, 0x01, 0xCC, 0xCC, 0xC3, 0x00, 0x00, 0x00, 0xEF, 0xFF, 0xF9, 0x00, 0x3F, 0xFF, 0xFF, 0x60, 0x00, 0x00, 0x0E,
    0xFF, 0xFF, 0x90, 0x03, 0xFF, 0xFF, 0xF6, 0x00, 0x00, 0x00, 0xEF, 0xFF, 0xF9, 0x00, 0x3F, 0xFF, 0xFF, 0x60, 0x00, 0x00,
    0x0E, 0xFF, 0xFF, 0x90, 0x03, 0xFF, 0xFF, 0xF6, 0x00, 0x00, 0x00, 0xEF, 0xFF, 0xF9, 0x00, 0x1F, 0xFF, 0xFF, 0x80, 0x00,
    0x00, 0x2F, 0xFF, 0xFF, 0x80, 0x00, 0xEF, 0xFF, 0xFD, 0x10, 0x00, 0x08, 0xFF, 0xFF, 0xF6, 0x00, 0x0A, 0xFF, 0xFF, 0xFA,
    0x10, 0x05, 0xFF, 0xFF, 0xFF, 0x20, 0x00, 0x4F, 0xFF, 0xFF, 0xFF, 0xDE, 0xFF, 0xFF, 0xFF, 0xA0, 0x00, 0x00, 0xAF, 0xFF,
    0xFF, 0xFF, 0xFF, 0xFF, 0xFF, 0xE2, 0x00, 0x00, 0x01, 0xCF, 0xFF, 0xFF, 0xFF, 0xFF, 0xFF, 0xE4, 0x00, 0x00, 0x00, 0x00,
    0x9F, 0xFF, 0xFF, 0xFF, 0xFF, 0xC3, 0x00, 0x00, 0x00, 0x00, 0x00, 0x28, 0xCE, 0xFE, 0xD9, 0x50, 0x00, 0x00, 0x00, 0x00,
    0x4F, 0xFF, 0xFE, 0x10, 0x00, 0x00, 0x05, 0xFF, 0xFF, 0xF7, 0x00, 0x06, 0xFF, 0xFF, 0xF2, 0x00, 0x00, 0x00, 0xDF, 0xFF,
    0xFF, 0x20, 0x00, 0x6F, 0xFF, 0xFF, 0x20, 0x00, 0x00, 0x7F, 0xFF, 0xFF, 0x80, 0x00, 0x06, 0xFF, 0xFF, 0xF2, 0x00, 0x00,
    0x1E, 0xFF, 0xFF, 0xE1, 0x00, 0x00, 0x6F, 0xFF, 0xFF, 0x20, 0x00, 0x07, 0xFF, 0xFF, 0xF8, 0x00, 0x00, 0x06, 0xFF, 0xFF,
    0xF2, 0x00, 0x01, 0xEF, 0xFF, 0xFE, 0x10, 0x00, 0x00, 0x6F, 0xFF, 0xFF, 0x20, 0x00, 0x8F, 0xFF, 0xFF, 0x70, 0x00, 0x00,
    0x06, 0xFF, 0xFF, 0xF2, 0x00, 0x1E, 0xFF, 0xFF, 0xE1, 0x00, 0x00, 0x00, 0x6F, 0xFF, 0xFF, 0x20, 0x08, 0xFF, 0xFF, 0xF6,
    0x00, 0x00, 0x00, 0x06, 0xFF, 0xFF, 0xF2, 0x02, 0xFF, 0xFF, 0xFD, 0x00, 0x00, 0x00, 0x00, 0x6F, 0xFF, 0xFF, 0x20, 0x9F,
    0xFF, 0xFF, 0x60, 0x00, 0x00, 0x00, 0x06, 0xFF, 0xFF, 0xF2, 0x2F, 0xFF, 0xFF, 0xD0, 0x00, 0x00, 0x00, 0x00, 0x6F, 0xFF,
    0xFF, 0x2A, 0xFF, 0xFF, 0xF5, 0x00, 0x00, 0x00, 0x00, 0x06, 0xFF, 0xFF, 0xF5, 0xFF, 0xFF, 0xFC, 0x00, 0x00, 0x00, 0x00,
    0x00, 0x6F, 0xFF, 0xFF, 0xDF, 0xFF, 0xFF, 0x50, 0x00, 0x00, 0x00, 0x00, 0x06, 0xFF, 0xFF, 0xFF, 0xFF, 0xFF, 0xF8, 0x00,
    0x00, 0x00, 0x00, 0x00, 0x6F, 0xFF, 0xFF, 0xFF, 0xFF, 0xFF, 0xE1, 0x00, 0x00, 0x00, 0x00, 0x06, 0xFF, 0xFF, 0xFF, 0xFF,
    0xFF, 0xFF, 0x60, 0x00, 0x00, 0x00, 0x00, 0x6F, 0xFF, 0xFF, 0xFF, 0xFF, 0xFF, 0xFC, 0x00, 0x00, 0x00, 0x00, 0x06, 0xFF,
    0xFF, 0xFF, 0xFC, 0xFF, 0xFF, 0xF3, 0x00, 0x00, 0x00, 0x00, 0x6F, 0xFF, 0xFF, 0xFA, 0x2F, 0xFF, 0xFF, 0xA0, 0x00, 0x00,
    0x00, 0x06, 0xFF, 0xFF, 0xFE, 0x20, 0xBF, 0xFF, 0xFF, 0x10, 0x00, 0x00, 0x00, 0x6F, 0xFF, 0xFF, 0x70, 0x05, 0xFF, 0xFF,
    0xF7, 0x00, 0x00, 0x00, 0x06, 0xFF, 0xFF, 0xF2, 0x00, 0x0E, 0xFF, 0xFF, 0xD0, 0x00, 0x00, 0x00, 0x6F, 0xFF, 0xFF, 0x20,
    0x00, 0x8F, 0xFF, 0xFF, 0x50, 0x00, 0x00, 0x06, 0xFF, 0xFF, 0xF2, 0x00, 0x02, 0xFF, 0xFF, 0xFB, 0x00, 0x00, 0x00, 0x6F,
    0xFF, 0xFF, 0x20, 0x00, 0x0B, 0xFF, 0xFF, 0xF2, 0x00, 0x00, 0x06, 0xFF, 0xFF, 0xF2, 0x00, 0x00, 0x4F, 0xFF, 0xFF, 0x90,
    0x00, 0x00, 0x6F, 0xFF, 0xFF, 0x20, 0x00, 0x00, 0xDF, 0xFF, 0xFE, 0x10, 0x00, 0x06, 0xFF, 0xFF, 0xF2, 0x00, 0x00, 0x07,
    0xFF, 0xFF, 0xF6, 0x00, 0x00, 0x6F, 0xFF, 0xFF, 0x20, 0x00, 0x00, 0x1F, 0xFF, 0xFF, 0xD0, 0x00, 0x06, 0xFF, 0xFF, 0xF2,
    0x00, 0x00, 0x00, 0xAF, 0xFF, 0xFF, 0x40, 0x00, 0x6F, 0xFF, 0xFF, 0x20, 0x00, 0x00, 0x04, 0xFF, 0xFF, 0xFA, 0x00, 0x05,
    0xFF, 0xFF, 0xE1, 0x00, 0x00, 0x00, 0x0C, 0xFF, 0xFF, 0xE0, 0x00, 0x4F, 0xFF, 0xFE, 0x10, 0x00, 0x00, 0x00, 0x00, 0x00,
    0x00, 0x6F, 0xFF, 0xFF, 0x20, 0x00, 0x00, 0x00, 0x00, 0x00, 0x00, 0x6F, 0xFF, 0xFF, 0x20, 0x00, 0x00, 0x00, 0x00, 0x00,
    0x00, 0x6F, 0xFF, 0xFF, 0x20, 0x00, 0x00, 0x00, 0x00, 0x00, 0x00, 0x6F, 0xFF, 0xFF, 0x20, 0x00, 0x00, 0x00, 0x00, 0x00,
    0x00, 0x6F, 0xFF, 0xFF, 0x20, 0x00, 0x00, 0x00, 0x00, 0x00, 0x00, 0x6F, 0xFF, 0xFF, 0x20, 0x00, 0x00, 0x00, 0x00, 0x00,
    0x00, 0x6F, 0xFF, 0xFF, 0x20, 0x00, 0x00, 0x00, 0x00, 0x00, 0x00, 0x6F, 0xFF, 0xFF, 0x20, 0x00, 0x00, 0x00, 0x00, 0x00,
    0x00, 0x6F, 0xFF, 0xFF, 0x20, 0x00, 0x00, 0x00, 0x00, 0x00, 0x00, 0x6F, 0xFF, 0xFF, 0x20, 0x00, 0x00, 0x00, 0x00, 0x00,
    0x00, 0x6F, 0xFF, 0xFF, 0x20, 0x00, 0x00, 0x00, 0x00, 0x00, 0x00, 0x6F, 0xFF, 0xFF, 0x20, 0x00, 0x00, 0x00, 0x00, 0x00,
    0x00, 0x6F, 0xFF, 0xFF, 0x20, 0x00, 0x00, 0x00, 0x00, 0x00, 0x00, 0x6F, 0xFF, 0xFF, 0x20, 0x00, 0x00, 0x00, 0x00, 0x00,
    0x00, 0x6F, 0xFF, 0xFF, 0x20, 0x00, 0x00, 0x00, 0x00, 0x00, 0x00, 0x6F, 0xFF, 0xFF, 0x20, 0x00, 0x00, 0x00, 0x00, 0x00,
    0x00, 0x6F, 0xFF, 0xFF, 0x20, 0x00, 0x00, 0x00, 0x00, 0x00, 0x00, 0x6F, 0xFF, 0xFF, 0x20, 0x00, 0x00, 0x00, 0x00, 0x00,
    0x00, 0x6F, 0xFF, 0xFF, 0x20, 0x00, 0x00, 0x00, 0x00, 0x00, 0x00, 0x6F, 0xFF, 0xFF, 0x20, 0x00, 0x00, 0x00, 0x00, 0x00,
    0x00, 0x6F, 0xFF, 0xFF, 0x20, 0x00, 0x00, 0x00, 0x00, 0x00, 0x00, 0x6F, 0xFF, 0xFF, 0x20, 0x00, 0x00, 0x00, 0x00, 0x00,
    0x00, 0x6F, 0xFF, 0xFF, 0x20, 0x00, 0x00, 0x00, 0x00, 0x00, 0x00, 0x6F, 0xFF, 0xFF, 0x20, 0x00, 0x00, 0x00, 0x00, 0x00,
    0x00, 0x6F, 0xFF, 0xFF, 0x20, 0x00, 0x00, 0x00, 0x00, 0x00, 0x00, 0x6F, 0xFF, 0xFF, 0x20, 0x00, 0x00, 0x00, 0x00, 0x00,
    0x00, 0x6F, 0xFF, 0xFF, 0x20, 0x00, 0x00, 0x00, 0x00, 0x00, 0x00, 0x6F, 0xFF, 0xFF, 0x20, 0x00, 0x00, 0x00, 0x00, 0x00,
    0x00, 0x6F, 0xFF, 0xFF, 0xDC, 0xCC, 0xCC, 0xCC, 0xCC, 0xC3, 0x00, 0x6F, 0xFF, 0xFF, 0xFF, 0xFF, 0xFF, 0xFF, 0xFF, 0xF5,
    0x00, 0x6F, 0xFF, 0xFF, 0xFF, 0xFF, 0xFF, 0xFF, 0xFF, 0xF5, 0x00, 0x6F, 0xFF, 0xFF, 0xFF, 0xFF, 0xFF, 0xFF, 0xFF, 0xF5,
    0x00, 0x5F, 0xFF, 0xFF, 0xFF, 0xFF, 0xFF, 0xFF, 0xFF, 0xF4, 0x00, 0x6F, 0xFF, 0xFE, 0x30, 0x00, 0x00, 0x00, 0x05, 0xFF,
    0xFF, 0xF4, 0x00, 0x00, 0x8F, 0xFF, 0xFF, 0xB0, 0x00, 0x00, 0x00, 0x1D, 0xFF, 0xFF, 0xF6, 0x00, 0x00, 0x8F, 0xFF, 0xFF,
    0xF5, 0x00, 0x00, 0x00, 0x7F, 0xFF, 0xFF, 0xF6, 0x00, 0x00, 0x8F, 0xFF, 0xFF, 0xFD, 0x00, 0x00, 0x01, 0xEF, 0xFF, 0xFF,
    0xF6, 0x00, 0x00, 0x8F, 0xFF, 0xFF, 0xFF, 0x60, 0x00, 0x08, 0xFF, 0xFF, 0xFF, 0xF6, 0x00, 0x00, 0x8F, 0xFF, 0xFF, 0xFF,
    0xE1, 0x00, 0x2F, 0xFF, 0xFF, 0xFF, 0xF6, 0x00, 0x00, 0x8F, 0xFF, 0xFF, 0xFF, 0xF8, 0x00, 0x9F, 0xFF, 0xFF, 0xFF, 0xF6,
    0x00, 0x00, 0x8F, 0xFF, 0xFF, 0xFF, 0xFE, 0x12, 0xFF, 0xFF, 0xFF, 0xFF, 0xF6, 0x00, 0x00, 0x8F, 0xFF, 0xFF, 0xFF, 0xFF,
    0x9A, 0xFF, 0xFF, 0xFF, 0xFF, 0xF6, 0x00, 0x00, 0x8F, 0xFF, 0xFF, 0xFF, 0xFF, 0xFF, 0xFF, 0xFF, 0xFF, 0xFF, 0xF6, 0x00,
    0x00, 0x8F, 0xFF, 0xFF, 0xDF, 0xFF, 0xFF, 0xFF, 0xFD, 0xFF, 0xFF, 0xF6, 0x00, 0x00, 0x8F, 0xFF, 0xFF, 0x4F, 0xFF, 0xFF,
    0xFF, 0xE4, 0xFF, 0xFF, 0xF6, 0x00, 0x00, 0x8F, 0xFF, 0xFF, 0x0A, 0xFF, 0xFF, 0xFF, 0x73, 0xFF, 0xFF, 0xF6, 0x00, 0x00,
    0x8F, 0xFF, 0xFF, 0x02, 0xFF, 0xFF, 0xFE, 0x13, 0xFF, 0xFF, 0xF6, 0x00, 0x00, 0x8F, 0xFF, 0xFF, 0x00, 0x9F, 0xFF, 0xF6,
    0x03, 0xFF, 0xFF, 0xF6, 0x00, 0x00, 0x8F, 0xFF, 0xFF, 0x00, 0x1E, 0xFF, 0xD0, 0x03, 0xFF, 0xFF, 0xF6, 0x00, 0x00, 0x8F,
    0xFF, 0xFF, 0x00, 0x07, 0xFF, 0x50, 0x03, 0xFF, 0xFF, 0xF6, 0x00, 0x00, 0x8F, 0xFF, 0xFF, 0x00, 0x01, 0xDB, 0x00, 0x03,
    0xFF, 0xFF, 0xF6, 0x00, 0x00, 0x8F, 0xFF, 0xFF, 0x00, 0x00, 0x43, 0x00, 0x03, 0xFF, 0xFF, 0xF6, 0x00, 0x00, 0x8F, 0xFF,
    0xFF, 0x00, 0x00, 0x00, 0x00, 0x03, 0xFF, 0xFF, 0xF6, 0x00, 0x00, 0x8F, 0xFF, 0xFF, 0x00, 0x00, 0x00, 0x00, 0x03, 0xFF,
    0xFF, 0xF6, 0x00, 0x00, 0x8F, 0xFF, 0xFF, 0x00, 0x00, 0x00, 0x00, 0x03, 0xFF, 0xFF, 0xF6, 0x00, 0x00, 0x8F, 0xFF, 0xFF,
    0x00, 0x00, 0x00, 0x00, 0x03, 0xFF, 0xFF, 0xF6, 0x00, 0x00, 0x8F, 0xFF, 0xFF, 0x00, 0x00, 0x00, 0x00, 0x03, 0xFF, 0xFF,
    0xF6, 0x00, 0x00, 0x8F, 0xFF, 0xFF, 0x00, 0x00, 0x00, 0x00, 0x03, 0xFF, 0xFF, 0xF6, 0x00, 0x00, 0x8F, 0xFF, 0xFF, 0x00,
    0x00, 0x00, 0x00, 0x03, 0xFF, 0xFF, 0xF6, 0x00, 0x00, 0x8F, 0xFF, 0xFF, 0x00, 0x00, 0x00, 0x00, 0x03, 0xFF, 0xFF, 0xF6,
    0x00, 0x00, 0x8F, 0xFF, 0xFF, 0x00, 0x00, 0x00, 0x00, 0x03, 0xFF, 0xFF, 0xF6, 0x00, 0x00, 0x8F, 0xFF, 0xFF, 0x00, 0x00,
    0x00, 0x00, 0x03, 0xFF, 0xFF, 0xF6, 0x00, 0x00, 0x8F, 0xFF, 0xFF, 0x00, 0x00, 0x00, 0x00, 0x03, 0xFF, 0xFF, 0xF6, 0x00,
    0x00, 0x8F, 0xFF, 0xFF, 0x00, 0x00, 0x00, 0x00, 0x03, 0xFF, 0xFF, 0xF6, 0x00, 0x00, 0x8F, 0xFF, 0xFF, 0x00, 0x00, 0x00,
    0x00, 0x03, 0xFF, 0xFF, 0xF6, 0x00, 0x00, 0x8F, 0xFF, 0xFF, 0x00, 0x00, 0x00, 0x00, 0x03, 0xFF, 0xFF, 0xF6, 0x00, 0x00,
    0x7F, 0xFF, 0xFE, 0x00, 0x00, 0x00, 0x00, 0x02, 0xFF, 0xFF, 0xF4, 0x00, 0x00, 0x4F, 0xFF, 0xFF, 0xA0, 0x00, 0x00, 0x00,
    0xAF, 0xFF, 0xFA, 0x00, 0x00, 0x6F, 0xFF, 0xFF, 0xF1, 0x00, 0x00, 0x00, 0xCF, 0xFF, 0xFB, 0x00, 0x00, 0x6F, 0xFF, 0xFF,
    0xF7, 0x00, 0x00, 0x00, 0xCF, 0xFF, 0xFB, 0x00, 0x00, 0x6F, 0xFF, 0xFF, 0xFC, 0x00, 0x00, 0x00, 0xCF, 0xFF, 0xFB, 0x00,
    0x00, 0x6F, 0xFF, 0xFF, 0xFF, 0x20, 0x00, 0x00, 0xCF, 0xFF, 0xFB, 0x00, 0x00, 0x6F, 0xFF, 0xFF, 0xFF, 0x70, 0x00, 0x00,
    0xCF, 0xFF, 0xFB, 0x00, 0x00, 0x6F, 0xFF, 0xFF, 0xFF, 0xD0, 0x00, 0x00, 0xCF, 0xFF, 0xFB, 0x00, 0x00, 0x6F, 0xFF, 0xFF,
    0xFF, 0xF3, 0x00, 0x00, 0xCF, 0xFF, 0xFB, 0x00, 0x00, 0x6F, 0xFF, 0xFF, 0xFF, 0xF8, 0x00, 0x00, 0xCF, 0xFF, 0xFB, 0x00,
    0x00, 0x6F, 0xFF, 0xFF, 0xFF, 0xFD, 0x00, 0x00, 0xCF, 0xFF, 0xFB, 0x00, 0x00, 0x6F, 0xFF, 0xFF, 0xFF, 0xFF, 0x40, 0x00,
    0xCF, 0xFF, 0xFB, 0x00, 0x00, 0x6F, 0xFF, 0xFF, 0xFF, 0xFF, 0x90, 0x00, 0xCF, 0xFF, 0xFB, 0x00, 0x00, 0x6F, 0xFF, 0xFF,
    0xFF, 0xFF, 0xE0, 0x00, 0xCF, 0xFF, 0xFB, 0x00, 0x00, 0x6F, 0xFF, 0xFF, 0x9F, 0xFF, 0xF4, 0x00, 0xCF, 0xFF, 0xFB, 0x00,
    0x00, 0x6F, 0xFF, 0xFF, 0x3F, 0xFF, 0xFA, 0x00, 0xCF, 0xFF, 0xFB, 0x00, 0x00, 0x6F, 0xFF, 0xFF, 0x1C, 0xFF, 0xFE, 0x10,
    0xCF, 0xFF, 0xFB, 0x00, 0x00, 0x6F, 0xFF, 0xFF, 0x17, 0xFF, 0xFF, 0x50, 0xCF, 0xFF, 0xFB, 0x00, 0x00, 0x6F, 0xFF, 0xFF,
    0x12, 0xFF, 0xFF, 0xA0, 0xCF, 0xFF, 0xFB, 0x00, 0x00, 0x6F, 0xFF, 0xFF, 0x10, 0xBF, 0xFF, 0xF1, 0xCF, 0xFF, 0xFB, 0x00,
    0x00, 0x6F, 0xFF, 0xFF, 0x10, 0x6F, 0xFF, 0xF6, 0xCF, 0xFF, 0xFB, 0x00, 0x00, 0x6F, 0xFF, 0xFF, 0x10, 0x1F, 0xFF, 0xFB,
    0xCF, 0xFF, 0xFB, 0x00, 0x00, 0x6F, 0xFF, 0xFF, 0x10, 0x0B, 0xFF, 0xFF, 0xFF, 0xFF, 0xFB, 0x00, 0x00, 0x6F, 0xFF, 0xFF,
    0x10, 0x05, 0xFF, 0xFF, 0xFF, 0xFF, 0xFB, 0x00, 0x00, 0x6F, 0xFF, 0xFF, 0x10, 0x01, 0xEF, 0xFF, 0xFF, 0xFF, 0xFB, 0x00,
    0x00, 0x6F, 0xFF, 0xFF, 0x10, 0x00, 0xAF, 0xFF, 0xFF, 0xFF, 0xFB, 0x00, 0x00, 0x6F, 0xFF, 0xFF, 0x10, 0x00, 0x5F, 0xFF,
    0xFF, 0xFF, 0xFB, 0x00, 0x00, 0x6F, 0xFF, 0xFF, 0x10, 0x00, 0x0E, 0xFF, 0xFF, 0xFF, 0xFB, 0x00, 0x00, 0x6F, 0xFF, 0xFF,
    0x10, 0x00, 0x09, 0xFF, 0xFF, 0xFF, 0xFB, 0x00, 0x00, 0x6F, 0xFF, 0xFF, 0x10, 0x00, 0x04, 0xFF, 0xFF, 0xFF, 0xFB, 0x00,
    0x00, 0x6F, 0xFF, 0xFF, 0x10, 0x00, 0x00, 0xDF, 0xFF, 0xFF, 0xFB, 0x00, 0x00, 0x6F, 0xFF, 0xFF, 0x10, 0x00, 0x00, 0x8F,
    0xFF, 0xFF, 0xFB, 0x00, 0x00, 0x6F, 0xFF, 0xFF, 0x20, 0x00, 0x00, 0x3F, 0xFF, 0xFF, 0xFB, 0x00, 0x00, 0x6F, 0xFF, 0xFF,
    0x20, 0x00, 0x00, 0x0D, 0xFF, 0xFF, 0xFB, 0x00, 0x00, 0x5F, 0xFF, 0xFE, 0x10, 0x00, 0x00, 0x07, 0xFF, 0xFF, 0xFA, 0x00,
    0x00, 0x00, 0x00, 0x06, 0xAD, 0xEF, 0xDB, 0x72, 0x00, 0x00, 0x00, 0x00, 0x00, 0x05, 0xDF, 0xFF, 0xFF, 0xFF, 0xFF, 0x80,
    0x00, 0x00, 0x00, 0x00, 0x7F, 0xFF, 0xFF, 0xFF, 0xFF, 0xFF, 0xFC, 0x10, 0x00, 0x00, 0x05, 0xFF, 0xFF, 0xFF, 0xFF, 0xFF,
    0xFF, 0xFF, 0xB0, 0x00, 0x00, 0x0D, 0xFF, 0xFF, 0xFF, 0xDD, 0xFF, 0xFF, 0xFF, 0xF5, 0x00, 0x00, 0x6F, 0xFF, 0xFF, 0xD3,
    0x00, 0x1A, 0xFF, 0xFF, 0xFC, 0x00, 0x00, 0xAF, 0xFF, 0xFF, 0x30, 0x00, 0x00, 0xCF, 0xFF, 0xFF, 0x10, 0x00, 0xDF, 0xFF,
    0xFC, 0x00, 0x00, 0x00, 0x5F, 0xFF, 0xFF, 0x40, 0x00, 0xEF, 0xFF, 0xF9, 0x00, 0x00, 0x00, 0x3F, 0xFF, 0xFF, 0x50, 0x00,
    0xFF, 0xFF, 0xF9, 0x00, 0x00, 0x00, 0x3F, 0xFF, 0xFF, 0x60, 0x00, 0xFF, 0xFF, 0xF9, 0x00, 0x00, 0x00, 0x3F, 0xFF, 0xFF,
    0x60, 0x00, 0xFF, 0xFF, 0xF9, 0x00, 0x00, 0x00, 0x3F, 0xFF, 0xFF, 0x60, 0x00, 0xFF, 0xFF, 0xF9, 0x00, 0x00, 0x00, 0x3F,
    0xFF, 0xFF, 0x60, 0x00, 0xFF, 0xFF, 0xF9, 0x00, 0x00, 0x00, 0x3F, 0xFF, 0xFF, 0x60, 0x00, 0xFF, 0xFF, 0xF9, 0x00, 0x00,
    0x00, 0x3F, 0xFF, 0xFF, 0x60, 0x00, 0xFF, 0xFF, 0xF9, 0x00, 0x00, 0x00, 0x3F, 0xFF, 0xFF, 0x60, 0x00, 0xFF, 0xFF, 0xF9,
    0x00, 0x00, 0x00, 0x3F, 0xFF, 0xFF, 0x60, 0x00, 0xFF, 0xFF, 0xF9, 0x00, 0x00, 0x00, 0x3F, 0xFF, 0xFF, 0x60, 0x00, 0xFF,
    0xFF, 0xF9, 0x00, 0x00, 0x00, 0x3F, 0xFF, 0xFF, 0x60, 0x00, 0xFF, 0xFF, 0xF9, 0x00, 0x00, 0x00, 0x3F, 0xFF, 0xFF, 0x60,
    0x00, 0xFF, 0xFF, 0xF9, 0x00, 0x00, 0x00, 0x3F, 0xFF, 0xFF, 0x60, 0x00, 0xFF, 0xFF, 0xF9, 0x00, 0x00, 0x00, 0x3F, 0xFF,
    0xFF, 0x60, 0x00, 0xFF, 0xFF, 0xF9, 0x00, 0x00, 0x00, 0x3F, 0xFF, 0xFF, 0x60, 0x00, 0xFF, 0xFF, 0xF9, 0x00, 0x00, 0x00,
    0x3F, 0xFF, 0xFF, 0x60, 0x00, 0xFF, 0xFF, 0xF9, 0x00, 0x00, 0x00, 0x3F, 0xFF, 0xFF, 0x60, 0x00, 0xEF, 0xFF, 0xF9, 0x00,
    0x00, 0x00, 0x3F, 0xFF, 0xFF, 0x50, 0x00, 0xDF, 0xFF, 0xFC, 0x00, 0x00, 0x00, 0x5F, 0xFF, 0xFF, 0x40, 0x00, 0xAF, 0xFF,
    0xFF, 0x30, 0x00, 0x00, 0xCF, 0xFF, 0xFF, 0x10, 0x00, 0x6F, 0xFF, 0xFF, 0xD3, 0x00, 0x1A, 0xFF, 0xFF, 0xFC, 0x00, 0x00,
    0x0D, 0xFF, 0xFF, 0xFF, 0xDD, 0xFF, 0xFF, 0xFF, 0xF5, 0x00, 0x00, 0x05, 0xFF, 0xFF, 0xFF, 0xFF, 0xFF, 0xFF, 0xFF, 0xB0,
    0x00, 0x00, 0x00, 0x7F, 0xFF, 0xFF, 0xFF, 0xFF, 0xFF, 0xFC, 0x10, 0x00, 0x00, 0x00, 0x05, 0xDF, 0xFF, 0xFF, 0xFF, 0xFF,
    0x90, 0x00, 0x00, 0x00, 0x00, 0x00, 0x06, 0xAD, 0xEF, 0xEB, 0x72, 0x00, 0x00, 0x00, 0x00, 0x5F, 0xFF, 0xFF, 0xFF, 0xFF,
    0xFD, 0xA5, 0x00, 0x00, 0x00, 0x00, 0x7F, 0xFF, 0xFF, 0xFF, 0xFF, 0xFF, 0xFF, 0xC2, 0x00, 0x00, 0x00, 0x7F, 0xFF, 0xFF,
    0xFF, 0xFF, 0xFF, 0xFF, 0xFE, 0x20, 0x00, 0x00, 0x7F, 0xFF, 0xFF, 0xFF, 0xFF, 0xFF, 0xFF, 0xFF, 0xC0, 0x00, 0x00, 0x7F,
    0xFF, 0xFF, 0xDC, 0xCD, 0xFF, 0xFF, 0xFF, 0xF7, 0x00, 0x00, 0x7F, 0xFF, 0xFF, 0x20, 0x00, 0x1A, 0xFF, 0xFF, 0xFD, 0x00,
    0x00, 0x7F, 0xFF, 0xFF, 0x20, 0x00, 0x00, 0xBF, 0xFF, 0xFF, 0x40, 0x00, 0x7F, 0xFF, 0xFF, 0x20, 0x00, 0x00, 0x4F, 0xFF,
    0xFF, 0x70, 0x00, 0x7F, 0xFF, 0xFF, 0x20, 0x00, 0x00, 0x0F, 0xFF, 0xFF, 0x90, 0x00, 0x7F, 0xFF, 0xFF, 0x20, 0x00, 0x00,
    0x0D, 0xFF, 0xFF, 0xB0, 0x00, 0x7F, 0xFF, 0xFF, 0x20, 0x00, 0x00, 0x0D, 0xFF, 0xFF, 0xB0, 0x00, 0x7F, 0xFF, 0xFF, 0x20,
    0x00, 0x00, 0x0E, 0xFF, 0xFF, 0xA0, 0x00, 0x7F, 0xFF, 0xFF, 0x20, 0x00, 0x00, 0x3F, 0xFF, 0xFF, 0x80, 0x00, 0x7F, 0xFF,
    0xFF, 0x20, 0x00, 0x00, 0xBF, 0xFF, 0xFF, 0x50, 0x00, 0x7F, 0xFF, 0xFF, 0x20, 0x00, 0x19, 0xFF, 0xFF, 0xFE, 0x10, 0x00,
    0x7F, 0xFF, 0xFF, 0xDC, 0xCD, 0xFF, 0xFF, 0xFF, 0xF9, 0x00, 0x00, 0x7F, 0xFF, 0xFF, 0xFF, 0xFF, 0xFF, 0xFF, 0xFF, 0xE1,
    0x00, 0x00, 0x7F, 0xFF, 0xFF, 0xFF, 0xFF, 0xFF, 0xFF, 0xFE, 0x40, 0x00, 0x00, 0x7F, 0xFF, 0xFF, 0xFF, 0xFF, 0xFF, 0xFF,
    0xD4, 0x00, 0x00, 0x00, 0x7F, 0xFF, 0xFF, 0xFF, 0xFF, 0xFE, 0xB6, 0x10, 0x00, 0x00, 0x00, 0x7F, 0xFF, 0xFF, 0x20, 0x00,
    0x00, 0x00, 0x00, 0x00, 0x00, 0x00, 0x7F, 0xFF, 0xFF, 0x20, 0x00, 0x00, 0x00, 0x00, 0x00, 0x00, 0x00, 0x7F, 0xFF, 0xFF,
    0x20, 0x00, 0x00, 0x00, 0x00, 0x00, 0x00, 0x00, 0x7F, 0xFF, 0xFF, 0x20, 0x00, 0x00, 0x00, 0x00, 0x00, 0x00, 0x00, 0x7F,
    0xFF, 0xFF, 0x20, 0x00, 0x00, 0x00, 0x00, 0x00, 0x00, 0x00, 0x7F, 0xFF, 0xFF, 0x20, 0x00, 0x00, 0x00, 0x00, 0x00, 0x00,
    0x00, 0x7F, 0xFF, 0xFF, 0x20, 0x00, 0x00, 0x00, 0x00, 0x00, 0x00, 0x00, 0x7F, 0xFF, 0xFF, 0x20, 0x00, 0x00, 0x00, 0x00,
    0x00, 0x00, 0x00, 0x7F, 0xFF, 0xFF, 0x20, 0x00, 0x00, 0x00, 0x00, 0x00, 0x00, 0x00, 0x7F, 0xFF, 0xFF, 0x20, 0x00, 0x00,
    0x00, 0x00, 0x00, 0x00, 0x00, 0x7F, 0xFF, 0xFF, 0x20, 0x00, 0x00, 0x00, 0x00, 0x00, 0x00, 0x00, 0x7F, 0xFF, 0xFF, 0x20,
    0x00, 0x00, 0x00, 0x00, 0x00, 0x00, 0x00, 0x7F, 0xFF, 0xFF, 0x20, 0x00, 0x00, 0x00, 0x00, 0x00, 0x00, 0x00, 0x5F, 0xFF,
    0xFE, 0x10, 0x00, 0x00, 0x00, 0x00, 0x00, 0x00, 0x00, 0x00, 0x00, 0x06, 0xAD, 0xEE, 0xDA, 0x50, 0x00, 0x00, 0x00, 0x00,
    0x00, 0x04, 0xDF, 0xFF, 0xFF, 0xFF, 0xFC, 0x30, 0x00, 0x00, 0x00, 0x00, 0x6F, 0xFF, 0xFF, 0xFF, 0xFF, 0xFF, 0xE4, 0x00,
    0x00, 0x00, 0x04, 0xFF, 0xFF, 0xFF, 0xFF, 0xFF, 0xFF, 0xFE, 0x20, 0x00, 0x00, 0x0D, 0xFF, 0xFF, 0xFF, 0xDD, 0xFF, 0xFF,
    0xFF, 0xA0, 0x00, 0x00, 0x5F, 0xFF, 0xFF, 0xD2, 0x00, 0x4E, 0xFF, 0xFF, 0xF2, 0x00, 0x00, 0x9F, 0xFF, 0xFF, 0x30, 0x00,
    0x06, 0xFF, 0xFF, 0xF7, 0x00, 0x00, 0xCF, 0xFF, 0xFC, 0x00, 0x00, 0x00, 0xEF, 0xFF, 0xFA, 0x00, 0x00, 0xEF, 0xFF, 0xF9,
    0x00, 0x00, 0x00, 0xCF, 0xFF, 0xFB, 0x00, 0x00, 0xFF, 0xFF, 0xF9, 0x00, 0x00, 0x00, 0xBF, 0xFF, 0xFC, 0x00, 0x00, 0xFF,
    0xFF, 0xF9, 0x00, 0x00, 0x00, 0xBF, 0xFF, 0xFC, 0x00, 0x00, 0xFF, 0xFF, 0xF9, 0x00, 0x00, 0x00, 0xBF, 0xFF, 0xFC, 0x00,
    0x00, 0xFF, 0xFF, 0xF9, 0x00, 0x00, 0x00, 0xBF, 0xFF, 0xFC, 0x00, 0x00, 0xFF, 0xFF, 0xF9, 0x00, 0x00, 0x00, 0xBF, 0xFF,
    0xFC, 0x00, 0x00, 0xFF, 0xFF, 0xF9, 0x00, 0x00, 0x00, 0xBF, 0xFF, 0xFC, 0x00, 0x00, 0xFF, 0xFF, 0xF9, 0x00, 0x00, 0x00,
    0xBF, 0xFF, 0xFC, 0x00, 0x00, 0xFF, 0xFF, 0xF9, 0x00, 0x00, 0x00, 0xBF, 0xFF, 0xFC, 0x00, 0x00, 0xFF, 0xFF, 0xF9, 0x00,
    0x00, 0x00, 0xBF, 0xFF, 0xFC, 0x00, 0x00, 0xFF, 0xFF, 0xF9, 0x00, 0x00, 0x00, 0xBF, 0xFF, 0xFC, 0x00, 0x00, 0xFF, 0xFF,
    0xF9, 0x00, 0x00, 0x00, 0xBF, 0xFF, 0xFC, 0x00, 0x00, 0xFF, 0xFF, 0xF9, 0x00, 0x00, 0x00, 0xBF, 0xFF, 0xFC, 0x00, 0x00,
    0xFF, 0xFF, 0xF9, 0x00, 0x00, 0x00, 0xBF, 0xFF, 0xFC, 0x00, 0x00, 0xFF, 0xFF, 0xF9, 0x00, 0x00, 0x00, 0xBF, 0xFF, 0xFC,
    0x00, 0x00, 0xFF, 0xFF, 0xF9, 0x00, 0x00, 0x00, 0xBF, 0xFF, 0xFC, 0x00, 0x00, 0xFF, 0xFF, 0xF9, 0x00, 0x00, 0x00, 0xBF,
    0xFF, 0xFC, 0x00, 0x00, 0xFF, 0xFF, 0xF9, 0x00, 0x00, 0x00, 0xBF, 0xFF, 0xFC, 0x00, 0x00, 0xEF, 0xFF, 0xFA, 0x00, 0x00,
    0x00, 0xCF, 0xFF, 0xFB, 0x00, 0x00, 0xBF, 0xFF, 0xFC, 0x00, 0x00, 0x01, 0xFF, 0xFF, 0xF9, 0x00, 0x00, 0x8F, 0xFF, 0xFF,
    0x40, 0x00, 0x07, 0xFF, 0xFF, 0xF5, 0x00, 0x00, 0x2F, 0xFF, 0xFF, 0xE5, 0x11, 0x7F, 0xFF, 0xFF, 0xE1, 0x00, 0x00, 0x09,
    0xFF, 0xFF, 0xFF, 0xFF, 0xFF, 0xFF, 0xFF, 0x70, 0x00, 0x00, 0x01, 0xDF, 0xFF, 0xFF, 0xFF, 0xFF, 0xFF, 0xFB, 0x00, 0x00,
    0x00, 0x00, 0x2D, 0xFF, 0xFF, 0xFF, 0xFF, 0xFF, 0xC1, 0x00, 0x00, 0x00, 0x00, 0x01, 0x8E, 0xFF, 0xFF, 0xFF, 0xE7, 0x00,
    0x00, 0x00, 0x00, 0x00, 0x00, 0x01, 0xEF, 0xFF, 0xFB, 0x00, 0x00, 0x00, 0x00, 0x00, 0x00, 0x00, 0x00, 0xDF, 0xFF, 0xFA,
    0x00, 0x00, 0x00, 0x00, 0x00, 0x00, 0x00, 0x00, 0xDF, 0xFF, 0xFA, 0x00, 0x00, 0x00, 0x00, 0x00, 0x00, 0x00, 0x00, 0xDF,
    0xFF, 0xFA, 0x00, 0x00, 0x00, 0x00, 0x00, 0x00, 0x00, 0x00, 0xCF, 0xFF, 0xF9, 0x00, 0x00, 0x00, 0x00, 0x00, 0x5F, 0xFF,
    0xFF, 0xFF, 0xFF, 0xFD, 0xA5, 0x00, 0x00, 0x00, 0x00, 0x6F, 0xFF, 0xFF, 0xFF, 0xFF, 0xFF, 0xFF, 0xC2, 0x00, 0x00, 0x00,
    0x6F, 0xFF, 0xFF, 0xFF, 0xFF, 0xFF, 0xFF, 0xFE, 0x30, 0x00, 0x00, 0x6F, 0xFF, 0xFF, 0xFF, 0xFF, 0xFF, 0xFF, 0xFF, 0xD1,
    0x00, 0x00, 0x6F, 0xFF, 0xFF, 0xDC, 0xCD, 0xFF, 0xFF, 0xFF, 0xF8, 0x00, 0x00, 0x6F, 0xFF, 0xFF, 0x20, 0x00, 0x19, 0xFF,
    0xFF, 0xFE, 0x00, 0x00, 0x6F, 0xFF, 0xFF, 0x20, 0x00, 0x00, 0xAF, 0xFF, 0xFF, 0x40, 0x00, 0x6F, 0xFF, 0xFF, 0x20, 0x00,
    0x00, 0x3F, 0xFF, 0xFF, 0x80, 0x00, 0x6F, 0xFF, 0xFF, 0x20, 0x00, 0x00, 0x0E, 0xFF, 0xFF, 0xA0, 0x00, 0x6F, 0xFF, 0xFF,
    0x20, 0x00, 0x00, 0x0C, 0xFF, 0xFF, 0xB0, 0x00, 0x6F, 0xFF, 0xFF, 0x20, 0x00, 0x00, 0x0C, 0xFF, 0xFF, 0xB0, 0x00, 0x6F,
    0xFF, 0xFF, 0x20, 0x00, 0x00, 0x0E, 0xFF, 0xFF, 0xB0, 0x00, 0x6F, 0xFF, 0xFF, 0x20, 0x00, 0x00, 0x4F, 0xFF, 0xFF, 0x80,
    0x00, 0x6F, 0xFF, 0xFF, 0x20, 0x00, 0x00, 0xCF, 0xFF, 0xFF, 0x50, 0x00, 0x6F, 0xFF, 0xFF, 0x30, 0x00, 0x3B, 0xFF, 0xFF,
    0xFE, 0x10, 0x00, 0x6F, 0xFF, 0xFF, 0xFF, 0xFF, 0xFF, 0xFF, 0xFF, 0xF8, 0x00, 0x00, 0x6F, 0xFF, 0xFF, 0xFF, 0xFF, 0xFF,
    0xFF, 0xFF, 0xD1, 0x00, 0x00, 0x6F, 0xFF, 0xFF, 0xFF, 0xFF, 0xFF, 0xFF, 0xFE, 0x30, 0x00, 0x00, 0x6F, 0xFF, 0xFF, 0xFF,
    0xFF, 0xFF, 0xFF, 0xB2, 0x00, 0x00, 0x00, 0x6F, 0xFF, 0xFF, 0xDC, 0xCF, 0xFF, 0xFF, 0x60, 0x00, 0x00, 0x00, 0x6F, 0xFF,
    0xFF, 0x20, 0x0A, 0xFF, 0xFF, 0xB0, 0x00, 0x00, 0x00, 0x6F, 0xFF, 0xFF, 0x20, 0x05, 0xFF, 0xFF, 0xF1, 0x00, 0x00, 0x00,
    0x6F, 0xFF, 0xFF, 0x20, 0x01, 0xFF, 0xFF, 0xF6, 0x00, 0x00, 0x00, 0x6F, 0xFF, 0xFF, 0x20, 0x00, 0xBF, 0xFF, 0xFB, 0x00,
    0x00, 0x00, 0x6F, 0xFF, 0xFF, 0x20, 0x00, 0x7F, 0xFF, 0xFF, 0x10, 0x00, 0x00, 0x6F, 0xFF, 0xFF, 0x20, 0x00, 0x2F, 0xFF,
    0xFF, 0x60, 0x00, 0x00, 0x6F, 0xFF, 0xFF, 0x20, 0x00, 0x0D, 0xFF, 0xFF, 0xB0, 0x00, 0x00, 0x6F, 0xFF, 0xFF, 0x20, 0x00,
    0x08, 0xFF, 0xFF, 0xF1, 0x00, 0x00, 0x6F, 0xFF, 0xFF, 0x20, 0x00, 0x04, 0xFF, 0xFF, 0xF6, 0x00, 0x00, 0x6F, 0xFF, 0xFF,
    0x20, 0x00, 0x00, 0xEF, 0xFF, 0xFB, 0x00, 0x00, 0x6F, 0xFF, 0xFF, 0x20, 0x00, 0x00, 0xAF, 0xFF, 0xFF, 0x10, 0x00, 0x6F,
    0xFF, 0xFF, 0x20, 0x00, 0x00, 0x5F, 0xFF, 0xFF, 0x50, 0x00, 0x6F, 0xFF, 0xFF, 0x20, 0x00, 0x00, 0x1F, 0xFF, 0xFF, 0xA0,
    0x00, 0x5F, 0xFF, 0xFF, 0x10, 0x00, 0x00, 0x0A, 0xFF, 0xFF, 0xE0, 0x00, 0x00, 0x00, 0x49, 0xDE, 0xFD, 0xB7, 0x10, 0x00,
    0x00, 0x00, 0x00, 0x02, 0xCF, 0xFF, 0xFF, 0xFF, 0xFE, 0x70, 0x00, 0x00, 0x00, 0x03, 0xEF, 0xFF, 0xFF, 0xFF, 0xFF, 0xFF,
    0xA0, 0x00, 0x00, 0x01, 0xEF, 0xFF, 0xFF, 0xFF, 0xFF, 0xFF, 0xFF, 0x80, 0x00, 0x00, 0x9F, 0xFF, 0xFF, 0xFE, 0xDF, 0xFF,
    0xFF, 0xFF, 0x20, 0x00, 0x0E, 0xFF, 0xFF, 0xF5, 0x00, 0x1A, 0xFF, 0xFF, 0xF9, 0x00, 0x04, 0xFF, 0xFF, 0xF8, 0x00, 0x00,
    0x1D, 0xFF, 0xFF, 0xD0, 0x00, 0x6F, 0xFF, 0xFF, 0x30, 0x00, 0x00, 0x8F, 0xFF, 0xFF, 0x10, 0x07, 0xFF, 0xFF, 0xF1, 0x00,
    0x00, 0x06, 0xFF, 0xFF, 0xF2, 0x00, 0x6F, 0xFF, 0xFF, 0x20, 0x00, 0x00, 0x5F, 0xFF, 0xFF, 0x20, 0x04, 0xFF, 0xFF, 0xF6,
    0x00, 0x00, 0x02, 0xAA, 0xAA, 0xA1, 0x00, 0x1E, 0xFF, 0xFF, 0xE1, 0x00, 0x00, 0x00, 0x00, 0x00, 0x00, 0x00, 0xAF, 0xFF,
    0xFF, 0xC2, 0x00, 0x00, 0x00, 0x00, 0x00, 0x00, 0x02, 0xFF, 0xFF, 0xFF, 0xE3, 0x00, 0x00, 0x00, 0x00, 0x00, 0x00, 0x07,
    0xFF, 0xFF, 0xFF, 0xF7, 0x00, 0x00, 0x00, 0x00, 0x00, 0x00, 0x09, 0xFF, 0xFF, 0xFF, 0xFB, 0x10, 0x00, 0x00, 0x00, 0x00,
    0x00, 0x08, 0xFF, 0xFF, 0xFF, 0xFD, 0x30, 0x00, 0x00, 0x00, 0x00, 0x00, 0x06, 0xFF, 0xFF, 0xFF, 0xFF, 0x60, 0x00, 0x00,
    0x00, 0x00, 0x00, 0x03, 0xDF, 0xFF, 0xFF, 0xFF, 0x70, 0x00, 0x00, 0x00, 0x00, 0x00, 0x01, 0x9F, 0xFF, 0xFF, 0xFF, 0x60,
    0x00, 0x00, 0x00, 0x00, 0x00, 0x00, 0x6E, 0xFF, 0xFF, 0xFE, 0x20, 0x00, 0x00, 0x00, 0x00, 0x00, 0x00, 0x3E, 0xFF, 0xFF,
    0xFA, 0x00, 0x00, 0x00, 0x00, 0x00, 0x00, 0x00, 0x2E, 0xFF, 0xFF, 0xE1, 0x00, 0x16, 0x66, 0x66, 0x00, 0x00, 0x00, 0x7F,
    0xFF, 0xFF, 0x30, 0x05, 0xFF, 0xFF, 0xF2, 0x00, 0x00, 0x03, 0xFF, 0xFF, 0xF5, 0x00, 0x5F, 0xFF, 0xFF, 0x30, 0x00, 0x00,
    0x2F, 0xFF, 0xFF, 0x50, 0x04, 0xFF, 0xFF, 0xF5, 0x00, 0x00, 0x04, 0xFF, 0xFF, 0xF4, 0x00, 0x2F, 0xFF, 0xFF, 0xC0, 0x00,
    0x00, 0xAF, 0xFF, 0xFF, 0x20, 0x00, 0xDF, 0xFF, 0xFF, 0x91, 0x00, 0x7F, 0xFF, 0xFF, 0xC0, 0x00, 0x07, 0xFF, 0xFF, 0xFF,
    0xED, 0xEF, 0xFF, 0xFF, 0xF6, 0x00, 0x00, 0x0C, 0xFF, 0xFF, 0xFF, 0xFF, 0xFF, 0xFF, 0xFC, 0x00, 0x00, 0x00, 0x2D, 0xFF,
    0xFF, 0xFF, 0xFF, 0xFF, 0xFD, 0x10, 0x00, 0x00, 0x00, 0x1B, 0xFF, 0xFF, 0xFF, 0xFF, 0xFA, 0x10, 0x00, 0x00, 0x00, 0x00,
    0x03, 0x8C, 0xEF, 0xEC, 0x83, 0x00, 0x00, 0x00, 0x08, 0xFF, 0xFF, 0xFF, 0xFF, 0xFF, 0xFF, 0xFF, 0xFF, 0xFF, 0x50, 0x0A,
    0xFF, 0xFF, 0xFF, 0xFF, 0xFF, 0xFF, 0xFF, 0xFF, 0xFF, 0x60, 0x0A, 0xFF, 0xFF, 0xFF, 0xFF, 0xFF, 0xFF, 0xFF, 0xFF, 0xFF,
    0x60, 0x0A, 0xFF, 0xFF, 0xFF, 0xFF, 0xFF, 0xFF, 0xFF, 0xFF, 0xFF, 0x60, 0x07, 0xCC, 0xCC, 0xCD, 0xFF, 0xFF, 0xFE, 0xCC,
    0xCC, 0xCC, 0x40, 0x00, 0x00, 0x00, 0x01, 0xFF, 0xFF, 0xF7, 0x00, 0x00, 0x00, 0x00, 0x00, 0x00, 0x00, 0x01, 0xFF, 0xFF,
    0xF7, 0x00, 0x00, 0x00, 0x00, 0x00, 0x00, 0x00, 0x01, 0xFF, 0xFF, 0xF7, 0x00, 0x00, 0x00, 0x00, 0x00, 0x00, 0x00, 0x01,
    0xFF, 0xFF, 0xF7, 0x00, 0x00, 0x00, 0x00, 0x00, 0x00, 0x00, 0x01, 0xFF, 0xFF, 0xF7, 0x00, 0x00, 0x00, 0x00, 0x00, 0x00,
    0x00, 0x01, 0xFF, 0xFF, 0xF7, 0x00, 0x00, 0x00, 0x00, 0x00, 0x00, 0x00, 0x01, 0xFF, 0xFF, 0xF7, 0x00, 0x00, 0x00, 0x00,
    0x00, 0x00, 0x00, 0x01, 0xFF, 0xFF, 0xF7, 0x00, 0x00, 0x00, 0x00, 0x00, 0x00, 0x00, 0x01, 0xFF, 0xFF, 0xF7, 0x00, 0x00,
    0x00, 0x00, 0x00, 0x00, 0x00, 0x01, 0xFF, 0xFF, 0xF7, 0x00, 0x00, 0x00, 0x00, 0x00, 0x00, 0x00, 0x01, 0xFF, 0xFF, 0xF7,
    0x00, 0x00, 0x00, 0x00, 0x00, 0x00, 0x00, 0x01, 0xFF, 0xFF, 0xF7, 0x00, 0x00, 0x00, 0x00, 0x00, 0x00, 0x00, 0x01, 0xFF,
    0xFF, 0xF7, 0x00, 0x00, 0x00, 0x00, 0x00, 0x00, 0x00, 0x01, 0xFF, 0xFF, 0xF7, 0x00, 0x00, 0x00, 0x00, 0x00, 0x00, 0x00,
    0x01, 0xFF, 0xFF, 0xF7, 0x00, 0x00, 0x00, 0x00, 0x00, 0x00, 0x00, 0x01, 0xFF, 0xFF, 0xF7, 0x00, 0x00, 0x00, 0x00, 0x00,
    0x00, 0x00, 0x01, 0xFF, 0xFF, 0xF7, 0x00, 0x00, 0x00, 0x00, 0x00, 0x00, 0x00, 0x01, 0xFF, 0xFF, 0xF7, 0x00, 0x00, 0x00,
    0x00, 0x00, 0x00, 0x00, 0x01, 0xFF, 0xFF, 0xF7, 0x00, 0x00, 0x00, 0x00, 0x00, 0x00, 0x00, 0x01, 0xFF, 0xFF, 0xF7, 0x00,
    0x00, 0x00, 0x00, 0x00, 0x00, 0x00, 0x01, 0xFF, 0xFF, 0xF7, 0x00, 0x00, 0x00, 0x00, 0x00, 0x00, 0x00, 0x01, 0xFF, 0xFF,
    0xF7, 0x00, 0x00, 0x00, 0x00, 0x00, 0x00, 0x00, 0x01, 0xFF, 0xFF, 0xF7, 0x00, 0x00, 0x00, 0x00, 0x00, 0x00, 0x00, 0x01,
    0xFF, 0xFF, 0xF7, 0x00, 0x00, 0x00, 0x00, 0x00, 0x00, 0x00, 0x01, 0xFF, 0xFF, 0xF7, 0x00, 0x00, 0x00, 0x00, 0x00, 0x00,
    0x00, 0x01, 0xFF, 0xFF, 0xF7, 0x00, 0x00, 0x00, 0x00, 0x00, 0x00, 0x00, 0x01, 0xFF, 0xFF, 0xF7, 0x00, 0x00, 0x00, 0x00,
    0x00, 0x00, 0x00, 0x01, 0xFF, 0xFF, 0xF7, 0x00, 0x00, 0x00, 0x00, 0x00, 0x00, 0x00, 0x01, 0xEF, 0xFF, 0xF6, 0x00, 0x00,
    0x00, 0x00, 0x00, 0x7F, 0xFF, 0xFD, 0x00, 0x00, 0x00, 0x0D, 0xFF, 0xFF, 0x70, 0x00, 0x09, 0xFF, 0xFF, 0xF0, 0x00, 0x00,
    0x00, 0xFF, 0xFF, 0xF8, 0x00, 0x00, 0x9F, 0xFF, 0xFF, 0x00, 0x00, 0x00, 0x0F, 0xFF, 0xFF, 0x80, 0x00, 0x09, 0xFF, 0xFF,
    0xF0, 0x00, 0x00, 0x00, 0xFF, 0xFF, 0xF8, 0x00, 0x00, 0x9F, 0xFF, 0xFF, 0x00, 0x00, 0x00, 0x0F, 0xFF, 0xFF, 0x80, 0x00,
    0x09, 0xFF, 0xFF, 0xF0, 0x00, 0x00, 0x00, 0xFF, 0xFF, 0xF8, 0x00, 0x00, 0x9F, 0xFF, 0xFF, 0x00, 0x00, 0x00, 0x0F, 0xFF,
    0xFF, 0x80, 0x00, 0x09, 0xFF, 0xFF, 0xF0, 0x00, 0x00, 0x00, 0xFF, 0xFF, 0xF8, 0x00, 0x00, 0x9F, 0xFF, 0xFF, 0x00, 0x00,
    0x00, 0x0F, 0xFF, 0xFF, 0x80, 0x00, 0x09, 0xFF, 0xFF, 0xF0, 0x00, 0x00, 0x00, 0xFF, 0xFF, 0xF8, 0x00, 0x00, 0x9F, 0xFF,
    0xFF, 0x00, 0x00, 0x00, 0x0F, 0xFF, 0xFF, 0x80, 0x00, 0x09, 0xFF, 0xFF, 0xF0, 0x00, 0x00, 0x00, 0xFF, 0xFF, 0xF8, 0x00,
    0x00, 0x9F, 0xFF, 0xFF, 0x00, 0x00, 0x00, 0x0F, 0xFF, 0xFF, 0x80, 0x00, 0x09, 0xFF, 0xFF, 0xF0, 0x00, 0x00, 0x00, 0xFF,
    0xFF, 0xF8, 0x00, 0x00, 0x9F, 0xFF, 0xFF, 0x00, 0x00, 0x00, 0x0F, 0xFF, 0xFF, 0x80, 0x00, 0x09, 0xFF, 0xFF, 0xF0, 0x00,
    0x00, 0x00, 0xFF, 0xFF, 0xF8, 0x00, 0x00, 0x9F, 0xFF, 0xFF, 0x00, 0x00, 0x00, 0x0F, 0xFF, 0xFF, 0x80, 0x00, 0x09, 0xFF,
    0xFF, 0xF0, 0x00, 0x00, 0x00, 0xFF, 0xFF, 0xF8, 0x00, 0x00, 0x9F, 0xFF, 0xFF, 0x00, 0x00, 0x00, 0x0F, 0xFF, 0xFF, 0x80,
    0x00, 0x09, 0xFF, 0xFF, 0xF0, 0x00, 0x00, 0x00, 0xFF, 0xFF, 0xF8, 0x00, 0x00, 0x9F, 0xFF, 0xFF, 0x00, 0x00, 0x00, 0x0F,
    0xFF, 0xFF, 0x80, 0x00, 0x09, 0xFF, 0xFF, 0xF0, 0x00, 0x00, 0x00, 0xFF, 0xFF, 0xF8, 0x00, 0x00, 0x9F, 0xFF, 0xFF, 0x00,
    0x00, 0x00, 0x0F, 0xFF, 0xFF, 0x80, 0x00, 0x09, 0xFF, 0xFF, 0xF0, 0x00, 0x00, 0x00, 0xFF, 0xFF, 0xF8, 0x00, 0x00, 0x9F,
    0xFF, 0xFF, 0x00, 0x00, 0x00, 0x0F, 0xFF, 0xFF, 0x80, 0x00, 0x08, 0xFF, 0xFF, 0xF1, 0x00, 0x00, 0x02, 0xFF, 0xFF, 0xF7,
    0x00, 0x00, 0x6F, 0xFF, 0xFF, 0x30, 0x00, 0x00, 0x4F, 0xFF, 0xFF, 0x50, 0x00, 0x03, 0xFF, 0xFF, 0xFA, 0x00, 0x00, 0x0B,
    0xFF, 0xFF, 0xF2, 0x00, 0x00, 0x0D, 0xFF, 0xFF, 0xF7, 0x00, 0x08, 0xFF, 0xFF, 0xFC, 0x00, 0x00, 0x00, 0x6F, 0xFF, 0xFF,
    0xFE, 0xDE, 0xFF, 0xFF, 0xFF, 0x50, 0x00, 0x00, 0x00, 0xCF, 0xFF, 0xFF, 0xFF, 0xFF, 0xFF, 0xFF, 0xA0, 0x00, 0x00, 0x00,
    0x02, 0xDF, 0xFF, 0xFF, 0xFF, 0xFF, 0xFF, 0xC1, 0x00, 0x00, 0x00, 0x00, 0x01, 0xAF, 0xFF, 0xFF, 0xFF, 0xFF, 0x90, 0x00,
    0x00, 0x00, 0x00, 0x00, 0x00, 0x38, 0xCE, 0xFE, 0xC8, 0x20, 0x00, 0x00, 0x00, 0x09, 0xFF, 0xFF, 0xF4, 0x00, 0x00, 0x00,
    0x07, 0xFF, 0xFF, 0xF3, 0x00, 0x7F, 0xFF, 0xFF, 0x70, 0x00, 0x00, 0x00, 0xBF, 0xFF, 0xFF, 0x10, 0x04, 0xFF, 0xFF, 0xF9,
    0x00, 0x00, 0x00, 0x0D, 0xFF, 0xFF, 0xD0, 0x00, 0x1F, 0xFF, 0xFF, 0xC0, 0x00, 0x00, 0x01, 0xFF, 0xFF, 0xFA, 0x00, 0x00,
    0xDF, 0xFF, 0xFE, 0x00, 0x00, 0x00, 0x3F, 0xFF, 0xFF, 0x70, 0x00, 0x0A, 0xFF, 0xFF, 0xF2, 0x00, 0x00, 0x06, 0xFF, 0xFF,
    0xF4, 0x00, 0x00, 0x6F, 0xFF, 0xFF, 0x50, 0x00, 0x00, 0x8F, 0xFF, 0xFF, 0x10, 0x00, 0x03, 0xFF, 0xFF, 0xF7, 0x00, 0x00,
    0x0B, 0xFF, 0xFF, 0xC0, 0x00, 0x00, 0x0F, 0xFF, 0xFF, 0xA0, 0x00, 0x00, 0xDF, 0xFF, 0xF9, 0x00, 0x00, 0x00, 0xCF, 0xFF,
    0xFC, 0x00, 0x00, 0x1F, 0xFF, 0xFF, 0x60, 0x00, 0x00, 0x09, 0xFF, 0xFF, 0xF0, 0x00, 0x03, 0xFF, 0xFF, 0xF3, 0x00, 0x00,
    0x00, 0x6F, 0xFF, 0xFF, 0x20, 0x00, 0x6F, 0xFF, 0xFE, 0x00, 0x00, 0x00, 0x03, 0xFF, 0xFF, 0xF5, 0x00, 0x08, 0xFF, 0xFF,
    0xC0, 0x00, 0x00, 0x00, 0x0E, 0xFF, 0xFF, 0x70, 0x00, 0xBF, 0xFF, 0xF8, 0x00, 0x00, 0x00, 0x00, 0xBF, 0xFF, 0xFA, 0x00,
    0x0D, 0xFF, 0xFF, 0x50, 0x00, 0x00, 0x00, 0x08, 0xFF, 0xFF, 0xD0, 0x01, 0xFF, 0xFF, 0xF2, 0x00, 0x00, 0x00, 0x00, 0x5F,
    0xFF, 0xFF, 0x00, 0x3F, 0xFF, 0xFE, 0x00, 0x00, 0x00, 0x00, 0x02, 0xFF, 0xFF, 0xF3, 0x05, 0xFF, 0xFF, 0xB0, 0x00, 0x00,
    0x00, 0x00, 0x0E, 0xFF, 0xFF, 0x50, 0x8F, 0xFF, 0xF8, 0x00, 0x00, 0x00, 0x00, 0x00, 0xBF, 0xFF, 0xF8, 0x0A, 0xFF, 0xFF,
    0x40, 0x00, 0x00, 0x00, 0x00, 0x08, 0xFF, 0xFF, 0xA0, 0xDF, 0xFF, 0xF1, 0x00, 0x00, 0x00, 0x00, 0x00, 0x4F, 0xFF, 0xFD,
    0x1F, 0xFF, 0xFD, 0x00, 0x00, 0x00, 0x00, 0x00, 0x01, 0xFF, 0xFF, 0xF3, 0xFF, 0xFF, 0xA0, 0x00, 0x00, 0x00, 0x00, 0x00,
    0x0D, 0xFF, 0xFF, 0x8F, 0xFF, 0xF7, 0x00, 0x00, 0x00, 0x00, 0x00, 0x00, 0xAF, 0xFF, 0xFF, 0xFF, 0xFF, 0x40, 0x00, 0x00,
    0x00, 0x00, 0x00, 0x07, 0xFF, 0xFF, 0xFF, 0xFF, 0xF1, 0x00, 0x00, 0x00, 0x00, 0x00, 0x00, 0x4F, 0xFF, 0xFF, 0xFF, 0xFC,
    0x00, 0x00, 0x00, 0x00, 0x00, 0x00, 0x01, 0xFF, 0xFF, 0xFF, 0xFF, 0x90, 0x00, 0x00, 0x00, 0x00, 0x00, 0x00, 0x0D, 0xFF,
    0xFF, 0xFF, 0xF6, 0x00, 0x00, 0x00, 0x00, 0x00, 0x00, 0x00, 0x9F, 0xFF, 0xFF, 0xFF, 0x30, 0x00, 0x00, 0x00, 0x00, 0x00,
    0x00, 0x06, 0xFF, 0xFF, 0xFF, 0xE0, 0x00, 0x00, 0x00, 0x00, 0x00, 0x00, 0x00, 0x3F, 0xFF, 0xFF, 0xFC, 0x00, 0x00, 0x00,
    0x00, 0x00, 0x00, 0x00, 0x00, 0xFF, 0xFF, 0xFF, 0x80, 0x00, 0x00, 0x00, 0x00, 0x00, 0x00, 0x00, 0x0B, 0xFF, 0xFF, 0xF4,
    0x00, 0x00, 0x00, 0x00, 0x0C, 0xFF, 0xFF, 0xC0, 0x00, 0x00, 0x06, 0xFF, 0xFF, 0x80, 0x00, 0x00, 0x0B, 0xFF, 0xFF, 0xB0,
    0x0A, 0xFF, 0xFF, 0xF0, 0x00, 0x00, 0x09, 0xFF, 0xFF, 0xC0, 0x00, 0x00, 0x0E, 0xFF, 0xFF, 0xA0, 0x07, 0xFF, 0xFF, 0xF3,
    0x00, 0x00, 0x0B, 0xFF, 0xFF, 0xE0, 0x00, 0x00, 0x1F, 0xFF, 0xFF, 0x70, 0x04, 0xFF, 0xFF, 0xF5, 0x00, 0x00, 0x0E, 0xFF,
    0xFF, 0xF1, 0x00, 0x00, 0x4F, 0xFF, 0xFF, 0x40, 0x01, 0xFF, 0xFF, 0xF8, 0x00, 0x00, 0x1F, 0xFF, 0xFF, 0xF4, 0x00, 0x00,
    0x6F, 0xFF, 0xFF, 0x10, 0x00, 0xEF, 0xFF, 0xFA, 0x00, 0x00, 0x3F, 0xFF, 0xFF, 0xF6, 0x00, 0x00, 0x8F, 0xFF, 0xFE, 0x00,
    0x00, 0xBF, 0xFF, 0xFD, 0x00, 0x00, 0x5F, 0xFF, 0xFF, 0xF9, 0x00, 0x00, 0xAF, 0xFF, 0xFB, 0x00, 0x00, 0x8F, 0xFF, 0xFF,
    0x00, 0x00, 0x8F, 0xFF, 0xFF, 0xFB, 0x00, 0x00, 0xDF, 0xFF, 0xF8, 0x00, 0x00, 0x5F, 0xFF, 0xFF, 0x30, 0x00, 0xAF, 0xFF,
    0xFF, 0xFE, 0x00, 0x00, 0xFF, 0xFF, 0xF5, 0x00, 0x00, 0x2F, 0xFF, 0xFF, 0x50, 0x00, 0xCF, 0xFF, 0xFF, 0xFF, 0x10, 0x02,
    0xFF, 0xFF, 0xF2, 0x00, 0x00, 0x0E, 0xFF, 0xFF, 0x80, 0x00, 0xEF, 0xFF, 0xFF, 0xFF, 0x30, 0x04, 0xFF, 0xFF, 0xF0, 0x00,
    0x00, 0x0B, 0xFF, 0xFF, 0xA0, 0x01, 0xFF, 0xFF, 0xFF, 0xFF, 0x60, 0x07, 0xFF, 0xFF, 0xC0, 0x00, 0x00, 0x08, 0xFF, 0xFF,
    0xD0, 0x04, 0xFF, 0xFF, 0xFF, 0xFF, 0x80, 0x09, 0xFF, 0xFF, 0x90, 0x00, 0x00, 0x05, 0xFF, 0xFF, 0xF0, 0x06, 0xFF, 0xFC,
    0xBF, 0xFF, 0xB0, 0x0B, 0xFF, 0xFF, 0x60, 0x00, 0x00, 0x02, 0xFF, 0xFF, 0xF2, 0x08, 0xFF, 0xFA, 0x9F, 0xFF, 0xD0, 0x0D,
    0xFF, 0xFF, 0x40, 0x00, 0x00, 0x00, 0xEF, 0xFF, 0xF5, 0x0A, 0xFF, 0xF8, 0x7F, 0xFF, 0xF0, 0x0F, 0xFF, 0xFF, 0x10, 0x00,
    0x00, 0x00, 0xCF, 0xFF, 0xF7, 0x0D, 0xFF, 0xF6, 0x4F, 0xFF, 0xF3, 0x3F, 0xFF, 0xFD, 0x00, 0x00, 0x00, 0x00, 0x9F, 0xFF,
    0xFA, 0x0F, 0xFF, 0xF4, 0x2F, 0xFF, 0xF5, 0x5F, 0xFF, 0xFA, 0x00, 0x00, 0x00, 0x00, 0x6F, 0xFF, 0xFC, 0x2F, 0xFF, 0xF1,
    0x0E, 0xFF, 0xF8, 0x7F, 0xFF, 0xF7, 0x00, 0x00, 0x00, 0x00, 0x3F, 0xFF, 0xFF, 0x4F, 0xFF, 0xE0, 0x0C, 0xFF, 0xFA, 0x9F,
    0xFF, 0xF5, 0x00, 0x00, 0x00, 0x00, 0x0F, 0xFF, 0xFF, 0x9F, 0xFF, 0xC0, 0x0A, 0xFF, 0xFC, 0xCF, 0xFF, 0xF2, 0x00, 0x00,
    0x00, 0x00, 0x0C, 0xFF, 0xFF, 0xFF, 0xFF, 0xA0, 0x08, 0xFF, 0xFF, 0xFF, 0xFF, 0xE0, 0x00, 0x00, 0x00, 0x00, 0x09, 0xFF,
    0xFF, 0xFF, 0xFF, 0x80, 0x05, 0xFF, 0xFF, 0xFF, 0xFF, 0xB0, 0x00, 0x00, 0x00, 0x00, 0x06, 0xFF, 0xFF, 0xFF, 0xFF, 0x50,
    0x03, 0xFF, 0xFF, 0xFF, 0xFF, 0x90, 0x00, 0x00, 0x00, 0x00, 0x03, 0xFF, 0xFF, 0xFF, 0xFF, 0x30, 0x00, 0xFF, 0xFF, 0xFF,
    0xFF, 0x60, 0x00, 0x00, 0x00, 0x00, 0x00, 0xFF, 0xFF, 0xFF, 0xFF, 0x10, 0x00, 0xDF, 0xFF, 0xFF, 0xFF, 0x30, 0x00, 0x00,
    0x00, 0x00, 0x00, 0xCF, 0xFF, 0xFF, 0xFE, 0x00, 0x00, 0xBF, 0xFF, 0xFF, 0xFF, 0x00, 0x00, 0x00, 0x00, 0x00, 0x00, 0x9F,
    0xFF, 0xFF, 0xFC, 0x00, 0x00, 0x8F, 0xFF, 0xFF, 0xFC, 0x00, 0x00, 0x00, 0x00, 0x00, 0x00, 0x7F, 0xFF, 0xFF, 0xF9, 0x00,
    0x00, 0x6F, 0xFF, 0xFF, 0xFA, 0x00, 0x00, 0x00, 0x00, 0x00, 0x00, 0x4F, 0xFF, 0xFF, 0xF7, 0x00, 0x00, 0x4F, 0xFF, 0xFF,
    0xF7, 0x00, 0x00, 0x00, 0x00, 0x00, 0x00, 0x1F, 0xFF, 0xFF, 0xF5, 0x00, 0x00, 0x1F, 0xFF, 0xFF, 0xF4, 0x00, 0x00, 0x00,
    0x00, 0x00, 0x00, 0x0D, 0xFF, 0xFF, 0xF3, 0x00, 0x00, 0x0E, 0xFF, 0xFF, 0xF1, 0x00, 0x00, 0x00, 0x00, 0x00, 0x00, 0x0A,
    0xFF, 0xFF, 0xF1, 0x00, 0x00, 0x0B, 0xFF, 0xFF, 0xD0, 0x00, 0x00, 0x00, 0x00, 0x00, 0x00, 0x06, 0xFF, 0xFF, 0xD0, 0x00,
    0x00, 0x08, 0xFF, 0xFF, 0xA0, 0x00, 0x00, 0x00, 0x07, 0xFF, 0xFF, 0xE2, 0x00, 0x00, 0x00, 0x0D, 0xFF, 0xFF, 0x80, 0x03,
    0xFF, 0xFF, 0xF7, 0x00, 0x00, 0x00, 0x5F, 0xFF, 0xFF, 0x40, 0x00, 0xCF, 0xFF, 0xFC, 0x00, 0x00, 0x00, 0xAF, 0xFF, 0xFD,
    0x00, 0x00, 0x6F, 0xFF, 0xFF, 0x30, 0x00, 0x01, 0xFF, 0xFF, 0xF7, 0x00, 0x00, 0x1E, 0xFF, 0xFF, 0x80, 0x00, 0x06, 0xFF,
    0xFF, 0xF1, 0x00, 0x00, 0x09, 0xFF, 0xFF, 0xD0, 0x00, 0x0B, 0xFF, 0xFF, 0xA0, 0x00, 0x00, 0x03, 0xFF, 0xFF, 0xF4, 0x00,
    0x2F, 0xFF, 0xFF, 0x40, 0x00, 0x00, 0x00, 0xCF, 0xFF, 0xF9, 0x00, 0x7F, 0xFF, 0xFD, 0x00, 0x00, 0x00, 0x00, 0x5F, 0xFF,
    0xFE, 0x00, 0xCF, 0xFF, 0xF7, 0x00, 0x00, 0x00, 0x00, 0x0E, 0xFF, 0xFF, 0x52, 0xFF, 0xFF, 0xF1, 0x00, 0x00, 0x00, 0x00,
    0x08, 0xFF, 0xFF, 0xA8, 0xFF, 0xFF, 0xA0, 0x00, 0x00, 0x00, 0x00, 0x02, 0xFF, 0xFF, 0xFE, 0xFF, 0xFF, 0x30, 0x00, 0x00,
    0x00, 0x00, 0x00, 0xBF, 0xFF, 0xFF, 0xFF, 0xFC, 0x00, 0x00, 0x00, 0x00, 0x00, 0x00, 0x5F, 0xFF, 0xFF, 0xFF, 0xF6, 0x00,
    0x00, 0x00, 0x00, 0x00, 0x00, 0x0E, 0xFF, 0xFF, 0xFF, 0xE1, 0x00, 0x00, 0x00, 0x00, 0x00, 0x00, 0x08, 0xFF, 0xFF, 0xFF,
    0x90, 0x00, 0x00, 0x00, 0x00, 0x00, 0x00, 0x02, 0xFF, 0xFF, 0xFF, 0x30, 0x00, 0x00, 0x00, 0x00, 0x00, 0x00, 0x01, 0xFF,
    0xFF, 0xFF, 0x20, 0x00, 0x00, 0x00, 0x00, 0x00, 0x00, 0x07, 0xFF, 0xFF, 0xFF, 0x80, 0x00, 0x00, 0x00, 0x00, 0x00, 0x00,
    0x0D, 0xFF, 0xFF, 0xFF, 0xE0, 0x00, 0x00, 0x00, 0x00, 0x00, 0x00, 0x4F, 0xFF, 0xFF, 0xFF, 0xF5, 0x00, 0x00, 0x00, 0x00,
    0x00, 0x00, 0xAF, 0xFF, 0xFF, 0xFF, 0xFB, 0x00, 0x00, 0x00, 0x00, 0x00, 0x01, 0xFF, 0xFF, 0xFF, 0xFF, 0xFF, 0x20, 0x00,
    0x00, 0x00, 0x00, 0x07, 0xFF, 0xFF, 0xCA, 0xFF, 0xFF, 0x80, 0x00, 0x00, 0x00, 0x00, 0x0D, 0xFF, 0xFF, 0x64, 0xFF, 0xFF,
    0xE1, 0x00, 0x00, 0x00, 0x00, 0x5F, 0xFF, 0xFF, 0x10, 0xDF, 0xFF, 0xF6, 0x00, 0x00, 0x00, 0x00, 0xBF, 0xFF, 0xFA, 0x00,
    0x8F, 0xFF, 0xFC, 0x00, 0x00, 0x00, 0x02, 0xFF, 0xFF, 0xF5, 0x00, 0x3F, 0xFF, 0xFF, 0x30, 0x00, 0x00, 0x08, 0xFF, 0xFF,
    0xE0, 0x00, 0x0C, 0xFF, 0xFF, 0x90, 0x00, 0x00, 0x0E, 0xFF, 0xFF, 0x90, 0x00, 0x07, 0xFF, 0xFF, 0xE1, 0x00, 0x00, 0x5F,
    0xFF, 0xFF, 0x30, 0x00, 0x01, 0xFF, 0xFF, 0xF6, 0x00, 0x00, 0xCF, 0xFF, 0xFD, 0x00, 0x00, 0x00, 0xBF, 0xFF, 0xFD, 0x00,
    0x03, 0xFF, 0xFF, 0xF7, 0x00, 0x00, 0x00, 0x5F, 0xFF, 0xFF, 0x40, 0x07, 0xFF, 0xFF, 0xE2, 0x00, 0x00, 0x00, 0x0D, 0xFF,
    0xFF, 0x80, 0x08, 0xFF, 0xFF, 0xF3, 0x00, 0x00, 0x00, 0x4F, 0xFF, 0xFF, 0x60, 0x04, 0xFF, 0xFF, 0xF7, 0x00, 0x00, 0x00,
    0x9F, 0xFF, 0xFF, 0x30, 0x00, 0xEF, 0xFF, 0xFC, 0x00, 0x00, 0x00, 0xDF, 0xFF, 0xFC, 0x00, 0x00, 0x9F, 0xFF, 0xFF, 0x10,
    0x00, 0x02, 0xFF, 0xFF, 0xF7, 0x00, 0x00, 0x4F, 0xFF, 0xFF, 0x50, 0x00, 0x07, 0xFF, 0xFF, 0xF2, 0x00, 0x00, 0x0D, 0xFF,
    0xFF, 0x90, 0x00, 0x0B, 0xFF, 0xFF, 0xC0, 0x00, 0x00, 0x08, 0xFF, 0xFF, 0xD0, 0x00, 0x1F, 0xFF, 0xFF, 0x70, 0x00, 0x00,
    0x03, 0xFF, 0xFF, 0xF3, 0x00, 0x4F, 0xFF, 0xFF, 0x20, 0x00, 0x00, 0x00, 0xDF, 0xFF, 0xF7, 0x00, 0x9F, 0xFF, 0xFB, 0x00,
    0x00, 0x00, 0x00, 0x8F, 0xFF, 0xFB, 0x00, 0xDF, 0xFF, 0xF6, 0x00, 0x00, 0x00, 0x00, 0x3F, 0xFF, 0xFF, 0x12, 0xFF, 0xFF,
    0xF1, 0x00, 0x00, 0x00, 0x00, 0x0C, 0xFF, 0xFF, 0x56, 0xFF, 0xFF, 0xB0, 0x00, 0x00, 0x00, 0x00, 0x07, 0xFF, 0xFF, 0x9B,
    0xFF, 0xFF, 0x60, 0x00, 0x00, 0x00, 0x00, 0x02, 0xFF, 0xFF, 0xEF, 0xFF, 0xFF, 0x10, 0x00, 0x00, 0x00, 0x00, 0x00, 0xCF,
    0xFF, 0xFF, 0xFF, 0xFA, 0x00, 0x00, 0x00, 0x00, 0x00, 0x00, 0x7F, 0xFF, 0xFF, 0xFF, 0xF5, 0x00, 0x00, 0x00, 0x00, 0x00,
    0x00, 0x2F, 0xFF, 0xFF, 0xFF, 0xE1, 0x00, 0x00, 0x00, 0x00, 0x00, 0x00, 0x0B, 0xFF, 0xFF, 0xFF, 0xA0, 0x00, 0x00, 0x00,
    0x00, 0x00, 0x00, 0x06, 0xFF, 0xFF, 0xFF, 0x40, 0x00, 0x00, 0x00, 0x00, 0x00, 0x00, 0x01, 0xFF, 0xFF, 0xFE, 0x00, 0x00,
    0x00, 0x00, 0x00, 0x00, 0x00, 0x00, 0xDF, 0xFF, 0xFB, 0x00, 0x00, 0x00, 0x00, 0x00, 0x00, 0x00, 0x00, 0xDF, 0xFF, 0xFB,
    0x00, 0x00, 0x00, 0x00, 0x00, 0x00, 0x00, 0x00, 0xDF, 0xFF, 0xFB, 0x00, 0x00, 0x00, 0x00, 0x00, 0x00, 0x00, 0x00, 0xDF,
    0xFF, 0xFB, 0x00, 0x00, 0x00, 0x00, 0x00, 0x00, 0x00, 0x00, 0xDF, 0xFF, 0xFB, 0x00, 0x00, 0x00, 0x00, 0x00, 0x00, 0x00,
    0x00, 0xDF, 0xFF, 0xFB, 0x00, 0x00, 0x00, 0x00, 0x00, 0x00, 0x00, 0x00, 0xDF, 0xFF, 0xFB, 0x00, 0x00, 0x00, 0x00, 0x00,
    0x00, 0x00, 0x00, 0xDF, 0xFF, 0xFB, 0x00, 0x00, 0x00, 0x00, 0x00, 0x00, 0x00, 0x00, 0xDF, 0xFF, 0xFB, 0x00, 0x00, 0x00,
    0x00, 0x00, 0x00, 0x00, 0x00, 0xDF, 0xFF, 0xFB, 0x00, 0x00, 0x00, 0x00, 0x00, 0x00, 0x00, 0x00, 0xDF, 0xFF, 0xFB, 0x00,
    0x00, 0x00, 0x00, 0x00, 0x00, 0x00, 0x00, 0xDF, 0xFF, 0xFB, 0x00, 0x00, 0x00, 0x00, 0x00, 0x00, 0x00, 0x00, 0xDF, 0xFF,
    0xFB, 0x00, 0x00, 0x00, 0x00, 0x00, 0x00, 0x00, 0x00, 0xBF, 0xFF, 0xFA, 0x00, 0x00, 0x00, 0x00, 0x0A, 0xFF, 0xFF, 0xFF,
    0xFF, 0xFF, 0xFF, 0xFF, 0xFE, 0x10, 0xCF, 0xFF, 0xFF, 0xFF, 0xFF, 0xFF, 0xFF, 0xFF, 0xF1, 0x0C, 0xFF, 0xFF, 0xFF, 0xFF,
    0xFF, 0xFF, 0xFF, 0xFF, 0x10, 0xCF, 0xFF, 0xFF, 0xFF, 0xFF, 0xFF, 0xFF, 0xFF, 0xF1, 0x08, 0xCC, 0xCC, 0xCC, 0xCC, 0xCC,
    0xFF, 0xFF, 0xFF, 0x10, 0x00, 0x00, 0x00, 0x00, 0x00, 0x2F, 0xFF, 0xFF, 0xC0, 0x00, 0x00, 0x00, 0x00, 0x00, 0x08, 0xFF,
    0xFF, 0xF5, 0x00, 0x00, 0x00, 0x00, 0x00, 0x01, 0xEF, 0xFF, 0xFD, 0x00, 0x00, 0x00, 0x00, 0x00, 0x00, 0x7F, 0xFF, 0xFF,
    0x60, 0x00, 0x00, 0x00, 0x00, 0x00, 0x0D, 0xFF, 0xFF, 0xE1, 0x00, 0x00, 0x00, 0x00, 0x00, 0x05, 0xFF, 0xFF, 0xF8, 0x00,
    0x00, 0x00, 0x00, 0x00, 0x00, 0xCF, 0xFF, 0xFF, 0x10, 0x00, 0x00, 0x00, 0x00, 0x00, 0x4F, 0xFF, 0xFF, 0x90, 0x00, 0x00,
    0x00, 0x00, 0x00, 0x0B, 0xFF, 0xFF, 0xF3, 0x00, 0x00, 0x00, 0x00, 0x00, 0x02, 0xFF, 0xFF, 0xFB, 0x00, 0x00, 0x00, 0x00,
    0x00, 0x00, 0x9F, 0xFF, 0xFF, 0x40, 0x00, 0x00, 0x00, 0x00, 0x00, 0x1F, 0xFF, 0xFF, 0xC0, 0x00, 0x00, 0x00, 0x00, 0x00,
    0x08, 0xFF, 0xFF, 0xF5, 0x00, 0x00, 0x00, 0x00, 0x00, 0x01, 0xEF, 0xFF, 0xFD, 0x00, 0x00, 0x00, 0x00, 0x00, 0x00, 0x6F,
    0xFF, 0xFF, 0x70, 0x00, 0x00, 0x00, 0x00, 0x00, 0x0D, 0xFF, 0xFF, 0xE1, 0x00, 0x00, 0x00, 0x00, 0x00, 0x05, 0xFF, 0xFF,
    0xF8, 0x00, 0x00, 0x00, 0x00, 0x00, 0x00, 0xCF, 0xFF, 0xFF, 0x20, 0x00, 0x00, 0x00, 0x00, 0x00, 0x4F, 0xFF, 0xFF, 0xA0,
    0x00, 0x00, 0x00, 0x00, 0x00, 0x0A, 0xFF, 0xFF, 0xF3, 0x00, 0x00, 0x00, 0x00, 0x00, 0x02, 0xFF, 0xFF, 0xFB, 0x00, 0x00,
    0x00, 0x00, 0x00, 0x00, 0x9F, 0xFF, 0xFF, 0x40, 0x00, 0x00, 0x00, 0x00, 0x00, 0x1F, 0xFF, 0xFF, 0xC0, 0x00, 0x00, 0x00,
    0x00, 0x00, 0x08, 0xFF, 0xFF, 0xF6, 0x00, 0x00, 0x00, 0x00, 0x00, 0x00, 0xCF, 0xFF, 0xFF, 0xDC, 0xCC, 0xCC, 0xCC, 0xCC,
    0xB0, 0x0C, 0xFF, 0xFF, 0xFF, 0xFF, 0xFF, 0xFF, 0xFF, 0xFF, 0x10, 0xCF, 0xFF, 0xFF, 0xFF, 0xFF, 0xFF, 0xFF, 0xFF, 0xF1,
    0x0C, 0xFF, 0xFF, 0xFF, 0xFF, 0xFF, 0xFF, 0xFF, 0xFF, 0x10, 0xBF, 0xFF, 0xFF, 0xFF, 0xFF, 0xFF, 0xFF, 0xFF, 0xE1, 0x07,
    0xCC, 0xCC, 0xCC, 0xCC, 0xC3, 0x00, 0x00, 0x0B, 0xFF, 0xFF, 0xFF, 0xFF, 0xF6, 0x00, 0x00, 0x0B, 0xFF, 0xFF, 0xFF, 0xFF,
    0xF6, 0x00, 0x00, 0x0B, 0xFF, 0xFF, 0xFF, 0xFF, 0xF6, 0x00, 0x00, 0x0B, 0xFF, 0xFF, 0xFF, 0xFF, 0xF4, 0x00, 0x00, 0x0B,
    0xFF, 0xFF, 0xD0, 0x00, 0x00, 0x00, 0x00, 0x0B, 0xFF, 0xFF, 0xD0, 0x00, 0x00, 0x00, 0x00, 0x0B, 0xFF, 0xFF, 0xD0, 0x00,
    0x00, 0x00, 0x00, 0x0B, 0xFF, 0xFF, 0xD0, 0x00, 0x00, 0x00, 0x00, 0x0B, 0xFF, 0xFF, 0xD0, 0x00, 0x00, 0x00, 0x00, 0x0B,
    0xFF, 0xFF, 0xD0, 0x00, 0x00, 0x00, 0x00, 0x0B, 0xFF, 0xFF, 0xD0, 0x00, 0x00, 0x00, 0x00, 0x0B, 0xFF, 0xFF, 0xD0, 0x00,
    0x00, 0x00, 0x00, 0x0B, 0xFF, 0xFF, 0xD0, 0x00, 0x00, 0x00, 0x00, 0x0B, 0xFF, 0xFF, 0xD0, 0x00, 0x00, 0x00, 0x00, 0x0B,
    0xFF, 0xFF, 0xD0, 0x00, 0x00, 0x00, 0x00, 0x0B, 0xFF, 0xFF, 0xD0, 0x00, 0x00, 0x00, 0x00, 0x0B, 0xFF, 0xFF, 0xD0, 0x00,
    0x00, 0x00, 0x00, 0x0B, 0xFF, 0xFF, 0xD0, 0x00, 0x00, 0x00, 0x00, 0x0B, 0xFF, 0xFF, 0xD0, 0x00, 0x00, 0x00, 0x00, 0x0B,
    0xFF, 0xFF, 0xD0, 0x00, 0x00, 0x00, 0x00, 0x0B, 0xFF, 0xFF, 0xD0, 0x00, 0x00, 0x00, 0x00, 0x0B, 0xFF, 0xFF, 0xD0, 0x00,
    0x00, 0x00, 0x00, 0x0B, 0xFF, 0xFF, 0xD0, 0x00, 0x00, 0x00, 0x00, 0x0B, 0xFF, 0xFF, 0xD0, 0x00, 0x00, 0x00, 0x00, 0x0B,
    0xFF, 0xFF, 0xD0, 0x00, 0x00, 0x00, 0x00, 0x0B, 0xFF, 0xFF, 0xD0, 0x00, 0x00, 0x00, 0x00, 0x0B, 0xFF, 0xFF, 0xD0, 0x00,
    0x00, 0x00, 0x00, 0x0B, 0xFF, 0xFF, 0xD0, 0x00, 0x00, 0x00, 0x00, 0x0B, 0xFF, 0xFF, 0xD0, 0x00, 0x00, 0x00, 0x00, 0x0B,
    0xFF, 0xFF, 0xD0, 0x00, 0x00, 0x00, 0x00, 0x0B, 0xFF, 0xFF, 0xD0, 0x00, 0x00, 0x00, 0x00, 0x0B, 0xFF, 0xFF, 0xD0, 0x00,
    0x00, 0x00, 0x00, 0x0B, 0xFF, 0xFF, 0xD0, 0x00, 0x00, 0x00, 0x00, 0x0B, 0xFF, 0xFF, 0xD0, 0x00, 0x00, 0x00, 0x00, 0x0B,
    0xFF, 0xFF, 0xD0, 0x00, 0x00, 0x00, 0x00, 0x0B, 0xFF, 0xFF, 0xD0, 0x00, 0x00, 0x00, 0x00, 0x0B, 0xFF, 0xFF, 0xD0, 0x00,
    0x00, 0x00, 0x00, 0x0B, 0xFF, 0xFF, 0xD0, 0x00, 0x00, 0x00, 0x00, 0x0B, 0xFF, 0xFF, 0xD0, 0x00, 0x00, 0x00, 0x00, 0x0B,
    0xFF, 0xFF, 0xFC, 0xCC, 0xC3, 0x00, 0x00, 0x0B, 0xFF, 0xFF, 0xFF, 0xFF, 0xF6, 0x00, 0x00, 0x0B, 0xFF, 0xFF, 0xFF, 0xFF,
    0xF6, 0x00, 0x00, 0x0B, 0xFF, 0xFF, 0xFF, 0xFF, 0xF6, 0x00, 0x00, 0x09, 0xFF, 0xFF, 0xFF, 0xFF, 0xF4, 0x00, 0x00, 0x00,
    0xBF, 0xFF, 0xFA, 0x00, 0x00, 0x00, 0x00, 0x00, 0x00, 0x08, 0xFF, 0xFF, 0xF1, 0x00, 0x00, 0x00, 0x00, 0x00, 0x00, 0x4F,
    0xFF, 0xFF, 0x50, 0x00, 0x00, 0x00, 0x00, 0x00, 0x00, 0xEF, 0xFF, 0xFA, 0x00, 0x00, 0x00, 0x00, 0x00, 0x00, 0x0A, 0xFF,
    0xFF, 0xE0, 0x00, 0x00, 0x00, 0x00, 0x00, 0x00, 0x5F, 0xFF, 0xFF, 0x40, 0x00, 0x00, 0x00, 0x00, 0x00, 0x01, 0xFF, 0xFF,
    0xF8, 0x00, 0x00, 0x00, 0x00, 0x00, 0x00, 0x0B, 0xFF, 0xFF, 0xD0, 0x00, 0x00, 0x00, 0x00, 0x00, 0x00, 0x7F, 0xFF, 0xFF,
    0x20, 0x00, 0x00, 0x00, 0x00, 0x00, 0x02, 0xFF, 0xFF, 0xF6, 0x00, 0x00, 0x00, 0x00, 0x00, 0x00, 0x0D, 0xFF, 0xFF, 0xB0,
    0x00, 0x00, 0x00, 0x00, 0x00, 0x00, 0x8F, 0xFF, 0xFF, 0x10, 0x00, 0x00, 0x00, 0x00, 0x00, 0x04, 0xFF, 0xFF, 0xF5, 0x00,
    0x00, 0x00, 0x00, 0x00, 0x00, 0x0E, 0xFF, 0xFF, 0x90, 0x00, 0x00, 0x00, 0x00, 0x00, 0x00, 0xAF, 0xFF, 0xFE, 0x00, 0x00,
    0x00, 0x00, 0x00, 0x00, 0x05, 0xFF, 0xFF, 0xF3, 0x00, 0x00, 0x00, 0x00, 0x00, 0x00, 0x1F, 0xFF, 0xFF, 0x80, 0x00, 0x00,
    0x00, 0x00, 0x00, 0x00, 0xBF, 0xFF, 0xFC, 0x00, 0x00, 0x00, 0x00, 0x00, 0x00, 0x07, 0xFF, 0xFF, 0xF2, 0x00, 0x00, 0x00,
    0x00, 0x00, 0x00, 0x2F, 0xFF, 0xFF, 0x60, 0x00, 0x00, 0x00, 0x00, 0x00, 0x00, 0xDF, 0xFF, 0xFB, 0x00, 0x00, 0x00, 0x00,
    0x00, 0x00, 0x08, 0xFF, 0xFF, 0xF1, 0x00, 0x00, 0x00, 0x00, 0x00, 0x00, 0x4F, 0xFF, 0xFF, 0x50, 0x00, 0x00, 0x00, 0x00,
    0x00, 0x00, 0xEF, 0xFF, 0xF9, 0x00, 0x00, 0x00, 0x00, 0x00, 0x00, 0x0A, 0xFF, 0xFF, 0xE0, 0x00, 0x00, 0x00, 0x00, 0x00,
    0x00, 0x5F, 0xFF, 0xFF, 0x30, 0x00, 0x00, 0x00, 0x00, 0x00, 0x01, 0xFF, 0xFF, 0xF8, 0x00, 0x00, 0x00, 0x00, 0x00, 0x00,
    0x0B, 0xFF, 0xFF, 0xC0, 0x00, 0x00, 0x00, 0x00, 0x00, 0x00, 0x7F, 0xFF, 0xFF, 0x20, 0x00, 0x00, 0x00, 0x00, 0x00, 0x02,
    0xFF, 0xFF, 0xF6, 0x00, 0x00, 0x00, 0x00, 0x00, 0x00, 0x0D, 0xFF, 0xFF, 0xB0, 0x00, 0x00, 0x00, 0x00, 0x00, 0x00, 0x8F,
    0xFF, 0xFF, 0x10, 0x00, 0x00, 0x00, 0x00, 0x00, 0x04, 0xFF, 0xFF, 0xF5, 0x00, 0x00, 0x00, 0x00, 0x00, 0x00, 0x0D, 0xFF,
    0xFF, 0x80, 0x00, 0x00, 0x5C, 0xCC, 0xCC, 0xCC, 0xCC, 0x50, 0x00, 0x00, 0x8F, 0xFF, 0xFF, 0xFF, 0xFF, 0x80, 0x00, 0x00,
    0x8F, 0xFF, 0xFF, 0xFF, 0xFF, 0x80, 0x00, 0x00, 0x8F, 0xFF, 0xFF, 0xFF, 0xFF, 0x80, 0x00, 0x00, 0x7F, 0xFF, 0xFF, 0xFF,
    0xFF, 0x80, 0x00, 0x00, 0x00, 0x00, 0x1F, 0xFF, 0xFF, 0x80, 0x00, 0x00, 0x00, 0x00, 0x1F, 0xFF, 0xFF, 0x80, 0x00, 0x00,
    0x00, 0x00, 0x1F, 0xFF, 0xFF, 0x80, 0x00, 0x00, 0x00, 0x00, 0x1F, 0xFF, 0xFF, 0x80, 0x00, 0x00, 0x00, 0x00, 0x1F, 0xFF,
    0xFF, 0x80, 0x00, 0x00, 0x00, 0x00, 0x1F, 0xFF, 0xFF, 0x80, 0x00, 0x00, 0x00, 0x00, 0x1F, 0xFF, 0xFF, 0x80, 0x00, 0x00,
    0x00, 0x00, 0x1F, 0xFF, 0xFF, 0x80, 0x00, 0x00, 0x00, 0x00, 0x1F, 0xFF, 0xFF, 0x80, 0x00, 0x00, 0x00, 0x00, 0x1F, 0xFF,
    0xFF, 0x80, 0x00, 0x00, 0x00, 0x00, 0x1F, 0xFF, 0xFF, 0x80, 0x00, 0x00, 0x00, 0x00, 0x1F, 0xFF, 0xFF, 0x80, 0x00, 0x00,
    0x00, 0x00, 0x1F, 0xFF, 0xFF, 0x80, 0x00, 0x00, 0x00, 0x00, 0x1F, 0xFF, 0xFF, 0x80, 0x00, 0x00, 0x00, 0x00, 0x1F, 0xFF,
    0xFF, 0x80, 0x00, 0x00, 0x00, 0x00, 0x1F, 0xFF, 0xFF, 0x80, 0x00, 0x00, 0x00, 0x00, 0x1F, 0xFF, 0xFF, 0x80, 0x00, 0x00,
    0x00, 0x00, 0x1F, 0xFF, 0xFF, 0x80, 0x00, 0x00, 0x00, 0x00, 0x1F, 0xFF, 0xFF, 0x80, 0x00, 0x00, 0x00, 0x00, 0x1F, 0xFF,
    0xFF, 0x80, 0x00, 0x00, 0x00, 0x00, 0x1F, 0xFF, 0xFF, 0x80, 0x00, 0x00, 0x00, 0x00, 0x1F, 0xFF, 0xFF, 0x80, 0x00, 0x00,
    0x00, 0x00, 0x1F, 0xFF, 0xFF, 0x80, 0x00, 0x00, 0x00, 0x00, 0x1F, 0xFF, 0xFF, 0x80, 0x00, 0x00, 0x00, 0x00, 0x1F, 0xFF,
    0xFF, 0x80, 0x00, 0x00, 0x00, 0x00, 0x1F, 0xFF, 0xFF, 0x80, 0x00, 0x00, 0x00, 0x00, 0x1F, 0xFF, 0xFF, 0x80, 0x00, 0x00,
    0x00, 0x00, 0x1F, 0xFF, 0xFF, 0x80, 0x00, 0x00, 0x00, 0x00, 0x1F, 0xFF, 0xFF, 0x80, 0x00, 0x00, 0x00, 0x00, 0x1F, 0xFF,
    0xFF, 0x80, 0x00, 0x00, 0x00, 0x00, 0x1F, 0xFF, 0xFF, 0x80, 0x00, 0x00, 0x00, 0x00, 0x1F, 0xFF, 0xFF, 0x80, 0x00, 0x00,
    0x00, 0x00, 0x1F, 0xFF, 0xFF, 0x80, 0x00, 0x00, 0x00, 0x00, 0x1F, 0xFF, 0xFF, 0x80, 0x00, 0x00, 0x00, 0x00, 0x1F, 0xFF,
    0xFF, 0x80, 0x00, 0x00, 0x5C, 0xCC, 0xDF, 0xFF, 0xFF, 0x80, 0x00, 0x00, 0x8F, 0xFF, 0xFF, 0xFF, 0xFF, 0x80, 0x00, 0x00,
    0x8F, 0xFF, 0xFF, 0xFF, 0xFF, 0x80, 0x00, 0x00, 0x8F, 0xFF, 0xFF, 0xFF, 0xFF, 0x80, 0x00, 0x00, 0x7F, 0xFF, 0xFF, 0xFF,
    0xFF, 0x60, 0x00, 0x00, 0x00, 0x08, 0xFF, 0xFF, 0x50, 0x00, 0x00, 0x00, 0x00, 0x00, 0x00, 0x0E, 0xFF, 0xFF, 0xB0, 0x00,
    0x00, 0x00, 0x00, 0x00, 0x00, 0x4F, 0xFF, 0xFF, 0xF1, 0x00, 0x00, 0x00, 0x00, 0x00, 0x00, 0x9F, 0xFF, 0xFF, 0xF6, 0x00,
    0x00, 0x00, 0x00, 0x00, 0x00, 0xEF, 0xFF, 0xFF, 0xFB, 0x00, 0x00, 0x00, 0x00, 0x00, 0x04, 0xFF, 0xFF, 0xFF, 0xFF, 0x10,
    0x00, 0x00, 0x00, 0x00, 0x09, 0xFF, 0xFB, 0xDF, 0xFF, 0x60, 0x00, 0x00, 0x00, 0x00, 0x0E, 0xFF, 0xF6, 0x8F, 0xFF, 0xB0,
    0x00, 0x00, 0x00, 0x00, 0x4F, 0xFF, 0xF2, 0x4F, 0xFF, 0xF1, 0x00, 0x00, 0x00, 0x00, 0x9F, 0xFF, 0xD0, 0x0E, 0xFF, 0xF6,
    0x00, 0x00, 0x00, 0x00, 0xEF, 0xFF, 0x80, 0x0A, 0xFF, 0xFB, 0x00, 0x00, 0x00, 0x04, 0xFF, 0xFF, 0x40, 0x06, 0xFF, 0xFF,
    0x10, 0x00, 0x00, 0x09, 0xFF, 0xFE, 0x00, 0x01, 0xFF, 0xFF, 0x60, 0x00, 0x00, 0x0E, 0xFF, 0xFA, 0x00, 0x00, 0xCF, 0xFF,
    0xB0, 0x00, 0x00, 0x4F, 0xFF, 0xF5, 0x00, 0x00, 0x8F, 0xFF, 0xF1, 0x00, 0x00, 0x9F, 0xFF, 0xF1, 0x00, 0x00, 0x3F, 0xFF,
    0xF6, 0x00, 0x00, 0xEF, 0xFF, 0xB0, 0x00, 0x00, 0x0E, 0xFF, 0xFB, 0x00, 0x04, 0xFF, 0xFF, 0x70, 0x00, 0x00, 0x09, 0xFF,
    0xFF, 0x10, 0x07, 0xFF, 0xFE, 0x20, 0x00, 0x00, 0x04, 0xFF, 0xFF, 0x40, 0x00, 0x00, 0x00, 0x00, 0x00, 0x00, 0x00, 0x00,
    0x00, 0x00, 0x00, 0x00, 0x00, 0x00, 0x00, 0x00, 0x00, 0x00, 0x00, 0x00, 0x00, 0x00, 0x00, 0x00, 0x00, 0x00, 0x00, 0x00,
    0x00, 0x00, 0x00, 0x00, 0x00, 0x00, 0x00, 0x00, 0x00, 0x00, 0x00, 0x00, 0x00, 0x00, 0x00, 0x00, 0x00, 0x00, 0x00, 0x00,
    0x00, 0x00, 0x00, 0x00, 0x00, 0x00, 0x00, 0x00, 0x00, 0x00, 0x00, 0x00, 0x00, 0x00, 0x00, 0x00, 0x00, 0x00, 0x00, 0x00,
    0x00, 0x00, 0x00, 0x00, 0x00, 0x00, 0x00, 0x00, 0x00, 0x00, 0x00, 0x00, 0x00, 0x00, 0x00, 0x00, 0x00, 0x00, 0x00, 0x00,
    0x00, 0x00, 0x00, 0x00, 0x00, 0x00, 0x00, 0x00, 0x00, 0x00, 0x00, 0x00, 0x00, 0x00, 0x00, 0x00, 0x00, 0x00, 0x00, 0x00,
    0x00, 0x00, 0x00, 0x00, 0x00, 0x00, 0x00, 0x00, 0x00, 0x00, 0x00, 0x00, 0x00, 0x00, 0x00, 0x00, 0x00, 0x00, 0x00, 0x00,
    0x00, 0x00, 0x00, 0x00, 0x00, 0x00, 0x00, 0x00, 0x00, 0x00, 0x00, 0x00, 0x00, 0x00, 0x00, 0x00, 0x00, 0x00, 0x00, 0x00,
    0x00, 0x00, 0x1C, 0xCC, 0xCC, 0xCC, 0xCC, 0xCC, 0xCC, 0xCC, 0xCC, 0x63, 0xFF, 0xFF, 0xFF, 0xFF, 0xFF, 0xFF, 0xFF, 0xFF,
    0xF9, 0x3F, 0xFF, 0xFF, 0xFF, 0xFF, 0xFF, 0xFF, 0xFF, 0xFF, 0x93, 0xFF, 0xFF, 0xFF, 0xFF, 0xFF, 0xFF, 0xFF, 0xFF, 0xF9,
    0x2F, 0xFF, 0xFF, 0xFF, 0xFF, 0xFF, 0xFF, 0xFF, 0xFF, 0x80, 0x0B, 0xFF, 0xFD, 0x10, 0x00, 0x03, 0xFF, 0xFF, 0x70, 0x00,
    0x00, 0x7F, 0xFF, 0xE2, 0x00, 0x00, 0x0B, 0xFF, 0xFA, 0x00, 0x00, 0x01, 0xEF, 0xFF, 0x30, 0x00, 0x00, 0x4F, 0xFF, 0xA0,
    0x00, 0x00, 0x00, 0x00, 0x00, 0x00, 0x00, 0x00, 0x00, 0x00, 0x00, 0x00, 0x00, 0x00, 0x00, 0x00, 0x00, 0x00, 0x00, 0x00,
    0x00, 0x00, 0x00, 0x00, 0x00, 0x00, 0x00, 0x00, 0x00, 0x00, 0x00, 0x00, 0x00, 0x00, 0x00, 0x00, 0x00, 0x00, 0x00, 0x00,
    0x00, 0x00, 0x00, 0x00, 0x00, 0x00, 0x00, 0x00, 0x00, 0x00, 0x00, 0x00, 0x00, 0x00, 0x00, 0x00, 0x00, 0x00, 0x00, 0x00,
    0x00, 0x00, 0x00, 0x00, 0x00, 0x00, 0x00, 0x00, 0x00, 0x00, 0x00, 0x00, 0x00, 0x00, 0x00, 0x00, 0x00, 0x00, 0x00, 0x00,
    0x00, 0x00, 0x00, 0x00, 0x00, 0x00, 0x00, 0x00, 0x00, 0x00, 0x00, 0x00, 0x00, 0x00, 0x00, 0x00, 0x00, 0x00, 0x00, 0x00,
    0x00, 0x00, 0x00, 0x00, 0x00, 0x00, 0x00, 0x00, 0x00, 0x00, 0x00, 0x00, 0x00, 0x00, 0x00, 0x00, 0x00, 0x00, 0x00, 0x00,
    0x00, 0x00, 0x00, 0x00, 0x00, 0x00, 0x00, 0x00, 0x00, 0x00, 0x00, 0x00, 0x00, 0x00, 0x00, 0x00, 0x00, 0x00, 0x00, 0x00,
    0x00, 0x00, 0x00, 0x28, 0xCE, 0xFE, 0xC9, 0x30, 0x00, 0x00, 0x00, 0x00, 0x01, 0x9F, 0xFF, 0xFF, 0xFF, 0xFF, 0xA1, 0x00,
    0x00, 0x00, 0x01, 0xBF, 0xFF, 0xFF, 0xFF, 0xFF, 0xFF, 0xD1, 0x00, 0x00, 0x00, 0x9F, 0xFF, 0xFF, 0xFF, 0xFF, 0xFF, 0xFF,
    0xB0, 0x00, 0x00, 0x3F, 0xFF, 0xFF, 0xFF, 0xDF, 0xFF, 0xFF, 0xFF, 0x50, 0x00, 0x08, 0xFF, 0xFF, 0xFB, 0x10, 0x1B, 0xFF,
    0xFF, 0xFA, 0x00, 0x00, 0xBF, 0xFF, 0xFF, 0x20, 0x00, 0x1E, 0xFF, 0xFF, 0xE0, 0x00, 0x08, 0xBB, 0xBB, 0x90, 0x00, 0x00,
    0xAF, 0xFF, 0xFF, 0x00, 0x00, 0x00, 0x00, 0x00, 0x00, 0x00, 0x08, 0xFF, 0xFF, 0xF1, 0x00, 0x00, 0x00, 0x00, 0x00, 0x00,
    0x00, 0x8F, 0xFF, 0xFF, 0x10, 0x00, 0x00, 0x01, 0x6A, 0xDE, 0xFF, 0xFF, 0xFF, 0xFF, 0xF1, 0x00, 0x00, 0x18, 0xFF, 0xFF,
    0xFF, 0xFF, 0xFF, 0xFF, 0xFF, 0x10, 0x00, 0x1C, 0xFF, 0xFF, 0xFF, 0xFF, 0xFF, 0xFF, 0xFF, 0xF1, 0x00, 0x09, 0xFF, 0xFF,
    0xFF, 0xFF, 0xFF, 0xFF, 0xFF, 0xFF, 0x10, 0x01, 0xFF, 0xFF, 0xFF, 0xA3, 0x10, 0x08, 0xFF, 0xFF, 0xF1, 0x00, 0x5F, 0xFF,
    0xFF, 0xA0, 0x00, 0x00, 0x8F, 0xFF, 0xFF, 0x10, 0x08, 0xFF, 0xFF, 0xF4, 0x00, 0x00, 0x08, 0xFF, 0xFF, 0xF1, 0x00, 0x9F,
    0xFF, 0xFF, 0x20, 0x00, 0x00, 0x9F, 0xFF, 0xFF, 0x10, 0x09, 0xFF, 0xFF, 0xF5, 0x00, 0x00, 0x1E, 0xFF, 0xFF, 0xF1, 0x00,
    0x7F, 0xFF, 0xFF, 0xD2, 0x00, 0x3C, 0xFF, 0xFF, 0xFF, 0x10, 0x04, 0xFF, 0xFF, 0xFF, 0xFD, 0xEF, 0xFF, 0xFF, 0xFF, 0xF1,
    0x00, 0x1E, 0xFF, 0xFF, 0xFF, 0xFF, 0xFF, 0xFF, 0xFF, 0xFF, 0x10, 0x00, 0x6F, 0xFF, 0xFF, 0xFF, 0xFF, 0xFF, 0xFF, 0xFF,
    0xF1, 0x00, 0x00, 0x7F, 0xFF, 0xFF, 0xFF, 0xFC, 0xAF, 0xFF, 0xFF, 0x10, 0x00, 0x00, 0x28, 0xCE, 0xFE, 0xB6, 0x06, 0xFF,
    0xFF, 0xE0, 0x00, 0x00, 0xAF, 0xFF, 0xFA, 0x00, 0x00, 0x00, 0x00, 0x00, 0x00, 0x00, 0x0C, 0xFF, 0xFF, 0xC0, 0x00, 0x00,
    0x00, 0x00, 0x00, 0x00, 0x00, 0xCF, 0xFF, 0xFC, 0x00, 0x00, 0x00, 0x00, 0x00, 0x00, 0x00, 0x0C, 0xFF, 0xFF, 0xC0, 0x00,
    0x00, 0x00, 0x00, 0x00, 0x00, 0x00, 0xCF, 0xFF, 0xFC, 0x00, 0x00, 0x00, 0x00, 0x00, 0x00, 0x00, 0x0C, 0xFF, 0xFF, 0xC0,
    0x00, 0x00, 0x00, 0x00, 0x00, 0x00, 0x00, 0xCF, 0xFF, 0xFC, 0x00, 0x00, 0x00, 0x00, 0x00, 0x00, 0x00, 0x0C, 0xFF, 0xFF,
    0xC0, 0x00, 0x00, 0x00, 0x00, 0x00, 0x00, 0x00, 0xCF, 0xFF, 0xFC, 0x00, 0x00, 0x00, 0x00, 0x00, 0x00, 0x00, 0x0C, 0xFF,
    0xFF, 0xC0, 0x4A, 0xEF, 0xEA, 0x50, 0x00, 0x00, 0x00, 0xCF, 0xFF, 0xFD, 0xAF, 0xFF, 0xFF, 0xFF, 0xA1, 0x00, 0x00, 0x0C,
    0xFF, 0xFF, 0xFF, 0xFF, 0xFF, 0xFF, 0xFF, 0xA0, 0x00, 0x00, 0xCF, 0xFF, 0xFF, 0xFF, 0xFF, 0xFF, 0xFF, 0xFF, 0x40, 0x00,
    0x0C, 0xFF, 0xFF, 0xFF, 0xFD, 0xEF, 0xFF, 0xFF, 0xFA, 0x00, 0x00, 0xCF, 0xFF, 0xFF, 0xC2, 0x00, 0x8F, 0xFF, 0xFF, 0xE0,
    0x00, 0x0C, 0xFF, 0xFF, 0xF2, 0x00, 0x00, 0xBF, 0xFF, 0xFF, 0x10, 0x00, 0xCF, 0xFF, 0xFD, 0x00, 0x00, 0x07, 0xFF, 0xFF,
    0xF2, 0x00, 0x0C, 0xFF, 0xFF, 0xC0, 0x00, 0x00, 0x6F, 0xFF, 0xFF, 0x20, 0x00, 0xCF, 0xFF, 0xFC, 0x00, 0x00, 0x06, 0xFF,
    0xFF, 0xF2, 0x00, 0x0C, 0xFF, 0xFF, 0xC0, 0x00, 0x00, 0x6F, 0xFF, 0xFF, 0x20, 0x00, 0xCF, 0xFF, 0xFC, 0x00, 0x00, 0x06,
    0xFF, 0xFF, 0xF2, 0x00, 0x0C, 0xFF, 0xFF, 0xC0, 0x00, 0x00, 0x6F, 0xFF, 0xFF, 0x20, 0x00, 0xCF, 0xFF, 0xFC, 0x00, 0x00,
    0x06, 0xFF, 0xFF, 0xF2, 0x00, 0x0C, 0xFF, 0xFF, 0xC0, 0x00, 0x00, 0x6F, 0xFF, 0xFF, 0x20, 0x00, 0xCF, 0xFF, 0xFC, 0x00,
    0x00, 0x06, 0xFF, 0xFF, 0xF2, 0x00, 0x0C, 0xFF, 0xFF, 0xC0, 0x00, 0x00, 0x6F, 0xFF, 0xFF, 0x20, 0x00, 0xCF, 0xFF, 0xFC,
    0x00, 0x00, 0x07, 0xFF, 0xFF, 0xF2, 0x00, 0x0C, 0xFF, 0xFF, 0xF2, 0x00, 0x00, 0xBF, 0xFF, 0xFF, 0x10, 0x00, 0xCF, 0xFF,
    0xFF, 0xC2, 0x00, 0x8F, 0xFF, 0xFF, 0xE0, 0x00, 0x0C, 0xFF, 0xFF, 0xFF, 0xFD, 0xEF, 0xFF, 0xFF, 0xFA, 0x00, 0x00, 0xCF,
    0xFF, 0xFF, 0xFF, 0xFF, 0xFF, 0xFF, 0xFF, 0x40, 0x00, 0x0C, 0xFF, 0xFF, 0xFF, 0xFF, 0xFF, 0xFF, 0xFF, 0xA0, 0x00, 0x00,
    0xCF, 0xFF, 0xFE, 0xDF, 0xFF, 0xFF, 0xFF, 0xB1, 0x00, 0x00, 0x0A, 0xFF, 0xFF, 0xA1, 0x7C, 0xEF, 0xEA, 0x50, 0x00, 0x00,
    0x00, 0x00, 0x00, 0x5A, 0xDE, 0xFE, 0xC8, 0x30, 0x00, 0x00, 0x00, 0x00, 0x3D, 0xFF, 0xFF, 0xFF, 0xFF, 0xFA, 0x10, 0x00,
    0x00, 0x04, 0xFF, 0xFF, 0xFF, 0xFF, 0xFF, 0xFF, 0xD1, 0x00, 0x00, 0x1E, 0xFF, 0xFF, 0xFF, 0xFF, 0xFF, 0xFF, 0xFB, 0x00,
    0x00, 0x8F, 0xFF, 0xFF, 0xFE, 0xDF, 0xFF, 0xFF, 0xFF, 0x40, 0x00, 0xDF, 0xFF, 0xFF, 0x80, 0x01, 0xBF, 0xFF, 0xFF, 0x90,
    0x01, 0xFF, 0xFF, 0xFC, 0x00, 0x00, 0x1E, 0xFF, 0xFF, 0xC0, 0x02, 0xFF, 0xFF, 0xF7, 0x00, 0x00, 0x0B, 0xFF, 0xFF, 0xD0,
    0x03, 0xFF, 0xFF, 0xF6, 0x00, 0x00, 0x06, 0xAA, 0xAA, 0x70, 0x03, 0xFF, 0xFF, 0xF6, 0x00, 0x00, 0x00, 0x00, 0x00, 0x00,
    0x03, 0xFF, 0xFF, 0xF6, 0x00, 0x00, 0x00, 0x00, 0x00, 0x00, 0x03, 0xFF, 0xFF, 0xF6, 0x00, 0x00, 0x00, 0x00, 0x00, 0x00,
    0x03, 0xFF, 0xFF, 0xF6, 0x00, 0x00, 0x00, 0x00, 0x00, 0x00, 0x03, 0xFF, 0xFF, 0xF6, 0x00, 0x00, 0x00, 0x00, 0x00, 0x00,
    0x03, 0xFF, 0xFF, 0xF6, 0x00, 0x00, 0x00, 0x00, 0x00, 0x00, 0x03, 0xFF, 0xFF, 0xF6, 0x00, 0x00, 0x00, 0x00, 0x00, 0x00,
    0x03, 0xFF, 0xFF, 0xF6, 0x00, 0x00, 0x07, 0xCC, 0xCC, 0x90, 0x02, 0xFF, 0xFF, 0xF7, 0x00, 0x00, 0x0B, 0xFF, 0xFF, 0xD0,
    0x01, 0xFF, 0xFF, 0xFC, 0x00, 0x00, 0x1E, 0xFF, 0xFF, 0xC0, 0x00, 0xDF, 0xFF, 0xFF, 0x80, 0x01, 0xBF, 0xFF, 0xFF, 0x90,
    0x00, 0x8F, 0xFF, 0xFF, 0xFE, 0xDF, 0xFF, 0xFF, 0xFF, 0x40, 0x00, 0x1E, 0xFF, 0xFF, 0xFF, 0xFF, 0xFF, 0xFF, 0xFC, 0x00,
    0x00, 0x04, 0xFF, 0xFF, 0xFF, 0xFF, 0xFF, 0xFF, 0xD2, 0x00, 0x00, 0x00, 0x3D, 0xFF, 0xFF, 0xFF, 0xFF, 0xFB, 0x10, 0x00,
    0x00, 0x00, 0x00, 0x5A, 0xDE, 0xFE, 0xC9, 0x30, 0x00, 0x00, 0x00, 0x00, 0x00, 0x00, 0x00, 0x00, 0x0A, 0xFF, 0xFF, 0xA0,
    0x00, 0x00, 0x00, 0x00, 0x00, 0x00, 0x00, 0xCF, 0xFF, 0xFC, 0x00, 0x00, 0x00, 0x00, 0x00, 0x00, 0x00, 0x0C, 0xFF, 0xFF,
    0xC0, 0x00, 0x00, 0x00, 0x00, 0x00, 0x00, 0x00, 0xCF, 0xFF, 0xFC, 0x00, 0x00, 0x00, 0x00, 0x00, 0x00, 0x00, 0x0C, 0xFF,
    0xFF, 0xC0, 0x00, 0x00, 0x00, 0x00, 0x00, 0x00, 0x00, 0xCF, 0xFF, 0xFC, 0x00, 0x00, 0x00, 0x00, 0x00, 0x00, 0x00, 0x0C,
    0xFF, 0xFF, 0xC0, 0x00, 0x00, 0x00, 0x00, 0x00, 0x00, 0x00, 0xCF, 0xFF, 0xFC, 0x00, 0x00, 0x00, 0x00, 0x00, 0x00, 0x00,
    0x0C, 0xFF, 0xFF, 0xC0, 0x00, 0x00, 0x00, 0x5B, 0xEF, 0xEA, 0x40, 0xCF, 0xFF, 0xFC, 0x00, 0x00, 0x01, 0xBF, 0xFF, 0xFF,
    0xFF, 0x9D, 0xFF, 0xFF, 0xC0, 0x00, 0x00, 0xAF, 0xFF, 0xFF, 0xFF, 0xFF, 0xFF, 0xFF, 0xFC, 0x00, 0x00, 0x5F, 0xFF, 0xFF,
    0xFF, 0xFF, 0xFF, 0xFF, 0xFF, 0xC0, 0x00, 0x0B, 0xFF, 0xFF, 0xFF, 0xED, 0xFF, 0xFF, 0xFF, 0xFC, 0x00, 0x00, 0xEF, 0xFF,
    0xFF, 0x70, 0x02, 0xCF, 0xFF, 0xFF, 0xC0, 0x00, 0x1F, 0xFF, 0xFF, 0xB0, 0x00, 0x02, 0xFF, 0xFF, 0xFC, 0x00, 0x02, 0xFF,
    0xFF, 0xF7, 0x00, 0x00, 0x0D, 0xFF, 0xFF, 0xC0, 0x00, 0x3F, 0xFF, 0xFF, 0x50, 0x00, 0x00, 0xCF, 0xFF, 0xFC, 0x00, 0x03,
    0xFF, 0xFF, 0xF5, 0x00, 0x00, 0x0C, 0xFF, 0xFF, 0xC0, 0x00, 0x3F, 0xFF, 0xFF, 0x50, 0x00, 0x00, 0xCF, 0xFF, 0xFC, 0x00,
    0x03, 0xFF, 0xFF, 0xF5, 0x00, 0x00, 0x0C, 0xFF, 0xFF, 0xC0, 0x00, 0x3F, 0xFF, 0xFF, 0x50, 0x00, 0x00, 0xCF, 0xFF, 0xFC,
    0x00, 0x03, 0xFF, 0xFF, 0xF5, 0x00, 0x00, 0x0C, 0xFF, 0xFF, 0xC0, 0x00, 0x3F, 0xFF, 0xFF, 0x50, 0x00, 0x00, 0xCF, 0xFF,
    0xFC, 0x00, 0x03, 0xFF, 0xFF, 0xF5, 0x00, 0x00, 0x0C, 0xFF, 0xFF, 0xC0, 0x00, 0x3F, 0xFF, 0xFF, 0x50, 0x00, 0x00, 0xCF,
    0xFF, 0xFC, 0x00, 0x02, 0xFF, 0xFF, 0xF7, 0x00, 0x00, 0x0C, 0xFF, 0xFF, 0xC0, 0x00, 0x1F, 0xFF, 0xFF, 0xB0, 0x00, 0x02,
    0xFF, 0xFF, 0xFC, 0x00, 0x00, 0xEF, 0xFF, 0xFF, 0x70, 0x02, 0xCF, 0xFF, 0xFF, 0xC0, 0x00, 0x0A, 0xFF, 0xFF, 0xFF, 0xED,
    0xFF, 0xFF, 0xFF, 0xFC, 0x00, 0x00, 0x4F, 0xFF, 0xFF, 0xFF, 0xFF, 0xFF, 0xFF, 0xFF, 0xC0, 0x00, 0x00, 0xAF, 0xFF, 0xFF,
    0xFF, 0xFF, 0xFF, 0xFF, 0xFC, 0x00, 0x00, 0x01, 0xBF, 0xFF, 0xFF, 0xFF, 0xDE, 0xFF, 0xFF, 0xC0, 0x00, 0x00, 0x00, 0x5B,
    0xEF, 0xEB, 0x60, 0xAF, 0xFF, 0xFA, 0x00, 0x00, 0x00, 0x00, 0x5A, 0xDE, 0xFE, 0xC8, 0x30, 0x00, 0x00, 0x00, 0x00, 0x3D,
    0xFF, 0xFF, 0xFF, 0xFF, 0xFA, 0x10, 0x00, 0x00, 0x04, 0xFF, 0xFF, 0xFF, 0xFF, 0xFF, 0xFF, 0xD1, 0x00, 0x00, 0x1E, 0xFF,
    0xFF, 0xFF, 0xFF, 0xFF, 0xFF, 0xFB, 0x00, 0x00, 0x8F, 0xFF, 0xFF, 0xFE, 0xDF, 0xFF, 0xFF, 0xFF, 0x40, 0x00, 0xDF, 0xFF,
    0xFF, 0x70, 0x01, 0xBF, 0xFF, 0xFF, 0x90, 0x01, 0xFF, 0xFF, 0xFB, 0x00, 0x00, 0x1E, 0xFF, 0xFF, 0xB0, 0x02, 0xFF, 0xFF,
    0xF7, 0x00, 0x00, 0x0B, 0xFF, 0xFF, 0xC0, 0x03, 0xFF, 0xFF, 0xF6, 0x00, 0x00, 0x0B, 0xFF, 0xFF, 0xC0, 0x03, 0xFF, 0xFF,
    0xF6, 0x00, 0x00, 0x0B, 0xFF, 0xFF, 0xC0, 0x03, 0xFF, 0xFF, 0xFF, 0xFF, 0xFF, 0xFF, 0xFF, 0xFF, 0xC0, 0x03, 0xFF, 0xFF,
    0xFF, 0xFF, 0xFF, 0xFF, 0xFF, 0xFF, 0xC0, 0x03, 0xFF, 0xFF, 0xFF, 0xFF, 0xFF, 0xFF, 0xFF, 0xFF, 0xC0, 0x03, 0xFF, 0xFF,
    0xFF, 0xFF, 0xFF, 0xFF, 0xFF, 0xFF, 0xB0, 0x03, 0xFF, 0xFF, 0xF6, 0x00, 0x00, 0x00, 0x00, 0x00, 0x00, 0x03, 0xFF, 0xFF,
    0xF6, 0x00, 0x00, 0x00, 0x00, 0x00, 0x00, 0x03, 0xFF, 0xFF, 0xF6, 0x00, 0x00, 0x00, 0x00, 0x00, 0x00, 0x02, 0xFF, 0xFF,
    0xF8, 0x00, 0x00, 0x09, 0xDD, 0xDD, 0x70, 0x01, 0xFF, 0xFF, 0xFD, 0x00, 0x00, 0x2F, 0xFF, 0xFF, 0x80, 0x00, 0xDF, 0xFF,
    0xFF, 0x80, 0x02, 0xCF, 0xFF, 0xFF, 0x50, 0x00, 0x9F, 0xFF, 0xFF, 0xFE, 0xDF, 0xFF, 0xFF, 0xFE, 0x10, 0x00, 0x2E, 0xFF,
    0xFF, 0xFF, 0xFF, 0xFF, 0xFF, 0xF8, 0x00, 0x00, 0x04, 0xFF, 0xFF, 0xFF, 0xFF, 0xFF, 0xFF, 0xC1, 0x00, 0x00, 0x00, 0x4D,
    0xFF, 0xFF, 0xFF, 0xFF, 0xFA, 0x10, 0x00, 0x00, 0x00, 0x00, 0x5A, 0xDE, 0xFE, 0xC9, 0x30, 0x00, 0x00, 0x00, 0x00, 0x00,
    0x16, 0xAD, 0xEF, 0x80, 0x00, 0x00, 0x05, 0xEF, 0xFF, 0xFF, 0x90, 0x00, 0x00, 0x4F, 0xFF, 0xFF, 0xFF, 0x90, 0x00, 0x00,
    0xDF, 0xFF, 0xFF, 0xFF, 0x80, 0x00, 0x03, 0xFF, 0xFF, 0xFF, 0xFD, 0x50, 0x00, 0x06, 0xFF, 0xFF, 0xFB, 0x10, 0x00, 0x00,
    0x08, 0xFF, 0xFF, 0xF2, 0x00, 0x00, 0x00, 0x09, 0xFF, 0xFF, 0xF0, 0x00, 0x00, 0x00, 0x09, 0xFF, 0xFF, 0xE0, 0x00, 0x00,
    0x0D, 0xFF, 0xFF, 0xFF, 0xFF, 0xFF, 0x90, 0x0E, 0xFF, 0xFF, 0xFF, 0xFF, 0xFF, 0xB0, 0x0E, 0xFF, 0xFF, 0xFF, 0xFF, 0xFF,
    0xB0, 0x0D, 0xFF, 0xFF, 0xFF, 0xFF, 0xFF, 0x90, 0x00, 0x09, 0xFF, 0xFF, 0xE0, 0x00, 0x00, 0x00, 0x09, 0xFF, 0xFF, 0xE0,
    0x00, 0x00, 0x00, 0x09, 0xFF, 0xFF, 0xE0, 0x00, 0x00, 0x00, 0x09, 0xFF, 0xFF, 0xE0, 0x00, 0x00, 0x00, 0x09, 0xFF, 0xFF,
    0xE0, 0x00, 0x00, 0x00, 0x09, 0xFF, 0xFF, 0xE0, 0x00, 0x00, 0x00, 0x09, 0xFF, 0xFF, 0xE0, 0x00, 0x00, 0x00, 0x09, 0xFF,
    0xFF, 0xE0, 0x00, 0x00, 0x00, 0x09, 0xFF, 0xFF, 0xE0, 0x00, 0x00, 0x00, 0x09, 0xFF, 0xFF, 0xE0, 0x00, 0x00, 0x00, 0x09,
    0xFF, 0xFF, 0xE0, 0x00, 0x00, 0x00, 0x09, 0xFF, 0xFF, 0xE0, 0x00, 0x00, 0x00, 0x09, 0xFF, 0xFF, 0xE0, 0x00, 0x00, 0x00,
    0x09, 0xFF, 0xFF, 0xE0, 0x00, 0x00, 0x00, 0x09, 0xFF, 0xFF, 0xE0, 0x00, 0x00, 0x00, 0x09, 0xFF, 0xFF, 0xE0, 0x00, 0x00,
    0x00, 0x09, 0xFF, 0xFF, 0xE0, 0x00, 0x00, 0x00, 0x09, 0xFF, 0xFF, 0xE0, 0x00, 0x00, 0x00, 0x09, 0xFF, 0xFF, 0xE0, 0x00,
    0x00, 0x00, 0x09, 0xFF, 0xFF, 0xE0, 0x00, 0x00, 0x00, 0x07, 0xFF, 0xFF, 0xC0, 0x00, 0x00, 0x00, 0x00, 0x06, 0xBE, 0xFE,
    0xA4, 0x0A, 0xFF, 0xFF, 0xA0, 0x00, 0x00, 0x1C, 0xFF, 0xFF, 0xFF, 0xF8, 0xCF, 0xFF, 0xFC, 0x00, 0x00, 0x0B, 0xFF, 0xFF,
    0xFF, 0xFF, 0xFF, 0xFF, 0xFF, 0xC0, 0x00, 0x05, 0xFF, 0xFF, 0xFF, 0xFF, 0xFF, 0xFF, 0xFF, 0xFC, 0x00, 0x00, 0xBF, 0xFF,
    0xFF, 0xFE, 0xDF, 0xFF, 0xFF, 0xFF, 0xC0, 0x00, 0x0E, 0xFF, 0xFF, 0xF9, 0x00, 0x2C, 0xFF, 0xFF, 0xFC, 0x00, 0x01, 0xFF,
    0xFF, 0xFC, 0x00, 0x00, 0x3F, 0xFF, 0xFF, 0xC0, 0x00, 0x2F, 0xFF, 0xFF, 0x70, 0x00, 0x00, 0xEF, 0xFF, 0xFC, 0x00, 0x03,
    0xFF, 0xFF, 0xF6, 0x00, 0x00, 0x0C, 0xFF, 0xFF, 0xC0, 0x00, 0x3F, 0xFF, 0xFF, 0x60, 0x00, 0x00, 0xCF, 0xFF, 0xFC, 0x00,
    0x03, 0xFF, 0xFF, 0xF6, 0x00, 0x00, 0x0C, 0xFF, 0xFF, 0xC0, 0x00, 0x3F, 0xFF, 0xFF, 0x60, 0x00, 0x00, 0xCF, 0xFF, 0xFC,
    0x00, 0x03, 0xFF, 0xFF, 0xF6, 0x00, 0x00, 0x0C, 0xFF, 0xFF, 0xC0, 0x00, 0x3F, 0xFF, 0xFF, 0x60, 0x00, 0x00, 0xCF, 0xFF,
    0xFC, 0x00, 0x03, 0xFF, 0xFF, 0xF6, 0x00, 0x00, 0x0C, 0xFF, 0xFF, 0xC0, 0x00, 0x3F, 0xFF, 0xFF, 0x60, 0x00, 0x00, 0xCF,
    0xFF, 0xFC, 0x00, 0x03, 0xFF, 0xFF, 0xF6, 0x00, 0x00, 0x0C, 0xFF, 0xFF, 0xC0, 0x00, 0x2F, 0xFF, 0xFF, 0x70, 0x00, 0x00,
    0xEF, 0xFF, 0xFC, 0x00, 0x01, 0xFF, 0xFF, 0xFC, 0x00, 0x00, 0x3F, 0xFF, 0xFF, 0xC0, 0x00, 0x0E, 0xFF, 0xFF, 0xF8, 0x00,
    0x2C, 0xFF, 0xFF, 0xFC, 0x00, 0x00, 0xBF, 0xFF, 0xFF, 0xFE, 0xDF, 0xFF, 0xFF, 0xFF, 0xC0, 0x00, 0x05, 0xFF, 0xFF, 0xFF,
    0xFF, 0xFF, 0xFF, 0xFF, 0xFC, 0x00, 0x00, 0x0B, 0xFF, 0xFF, 0xFF, 0xFF, 0xFF, 0xFF, 0xFF, 0xC0, 0x00, 0x00, 0x1C, 0xFF,
    0xFF, 0xFF, 0xF6, 0xCF, 0xFF, 0xFB, 0x00, 0x00, 0x00, 0x06, 0xBE, 0xFD, 0xA3, 0x0D, 0xFF, 0xFF, 0xB0, 0x00, 0x00, 0x00,
    0x00, 0x00, 0x00, 0x00, 0xEF, 0xFF, 0xFA, 0x00, 0x00, 0x00, 0x00, 0x00, 0x00, 0x00, 0x2F, 0xFF, 0xFF, 0x90, 0x00, 0x00,
    0x00, 0x00, 0x00, 0x00, 0x08, 0xFF, 0xFF, 0xF6, 0x00, 0x00, 0x00, 0x00, 0x00, 0x00, 0x05, 0xFF, 0xFF, 0xFF, 0x20, 0x00,
    0x00, 0x00, 0x00, 0x12, 0x5A, 0xFF, 0xFF, 0xFF, 0xC0, 0x00, 0x00, 0x00, 0x01, 0xFF, 0xFF, 0xFF, 0xFF, 0xFF, 0xF5, 0x00,
    0x00, 0x00, 0x00, 0x2F, 0xFF, 0xFF, 0xFF, 0xFF, 0xFB, 0x00, 0x00, 0x00, 0x00, 0x02, 0xFF, 0xFF, 0xFF, 0xFF, 0xFB, 0x10,
    0x00, 0x00, 0x00, 0x00, 0x2F, 0xFF, 0xFF, 0xFF, 0xE7, 0x00, 0x00, 0x00, 0x00, 0x00, 0x01, 0xBC, 0xCB, 0xA7, 0x40, 0x00,
    0x00, 0x00, 0x00, 0x00, 0xAF, 0xFF, 0xFA, 0x00, 0x00, 0x00, 0x00, 0x00, 0x00, 0x00, 0x0C, 0xFF, 0xFF, 0xC0, 0x00, 0x00,
    0x00, 0x00, 0x00, 0x00, 0x00, 0xCF, 0xFF, 0xFC, 0x00, 0x00, 0x00, 0x00, 0x00, 0x00, 0x00, 0x0C, 0xFF, 0xFF, 0xC0, 0x00,
    0x00, 0x00, 0x00, 0x00, 0x00, 0x00, 0xCF, 0xFF, 0xFC, 0x00, 0x00, 0x00, 0x00, 0x00, 0x00, 0x00, 0x0C, 0xFF, 0xFF, 0xC0,
    0x00, 0x00, 0x00, 0x00, 0x00, 0x00, 0x00, 0xCF, 0xFF, 0xFC, 0x00, 0x00, 0x00, 0x00, 0x00, 0x00, 0x00, 0x0C, 0xFF, 0xFF,
    0xC0, 0x00, 0x00, 0x00, 0x00, 0x00, 0x00, 0x00, 0xCF, 0xFF, 0xFC, 0x00, 0x00, 0x00, 0x00, 0x00, 0x00, 0x00, 0x0C, 0xFF,
    0xFF, 0xC0, 0x39, 0xDF, 0xEC, 0x60, 0x00, 0x00, 0x00, 0xCF, 0xFF, 0xFC, 0x6F, 0xFF, 0xFF, 0xFF, 0xC1, 0x00, 0x00, 0x0C,
    0xFF, 0xFF, 0xFF, 0xFF, 0xFF, 0xFF, 0xFF, 0xA0, 0x00, 0x00, 0xCF, 0xFF, 0xFF, 0xFF, 0xFF, 0xFF, 0xFF, 0xFF, 0x40, 0x00,
    0x0C, 0xFF, 0xFF, 0xFF, 0xFD, 0xEF, 0xFF, 0xFF, 0xF9, 0x00, 0x00, 0xCF, 0xFF, 0xFF, 0xC2, 0x00, 0x9F, 0xFF, 0xFF, 0xC0,
    0x00, 0x0C, 0xFF, 0xFF, 0xF3, 0x00, 0x00, 0xDF, 0xFF, 0xFF, 0x00, 0x00, 0xCF, 0xFF, 0xFE, 0x00, 0x00, 0x09, 0xFF, 0xFF,
    0xF0, 0x00, 0x0C, 0xFF, 0xFF, 0xC0, 0x00, 0x00, 0x8F, 0xFF, 0xFF, 0x10, 0x00, 0xCF, 0xFF, 0xFC, 0x00, 0x00, 0x08, 0xFF,
    0xFF, 0xF1, 0x00, 0x0C, 0xFF, 0xFF, 0xC0, 0x00, 0x00, 0x8F, 0xFF, 0xFF, 0x10, 0x00, 0xCF, 0xFF, 0xFC, 0x00, 0x00, 0x08,
    0xFF, 0xFF, 0xF1, 0x00, 0x0C, 0xFF, 0xFF, 0xC0, 0x00, 0x00, 0x8F, 0xFF, 0xFF, 0x10, 0x00, 0xCF, 0xFF, 0xFC, 0x00, 0x00,
    0x08, 0xFF, 0xFF, 0xF1, 0x00, 0x0C, 0xFF, 0xFF, 0xC0, 0x00, 0x00, 0x8F, 0xFF, 0xFF, 0x10, 0x00, 0xCF, 0xFF, 0xFC, 0x00,
    0x00, 0x08, 0xFF, 0xFF, 0xF1, 0x00, 0x0C, 0xFF, 0xFF, 0xC0, 0x00, 0x00, 0x8F, 0xFF, 0xFF, 0x10, 0x00, 0xCF, 0xFF, 0xFC,
    0x00, 0x00, 0x08, 0xFF, 0xFF, 0xF1, 0x00, 0x0C, 0xFF, 0xFF, 0xC0, 0x00, 0x00, 0x8F, 0xFF, 0xFF, 0x10, 0x00, 0xCF, 0xFF,
    0xFC, 0x00, 0x00, 0x08, 0xFF, 0xFF, 0xF1, 0x00, 0x0C, 0xFF, 0xFF, 0xC0, 0x00, 0x00, 0x8F, 0xFF, 0xFF, 0x10, 0x00, 0xCF,
    0xFF, 0xFC, 0x00, 0x00, 0x08, 0xFF, 0xFF, 0xF1, 0x00, 0x0C, 0xFF, 0xFF, 0xC0, 0x00, 0x00, 0x8F, 0xFF, 0xFF, 0x10, 0x00,
    0xCF, 0xFF, 0xFC, 0x00, 0x00, 0x08, 0xFF, 0xFF, 0xF1, 0x00, 0x0A, 0xFF, 0xFF, 0xA0, 0x00, 0x00, 0x6F, 0xFF, 0xFE, 0x00,
    0x00, 0x18, 0xDE, 0xA2, 0x00, 0x00, 0xAF, 0xFF, 0xFD, 0x00, 0x01, 0xFF, 0xFF, 0xFF, 0x50, 0x03, 0xFF, 0xFF, 0xFF, 0x70,
    0x01, 0xFF, 0xFF, 0xFF, 0x50, 0x00, 0xAF, 0xFF, 0xFD, 0x00, 0x00, 0x18, 0xDE, 0xA2, 0x00, 0x00, 0x00, 0x00, 0x00, 0x00,
    0x00, 0x00, 0x00, 0x00, 0x00, 0x00, 0x00, 0x00, 0x00, 0x00, 0x00, 0x7F, 0xFF, 0xFD, 0x00, 0x00, 0x9F, 0xFF, 0xFF, 0x00,
    0x00, 0x9F, 0xFF, 0xFF, 0x00, 0x00, 0x9F, 0xFF, 0xFF, 0x00, 0x00, 0x9F, 0xFF, 0xFF, 0x00, 0x00, 0x9F, 0xFF, 0xFF, 0x00,
    0x00, 0x9F, 0xFF, 0xFF, 0x00, 0x00, 0x9F, 0xFF, 0xFF, 0x00, 0x00, 0x9F, 0xFF, 0xFF, 0x00, 0x00, 0x9F, 0xFF, 0xFF, 0x00,
    0x00, 0x9F, 0xFF, 0xFF, 0x00, 0x00, 0x9F, 0xFF, 0xFF, 0x00, 0x00, 0x9F, 0xFF, 0xFF, 0x00, 0x00, 0x9F, 0xFF, 0xFF, 0x00,
    0x00, 0x9F, 0xFF, 0xFF, 0x00, 0x00, 0x9F, 0xFF, 0xFF, 0x00, 0x00, 0x9F, 0xFF, 0xFF, 0x00, 0x00, 0x9F, 0xFF, 0xFF, 0x00,
    0x00, 0x9F, 0xFF, 0xFF, 0x00, 0x00, 0x9F, 0xFF, 0xFF, 0x00, 0x00, 0x9F, 0xFF, 0xFF, 0x00, 0x00, 0x9F, 0xFF, 0xFF, 0x00,
    0x00, 0x9F, 0xFF, 0xFF, 0x00, 0x00, 0x9F, 0xFF, 0xFF, 0x00, 0x00, 0x7F, 0xFF, 0xFD, 0x00, 0x00, 0x00, 0x01, 0x9E, 0xE9,
    0x10, 0x00, 0x00, 0x00, 0xCF, 0xFF, 0xFB, 0x00, 0x00, 0x00, 0x4F, 0xFF, 0xFF, 0xF3, 0x00, 0x00, 0x06, 0xFF, 0xFF, 0xFF,
    0x50, 0x00, 0x00, 0x4F, 0xFF, 0xFF, 0xF3, 0x00, 0x00, 0x00, 0xCF, 0xFF, 0xFB, 0x00, 0x00, 0x00, 0x01, 0xAE, 0xE9, 0x10,
    0x00, 0x00, 0x00, 0x00, 0x00, 0x00, 0x00, 0x00, 0x00, 0x00, 0x00, 0x00, 0x00, 0x00, 0x00, 0x00, 0x00, 0x00, 0x00, 0x00,
    0x00, 0x00, 0x0A, 0xFF, 0xFF, 0xA0, 0x00, 0x00, 0x00, 0xCF, 0xFF, 0xFC, 0x00, 0x00, 0x00, 0x0C, 0xFF, 0xFF, 0xC0, 0x00,
    0x00, 0x00, 0xCF, 0xFF, 0xFC, 0x00, 0x00, 0x00, 0x0C, 0xFF, 0xFF, 0xC0, 0x00, 0x00, 0x00, 0xCF, 0xFF, 0xFC, 0x00, 0x00,
    0x00, 0x0C, 0xFF, 0xFF, 0xC0, 0x00, 0x00, 0x00, 0xCF, 0xFF, 0xFC, 0x00, 0x00, 0x00, 0x0C, 0xFF, 0xFF, 0xC0, 0x00, 0x00,
    0x00, 0xCF, 0xFF, 0xFC, 0x00, 0x00, 0x00, 0x0C, 0xFF, 0xFF, 0xC0, 0x00, 0x00, 0x00, 0xCF, 0xFF, 0xFC, 0x00, 0x00, 0x00,
    0x0C, 0xFF, 0xFF, 0xC0, 0x00, 0x00, 0x00, 0xCF, 0xFF, 0xFC, 0x00, 0x00, 0x00, 0x0C, 0xFF, 0xFF, 0xC0, 0x00, 0x00, 0x00,
    0xCF, 0xFF, 0xFC, 0x00, 0x00, 0x00, 0x0C, 0xFF, 0xFF, 0xC0, 0x00, 0x00, 0x00, 0xCF, 0xFF, 0xFC, 0x00, 0x00, 0x00, 0x0C,
    0xFF, 0xFF, 0xC0, 0x00, 0x00, 0x00, 0xCF, 0xFF, 0xFC, 0x00, 0x00, 0x00, 0x0C, 0xFF, 0xFF, 0xC0, 0x00, 0x00, 0x00, 0xCF,
    0xFF, 0xFC, 0x00, 0x00, 0x00, 0x0C, 0xFF, 0xFF, 0xC0, 0x00, 0x00, 0x00, 0xCF, 0xFF, 0xFC, 0x00, 0x00, 0x00, 0x0C, 0xFF,
    0xFF, 0xC0, 0x00, 0x00, 0x00, 0xCF, 0xFF, 0xFC, 0x00, 0x00, 0x00, 0x0D, 0xFF, 0xFF, 0xB0, 0x00, 0x00, 0x01, 0xFF, 0xFF,
    0xFB, 0x00, 0x00, 0x00, 0x7F, 0xFF, 0xFF, 0x90, 0x00, 0x02, 0x7F, 0xFF, 0xFF, 0xF7, 0x00, 0x3F, 0xFF, 0xFF, 0xFF, 0xFF,
    0x30, 0x04, 0xFF, 0xFF, 0xFF, 0xFF, 0xC0, 0x00, 0x4F, 0xFF, 0xFF, 0xFF, 0xE3, 0x00, 0x04, 0xFF, 0xFF, 0xFF, 0xB2, 0x00,
    0x00, 0x2C, 0xCB, 0x96, 0x20, 0x00, 0x00, 0x00, 0x00, 0xAF, 0xFF, 0xFA, 0x00, 0x00, 0x00, 0x00, 0x00, 0x00, 0x00, 0x0C,
    0xFF, 0xFF, 0xC0, 0x00, 0x00, 0x00, 0x00, 0x00, 0x00, 0x00, 0xCF, 0xFF, 0xFC, 0x00, 0x00, 0x00, 0x00, 0x00, 0x00, 0x00,
    0x0C, 0xFF, 0xFF, 0xC0, 0x00, 0x00, 0x00, 0x00, 0x00, 0x00, 0x00, 0xCF, 0xFF, 0xFC, 0x00, 0x00, 0x00, 0x00, 0x00, 0x00,
    0x00, 0x0C, 0xFF, 0xFF, 0xC0, 0x00, 0x00, 0x00, 0x00, 0x00, 0x00, 0x00, 0xCF, 0xFF, 0xFC, 0x00, 0x00, 0x00, 0x00, 0x00,
    0x00, 0x00, 0x0C, 0xFF, 0xFF, 0xC0, 0x00, 0x00, 0x00, 0x00, 0x00, 0x00, 0x00, 0xCF, 0xFF, 0xFC, 0x00, 0x00, 0x00, 0x00,
    0x00, 0x00, 0x00, 0x0C, 0xFF, 0xFF, 0xC0, 0x00, 0x00, 0xBF, 0xFF, 0xFD, 0x00, 0x00, 0xCF, 0xFF, 0xFC, 0x00, 0x00, 0x6F,
    0xFF, 0xFF, 0x60, 0x00, 0x0C, 0xFF, 0xFF, 0xC0, 0x00, 0x1E, 0xFF, 0xFF, 0xB0, 0x00, 0x00, 0xCF, 0xFF, 0xFC, 0x00, 0x0A,
    0xFF, 0xFF, 0xF2, 0x00, 0x00, 0x0C, 0xFF, 0xFF, 0xC0, 0x04, 0xFF, 0xFF, 0xF7, 0x00, 0x00, 0x00, 0xCF, 0xFF, 0xFC, 0x00,
    0xDF, 0xFF, 0xFC, 0x00, 0x00, 0x00, 0x0C, 0xFF, 0xFF, 0xC0, 0x8F, 0xFF, 0xFF, 0x30, 0x00, 0x00, 0x00, 0xCF, 0xFF, 0xFC,
    0x2F, 0xFF, 0xFF, 0x80, 0x00, 0x00, 0x00, 0x0C, 0xFF, 0xFF, 0xCB, 0xFF, 0xFF, 0xE0, 0x00, 0x00, 0x00, 0x00, 0xCF, 0xFF,
    0xFF, 0xFF, 0xFF, 0xFF, 0x20, 0x00, 0x00, 0x00, 0x0C, 0xFF, 0xFF, 0xFF, 0xFF, 0xFF, 0xF8, 0x00, 0x00, 0x00, 0x00, 0xCF,
    0xFF, 0xFF, 0xFF, 0xFF, 0xFF, 0xD0, 0x00, 0x00, 0x00, 0x0C, 0xFF, 0xFF, 0xFF, 0xFF, 0xFF, 0xFF, 0x40, 0x00, 0x00, 0x00,
    0xCF, 0xFF, 0xFF, 0xFE, 0xBF, 0xFF, 0xF9, 0x00, 0x00, 0x00, 0x0C, 0xFF, 0xFF, 0xFF, 0x74, 0xFF, 0xFF, 0xE1, 0x00, 0x00,
    0x00, 0xCF, 0xFF, 0xFF, 0xC0, 0x0E, 0xFF, 0xFF, 0x50, 0x00, 0x00, 0x0C, 0xFF, 0xFF, 0xF2, 0x00, 0x9F, 0xFF, 0xFB, 0x00,
    0x00, 0x00, 0xCF, 0xFF, 0xFC, 0x00, 0x04, 0xFF, 0xFF, 0xF2, 0x00, 0x00, 0x0C, 0xFF, 0xFF, 0xC0, 0x00, 0x0E, 0xFF, 0xFF,
    0x70, 0x00, 0x00, 0xCF, 0xFF, 0xFC, 0x00, 0x00, 0xAF, 0xFF, 0xFD, 0x00, 0x00, 0x0C, 0xFF, 0xFF, 0xC0, 0x00, 0x05, 0xFF,
    0xFF, 0xF3, 0x00, 0x00, 0xCF, 0xFF, 0xFC, 0x00, 0x00, 0x1E, 0xFF, 0xFF, 0x90, 0x00, 0x0C, 0xFF, 0xFF, 0xC0, 0x00, 0x00,
    0xAF, 0xFF, 0xFE, 0x00, 0x00, 0xCF, 0xFF, 0xFC, 0x00, 0x00, 0x05, 0xFF, 0xFF, 0xF5, 0x00, 0x0A, 0xFF, 0xFF, 0xA0, 0x00,
    0x00, 0x1E, 0xFF, 0xFF, 0x90, 0x00, 0xDF, 0xFF, 0xF7, 0x00, 0x00, 0xFF, 0xFF, 0xF9, 0x00, 0x00, 0xFF, 0xFF, 0xF9, 0x00,
    0x00, 0xFF, 0xFF, 0xF9, 0x00, 0x00, 0xFF, 0xFF, 0xF9, 0x00, 0x00, 0xFF, 0xFF, 0xF9, 0x00, 0x00, 0xFF, 0xFF, 0xF9, 0x00,
    0x00, 0xFF, 0xFF, 0xF9, 0x00, 0x00, 0xFF, 0xFF, 0xF9, 0x00, 0x00, 0xFF, 0xFF, 0xF9, 0x00, 0x00, 0xFF, 0xFF, 0xF9, 0x00,
    0x00, 0xFF, 0xFF, 0xF9, 0x00, 0x00, 0xFF, 0xFF, 0xF9, 0x00, 0x00, 0xFF, 0xFF, 0xF9, 0x00, 0x00, 0xFF, 0xFF, 0xF9, 0x00,
    0x00, 0xFF, 0xFF, 0xF9, 0x00, 0x00, 0xFF, 0xFF, 0xF9, 0x00, 0x00, 0xFF, 0xFF, 0xF9, 0x00, 0x00, 0xFF, 0xFF, 0xF9, 0x00,
    0x00, 0xFF, 0xFF, 0xF9, 0x00, 0x00, 0xFF, 0xFF, 0xF9, 0x00, 0x00, 0xFF, 0xFF, 0xF9, 0x00, 0x00, 0xFF, 0xFF, 0xF9, 0x00,
    0x00, 0xFF, 0xFF, 0xF9, 0x00, 0x00, 0xFF, 0xFF, 0xF9, 0x00, 0x00, 0xFF, 0xFF, 0xF9, 0x00, 0x00, 0xFF, 0xFF, 0xF9, 0x00,
    0x00, 0xFF, 0xFF, 0xF9, 0x00, 0x00, 0xFF, 0xFF, 0xF9, 0x00, 0x00, 0xFF, 0xFF, 0xF9, 0x00, 0x00, 0xFF, 0xFF, 0xF9, 0x00,
    0x00, 0xFF, 0xFF, 0xF9, 0x00, 0x00, 0xFF, 0xFF, 0xF9, 0x00, 0x00, 0xDF, 0xFF, 0xF7, 0x00, 0x00, 0xAF, 0xFF, 0xF9, 0x05,
    0xBE, 0xFD, 0xA4, 0x00, 0x00, 0x4A, 0xDF, 0xEB, 0x50, 0x00, 0x00, 0x00, 0xCF, 0xFF, 0xFD, 0xBF, 0xFF, 0xFF, 0xFF, 0x90,
    0x0A, 0xFF, 0xFF, 0xFF, 0xF9, 0x00, 0x00, 0x00, 0xCF, 0xFF, 0xFF, 0xFF, 0xFF, 0xFF, 0xFF, 0xF7, 0x9F, 0xFF, 0xFF, 0xFF,
    0xFF, 0x70, 0x00, 0x00, 0xCF, 0xFF, 0xFF, 0xFF, 0xFF, 0xFF, 0xFF, 0xFF, 0xFF, 0xFF, 0xFF, 0xFF, 0xFF, 0xE1, 0x00, 0x00,
    0xCF, 0xFF, 0xFF, 0xFF, 0xDE, 0xFF, 0xFF, 0xFF, 0xFF, 0xFD, 0xEF, 0xFF, 0xFF, 0xF6, 0x00, 0x00, 0xCF, 0xFF, 0xFF, 0xC1,
    0x01, 0xBF, 0xFF, 0xFF, 0xFC, 0x20, 0x0A, 0xFF, 0xFF, 0xF9, 0x00, 0x00, 0xCF, 0xFF, 0xFF, 0x30, 0x00, 0x2F, 0xFF, 0xFF,
    0xF4, 0x00, 0x01, 0xEF, 0xFF, 0xFC, 0x00, 0x00, 0xCF, 0xFF, 0xFD, 0x00, 0x00, 0x0D, 0xFF, 0xFF, 0xE0, 0x00, 0x00, 0xBF,
    0xFF, 0xFD, 0x00, 0x00, 0xCF, 0xFF, 0xFB, 0x00, 0x00, 0x0B, 0xFF, 0xFF, 0xD0, 0x00, 0x00, 0xAF, 0xFF, 0xFE, 0x00, 0x00,
    0xCF, 0xFF, 0xFB, 0x00, 0x00, 0x0B, 0xFF, 0xFF, 0xC0, 0x00, 0x00, 0x9F, 0xFF, 0xFE, 0x00, 0x00, 0xCF, 0xFF, 0xFB, 0x00,
    0x00, 0x0B, 0xFF, 0xFF, 0xC0, 0x00, 0x00, 0x9F, 0xFF, 0xFE, 0x00, 0x00, 0xCF, 0xFF, 0xFB, 0x00, 0x00, 0x0B, 0xFF, 0xFF,
    0xC0, 0x00, 0x00, 0x9F, 0xFF, 0xFE, 0x00, 0x00, 0xCF, 0xFF, 0xFB, 0x00, 0x00, 0x0B, 0xFF, 0xFF, 0xC0, 0x00, 0x00, 0x9F,
    0xFF, 0xFE, 0x00, 0x00, 0xCF, 0xFF, 0xFB, 0x00, 0x00, 0x0B, 0xFF, 0xFF, 0xC0, 0x00, 0x00, 0x9F, 0xFF, 0xFE, 0x00, 0x00,
    0xCF, 0xFF, 0xFB, 0x00, 0x00, 0x0B, 0xFF, 0xFF, 0xC0, 0x00, 0x00, 0x9F, 0xFF, 0xFE, 0x00, 0x00, 0xCF, 0xFF, 0xFB, 0x00,
    0x00, 0x0B, 0xFF, 0xFF, 0xC0, 0x00, 0x00, 0x9F, 0xFF, 0xFE, 0x00, 0x00, 0xCF, 0xFF, 0xFB, 0x00, 0x00, 0x0B, 0xFF, 0xFF,
    0xC0, 0x00, 0x00, 0x9F, 0xFF, 0xFE, 0x00, 0x00, 0xCF, 0xFF, 0xFB, 0x00, 0x00, 0x0B, 0xFF, 0xFF, 0xC0, 0x00, 0x00, 0x9F,
    0xFF, 0xFE, 0x00, 0x00, 0xCF, 0xFF, 0xFB, 0x00, 0x00, 0x0B, 0xFF, 0xFF, 0xC0, 0x00, 0x00, 0x9F, 0xFF, 0xFE, 0x00, 0x00,
    0xCF, 0xFF, 0xFB, 0x00, 0x00, 0x0B, 0xFF, 0xFF, 0xC0, 0x00, 0x00, 0x9F, 0xFF, 0xFE, 0x00, 0x00, 0xCF, 0xFF, 0xFB, 0x00,
    0x00, 0x0B, 0xFF, 0xFF, 0xC0, 0x00, 0x00, 0x9F, 0xFF, 0xFE, 0x00, 0x00, 0xCF, 0xFF, 0xFB, 0x00, 0x00, 0x0B, 0xFF, 0xFF,
    0xC0, 0x00, 0x00, 0x9F, 0xFF, 0xFE, 0x00, 0x00, 0xCF, 0xFF, 0xFB, 0x00, 0x00, 0x0B, 0xFF, 0xFF, 0xC0, 0x00, 0x00, 0x9F,
    0xFF, 0xFE, 0x00, 0x00, 0xCF, 0xFF, 0xFB, 0x00, 0x00, 0x0B, 0xFF, 0xFF, 0xC0, 0x00, 0x00, 0x9F, 0xFF, 0xFE, 0x00, 0x00,
    0xAF, 0xFF, 0xFA, 0x00, 0x00, 0x09, 0xFF, 0xFF, 0xB0, 0x00, 0x00, 0x8F, 0xFF, 0xFC, 0x00, 0x00, 0xAF, 0xFF, 0xFA, 0x04,
    0xAD, 0xFE, 0xC6, 0x00, 0x00, 0x00, 0x0C, 0xFF, 0xFF, 0xC9, 0xFF, 0xFF, 0xFF, 0xFC, 0x10, 0x00, 0x00, 0xCF, 0xFF, 0xFF,
    0xFF, 0xFF, 0xFF, 0xFF, 0xFA, 0x00, 0x00, 0x0C, 0xFF, 0xFF, 0xFF, 0xFF, 0xFF, 0xFF, 0xFF, 0xF4, 0x00, 0x00, 0xCF, 0xFF,
    0xFF, 0xFF, 0xDE, 0xFF, 0xFF, 0xFF, 0x90, 0x00, 0x0C, 0xFF, 0xFF, 0xFC, 0x20, 0x09, 0xFF, 0xFF, 0xFC, 0x00, 0x00, 0xCF,
    0xFF, 0xFF, 0x30, 0x00, 0x0D, 0xFF, 0xFF, 0xF0, 0x00, 0x0C, 0xFF, 0xFF, 0xE0, 0x00, 0x00, 0x9F, 0xFF, 0xFF, 0x00, 0x00,
    0xCF, 0xFF, 0xFC, 0x00, 0x00, 0x08, 0xFF, 0xFF, 0xF1, 0x00, 0x0C, 0xFF, 0xFF, 0xC0, 0x00, 0x00, 0x8F, 0xFF, 0xFF, 0x10,
    0x00, 0xCF, 0xFF, 0xFC, 0x00, 0x00, 0x08, 0xFF, 0xFF, 0xF1, 0x00, 0x0C, 0xFF, 0xFF, 0xC0, 0x00, 0x00, 0x8F, 0xFF, 0xFF,
    0x10, 0x00, 0xCF, 0xFF, 0xFC, 0x00, 0x00, 0x08, 0xFF, 0xFF, 0xF1, 0x00, 0x0C, 0xFF, 0xFF, 0xC0, 0x00, 0x00, 0x8F, 0xFF,
    0xFF, 0x10, 0x00, 0xCF, 0xFF, 0xFC, 0x00, 0x00, 0x08, 0xFF, 0xFF, 0xF1, 0x00, 0x0C, 0xFF, 0xFF, 0xC0, 0x00, 0x00, 0x8F,
    0xFF, 0xFF, 0x10, 0x00, 0xCF, 0xFF, 0xFC, 0x00, 0x00, 0x08, 0xFF, 0xFF, 0xF1, 0x00, 0x0C, 0xFF, 0xFF, 0xC0, 0x00, 0x00,
    0x8F, 0xFF, 0xFF, 0x10, 0x00, 0xCF, 0xFF, 0xFC, 0x00, 0x00, 0x08, 0xFF, 0xFF, 0xF1, 0x00, 0x0C, 0xFF, 0xFF, 0xC0, 0x00,
    0x00, 0x8F, 0xFF, 0xFF, 0x10, 0x00, 0xCF, 0xFF, 0xFC, 0x00, 0x00, 0x08, 0xFF, 0xFF, 0xF1, 0x00, 0x0C, 0xFF, 0xFF, 0xC0,
    0x00, 0x00, 0x8F, 0xFF, 0xFF, 0x10, 0x00, 0xCF, 0xFF, 0xFC, 0x00, 0x00, 0x08, 0xFF, 0xFF, 0xF1, 0x00, 0x0C, 0xFF, 0xFF,
    0xC0, 0x00, 0x00, 0x8F, 0xFF, 0xFF, 0x10, 0x00, 0xAF, 0xFF, 0xFA, 0x00, 0x00, 0x06, 0xFF, 0xFF, 0xE0, 0x00, 0x00, 0x00,
    0x00, 0x59, 0xDE, 0xFE, 0xC9, 0x30, 0x00, 0x00, 0x00, 0x00, 0x03, 0xDF, 0xFF, 0xFF, 0xFF, 0xFF, 0xB1, 0x00, 0x00, 0x00,
    0x04, 0xFF, 0xFF, 0xFF, 0xFF, 0xFF, 0xFF, 0xD2, 0x00, 0x00, 0x01, 0xEF, 0xFF, 0xFF, 0xFF, 0xFF, 0xFF, 0xFF, 0xC0, 0x00,
    0x00, 0x8F, 0xFF, 0xFF, 0xFF, 0xDF, 0xFF, 0xFF, 0xFF, 0x50, 0x00, 0x0D, 0xFF, 0xFF, 0xF8, 0x00, 0x1B, 0xFF, 0xFF, 0xFA,
    0x00, 0x01, 0xFF, 0xFF, 0xFC, 0x00, 0x00, 0x1E, 0xFF, 0xFF, 0xD0, 0x00, 0x2F, 0xFF, 0xFF, 0x70, 0x00, 0x00, 0xBF, 0xFF,
    0xFE, 0x00, 0x03, 0xFF, 0xFF, 0xF6, 0x00, 0x00, 0x09, 0xFF, 0xFF, 0xE0, 0x00, 0x3F, 0xFF, 0xFF, 0x60, 0x00, 0x00, 0x9F,
    0xFF, 0xFE, 0x00, 0x03, 0xFF, 0xFF, 0xF6, 0x00, 0x00, 0x09, 0xFF, 0xFF, 0xE0, 0x00, 0x3F, 0xFF, 0xFF, 0x60, 0x00, 0x00,
    0x9F, 0xFF, 0xFE, 0x00, 0x03, 0xFF, 0xFF, 0xF6, 0x00, 0x00, 0x09, 0xFF, 0xFF, 0xE0, 0x00, 0x3F, 0xFF, 0xFF, 0x60, 0x00,
    0x00, 0x9F, 0xFF, 0xFE, 0x00, 0x03, 0xFF, 0xFF, 0xF6, 0x00, 0x00, 0x09, 0xFF, 0xFF, 0xE0, 0x00, 0x3F, 0xFF, 0xFF, 0x60,
    0x00, 0x00, 0x9F, 0xFF, 0xFE, 0x00, 0x03, 0xFF, 0xFF, 0xF6, 0x00, 0x00, 0x09, 0xFF, 0xFF, 0xE0, 0x00, 0x2F, 0xFF, 0xFF,
    0x70, 0x00, 0x00, 0xBF, 0xFF, 0xFE, 0x00, 0x01, 0xFF, 0xFF, 0xFC, 0x00, 0x00, 0x1E, 0xFF, 0xFF, 0xD0, 0x00, 0x0D, 0xFF,
    0xFF, 0xF8, 0x00, 0x1B, 0xFF, 0xFF, 0xFA, 0x00, 0x00, 0x8F, 0xFF, 0xFF, 0xFE, 0xDF, 0xFF, 0xFF, 0xFF, 0x50, 0x00, 0x01,
    0xEF, 0xFF, 0xFF, 0xFF, 0xFF, 0xFF, 0xFF, 0xC0, 0x00, 0x00, 0x04, 0xFF, 0xFF, 0xFF, 0xFF, 0xFF, 0xFF, 0xE2, 0x00, 0x00,
    0x00, 0x03, 0xDF, 0xFF, 0xFF, 0xFF, 0xFF, 0xB2, 0x00, 0x00, 0x00, 0x00, 0x00, 0x5A, 0xDE, 0xFE, 0xC9, 0x40, 0x00, 0x00,
    0x00, 0x00, 0x7F, 0xFF, 0xFD, 0x06, 0xBE, 0xFE, 0xB6, 0x00, 0x00, 0x00, 0x09, 0xFF, 0xFF, 0xFC, 0xFF, 0xFF, 0xFF, 0xFC,
    0x20, 0x00, 0x00, 0x9F, 0xFF, 0xFF, 0xFF, 0xFF, 0xFF, 0xFF, 0xFC, 0x00, 0x00, 0x09, 0xFF, 0xFF, 0xFF, 0xFF, 0xFF, 0xFF,
    0xFF, 0xF7, 0x00, 0x00, 0x9F, 0xFF, 0xFF, 0xFF, 0xDE, 0xFF, 0xFF, 0xFF, 0xD0, 0x00, 0x09, 0xFF, 0xFF, 0xFD, 0x30, 0x06,
    0xFF, 0xFF, 0xFF, 0x20, 0x00, 0x9F, 0xFF, 0xFF, 0x50, 0x00, 0x09, 0xFF, 0xFF, 0xF4, 0x00, 0x09, 0xFF, 0xFF, 0xF1, 0x00,
    0x00, 0x4F, 0xFF, 0xFF, 0x50, 0x00, 0x9F, 0xFF, 0xFF, 0x00, 0x00, 0x03, 0xFF, 0xFF, 0xF5, 0x00, 0x09, 0xFF, 0xFF, 0xF0,
    0x00, 0x00, 0x3F, 0xFF, 0xFF, 0x50, 0x00, 0x9F, 0xFF, 0xFF, 0x00, 0x00, 0x03, 0xFF, 0xFF, 0xF5, 0x00, 0x09, 0xFF, 0xFF,
    0xF0, 0x00, 0x00, 0x3F, 0xFF, 0xFF, 0x50, 0x00, 0x9F, 0xFF, 0xFF, 0x00, 0x00, 0x03, 0xFF, 0xFF, 0xF5, 0x00, 0x09, 0xFF,
    0xFF, 0xF0, 0x00, 0x00, 0x3F, 0xFF, 0xFF, 0x50, 0x00, 0x9F, 0xFF, 0xFF, 0x00, 0x00, 0x03, 0xFF, 0xFF, 0xF5, 0x00, 0x09,
    0xFF, 0xFF, 0xF0, 0x00, 0x00, 0x3F, 0xFF, 0xFF, 0x50, 0x00, 0x9F, 0xFF, 0xFF, 0x00, 0x00, 0x03, 0xFF, 0xFF, 0xF5, 0x00,
    0x09, 0xFF, 0xFF, 0xF1, 0x00, 0x00, 0x4F, 0xFF, 0xFF, 0x50, 0x00, 0x9F, 0xFF, 0xFF, 0x50, 0x00, 0x08, 0xFF, 0xFF, 0xF4,
    0x00, 0x09, 0xFF, 0xFF, 0xFD, 0x30, 0x05, 0xFF, 0xFF, 0xFF, 0x20, 0x00, 0x9F, 0xFF, 0xFF, 0xFF, 0xDE, 0xFF, 0xFF, 0xFF,
    0xD0, 0x00, 0x09, 0xFF, 0xFF, 0xFF, 0xFF, 0xFF, 0xFF, 0xFF, 0xF7, 0x00, 0x00, 0x9F, 0xFF, 0xFF, 0xFF, 0xFF, 0xFF, 0xFF,
    0xFD, 0x10, 0x00, 0x09, 0xFF, 0xFF, 0xF8, 0xFF, 0xFF, 0xFF, 0xFD, 0x20, 0x00, 0x00, 0x9F, 0xFF, 0xFF, 0x03, 0xAD, 0xFE,
    0xB6, 0x00, 0x00, 0x00, 0x09, 0xFF, 0xFF, 0xF0, 0x00, 0x00, 0x00, 0x00, 0x00, 0x00, 0x00, 0x9F, 0xFF, 0xFF, 0x00, 0x00,
    0x00, 0x00, 0x00, 0x00, 0x00, 0x09, 0xFF, 0xFF, 0xF0, 0x00, 0x00, 0x00, 0x00, 0x00, 0x00, 0x00, 0x9F, 0xFF, 0xFF, 0x00,
    0x00, 0x00, 0x00, 0x00, 0x00, 0x00, 0x09, 0xFF, 0xFF, 0xF0, 0x00, 0x00, 0x00, 0x00, 0x00, 0x00, 0x00, 0x9F, 0xFF, 0xFF,
    0x00, 0x00, 0x00, 0x00, 0x00, 0x00, 0x00, 0x09, 0xFF, 0xFF, 0xF0, 0x00, 0x00, 0x00, 0x00, 0x00, 0x00, 0x00, 0x9F, 0xFF,
    0xFF, 0x00, 0x00, 0x00, 0x00, 0x00, 0x00, 0x00, 0x08, 0xFF, 0xFF, 0xD0, 0x00, 0x00, 0x00, 0x00, 0x00, 0x00, 0x00, 0x00,
    0x05, 0xBE, 0xFE, 0xB6, 0x0A, 0xFF, 0xFF, 0xA0, 0x00, 0x00, 0x1B, 0xFF, 0xFF, 0xFF, 0xFC, 0xEF, 0xFF, 0xFC, 0x00, 0x00,
    0x0B, 0xFF, 0xFF, 0xFF, 0xFF, 0xFF, 0xFF, 0xFF, 0xC0, 0x00, 0x05, 0xFF, 0xFF, 0xFF, 0xFF, 0xFF, 0xFF, 0xFF, 0xFC, 0x00,
    0x00, 0xBF, 0xFF, 0xFF, 0xFE, 0xDF, 0xFF, 0xFF, 0xFF, 0xC0, 0x00, 0x0E, 0xFF, 0xFF, 0xF8, 0x00, 0x2C, 0xFF, 0xFF, 0xFC,
    0x00, 0x01, 0xFF, 0xFF, 0xFB, 0x00, 0x00, 0x3F, 0xFF, 0xFF, 0xC0, 0x00, 0x2F, 0xFF, 0xFF, 0x70, 0x00, 0x00, 0xDF, 0xFF,
    0xFC, 0x00, 0x03, 0xFF, 0xFF, 0xF5, 0x00, 0x00, 0x0C, 0xFF, 0xFF, 0xC0, 0x00, 0x3F, 0xFF, 0xFF, 0x50, 0x00, 0x00, 0xCF,
    0xFF, 0xFC, 0x00, 0x03, 0xFF, 0xFF, 0xF5, 0x00, 0x00, 0x0C, 0xFF, 0xFF, 0xC0, 0x00, 0x3F, 0xFF, 0xFF, 0x50, 0x00, 0x00,
    0xCF, 0xFF, 0xFC, 0x00, 0x03, 0xFF, 0xFF, 0xF5, 0x00, 0x00, 0x0C, 0xFF, 0xFF, 0xC0, 0x00, 0x3F, 0xFF, 0xFF, 0x50, 0x00,
    0x00, 0xCF, 0xFF, 0xFC, 0x00, 0x03, 0xFF, 0xFF, 0xF5, 0x00, 0x00, 0x0C, 0xFF, 0xFF, 0xC0, 0x00, 0x3F, 0xFF, 0xFF, 0x50,
    0x00, 0x00, 0xCF, 0xFF, 0xFC, 0x00, 0x03, 0xFF, 0xFF, 0xF5, 0x00, 0x00, 0x0C, 0xFF, 0xFF, 0xC0, 0x00, 0x2F, 0xFF, 0xFF,
    0x70, 0x00, 0x00, 0xCF, 0xFF, 0xFC, 0x00, 0x01, 0xFF, 0xFF, 0xFB, 0x00, 0x00, 0x2F, 0xFF, 0xFF, 0xC0, 0x00, 0x0E, 0xFF,
    0xFF, 0xF7, 0x00, 0x2C, 0xFF, 0xFF, 0xFC, 0x00, 0x00, 0xAF, 0xFF, 0xFF, 0xFE, 0xDF, 0xFF, 0xFF, 0xFF, 0xC0, 0x00, 0x04,
    0xFF, 0xFF, 0xFF, 0xFF, 0xFF, 0xFF, 0xFF, 0xFC, 0x00, 0x00, 0x0A, 0xFF, 0xFF, 0xFF, 0xFF, 0xFF, 0xFF, 0xFF, 0xC0, 0x00,
    0x00, 0x1B, 0xFF, 0xFF, 0xFF, 0xF9, 0xDF, 0xFF, 0xFC, 0x00, 0x00, 0x00, 0x05, 0xBE, 0xFE, 0xA4, 0x0C, 0xFF, 0xFF, 0xC0,
    0x00, 0x00, 0x00, 0x00, 0x00, 0x00, 0x00, 0xCF, 0xFF, 0xFC, 0x00, 0x00, 0x00, 0x00, 0x00, 0x00, 0x00, 0x0C, 0xFF, 0xFF,
    0xC0, 0x00, 0x00, 0x00, 0x00, 0x00, 0x00, 0x00, 0xCF, 0xFF, 0xFC, 0x00, 0x00, 0x00, 0x00, 0x00, 0x00, 0x00, 0x0C, 0xFF,
    0xFF, 0xC0, 0x00, 0x00, 0x00, 0x00, 0x00, 0x00, 0x00, 0xCF, 0xFF, 0xFC, 0x00, 0x00, 0x00, 0x00, 0x00, 0x00, 0x00, 0x0C,
    0xFF, 0xFF, 0xC0, 0x00, 0x00, 0x00, 0x00, 0x00, 0x00, 0x00, 0xCF, 0xFF, 0xFC, 0x00, 0x00, 0x00, 0x00, 0x00, 0x00, 0x00,
    0x0C, 0xFF, 0xFF, 0xC0, 0x00, 0x00, 0x00, 0x00, 0x00, 0x00, 0x00, 0xBF, 0xFF, 0xFA, 0x00, 0x00, 0xAF, 0xFF, 0xFA, 0x02,
    0x9D, 0xEC, 0x30, 0x0C, 0xFF, 0xFF, 0xC2, 0xDF, 0xFF, 0xF7, 0x00, 0xCF, 0xFF, 0xFC, 0xAF, 0xFF, 0xFF, 0x50, 0x0C, 0xFF,
    0xFF, 0xEF, 0xFF, 0xFF, 0xF3, 0x00, 0xCF, 0xFF, 0xFF, 0xFF, 0xFF, 0xFF, 0x00, 0x0C, 0xFF, 0xFF, 0xFF, 0xFF, 0xFF, 0xD0,
    0x00, 0xCF, 0xFF, 0xFF, 0xFB, 0x31, 0x22, 0x00, 0x0C, 0xFF, 0xFF, 0xFB, 0x00, 0x00, 0x00, 0x00, 0xCF, 0xFF, 0xFF, 0x40,
    0x00, 0x00, 0x00, 0x0C, 0xFF, 0xFF, 0xE0, 0x00, 0x00, 0x00, 0x00, 0xCF, 0xFF, 0xFC, 0x00, 0x00, 0x00, 0x00, 0x0C, 0xFF,
    0xFF, 0xC0, 0x00, 0x00, 0x00, 0x00, 0xCF, 0xFF, 0xFC, 0x00, 0x00, 0x00, 0x00, 0x0C, 0xFF, 0xFF, 0xC0, 0x00, 0x00, 0x00,
    0x00, 0xCF, 0xFF, 0xFC, 0x00, 0x00, 0x00, 0x00, 0x0C, 0xFF, 0xFF, 0xC0, 0x00, 0x00, 0x00, 0x00, 0xCF, 0xFF, 0xFC, 0x00,
    0x00, 0x00, 0x00, 0x0C, 0xFF, 0xFF, 0xC0, 0x00, 0x00, 0x00, 0x00, 0xCF, 0xFF, 0xFC, 0x00, 0x00, 0x00, 0x00, 0x0C, 0xFF,
    0xFF, 0xC0, 0x00, 0x00, 0x00, 0x00, 0xCF, 0xFF, 0xFC, 0x00, 0x00, 0x00, 0x00, 0x0C, 0xFF, 0xFF, 0xC0, 0x00, 0x00, 0x00,
    0x00, 0xCF, 0xFF, 0xFC, 0x00, 0x00, 0x00, 0x00, 0x0C, 0xFF, 0xFF, 0xC0, 0x00, 0x00, 0x00, 0x00, 0xAF, 0xFF, 0xFA, 0x00,
    0x00, 0x00, 0x00, 0x00, 0x00, 0x02, 0x8C, 0xEF, 0xEC, 0x93, 0x00, 0x00, 0x00, 0x00, 0x09, 0xFF, 0xFF, 0xFF, 0xFF, 0xFA,
    0x10, 0x00, 0x00, 0x0B, 0xFF, 0xFF, 0xFF, 0xFF, 0xFF, 0xFC, 0x10, 0x00, 0x06, 0xFF, 0xFF, 0xFF, 0xFF, 0xFF, 0xFF, 0xF9,
    0x00, 0x00, 0xDF, 0xFF, 0xFF, 0xFD, 0xEF, 0xFF, 0xFF, 0xF2, 0x00, 0x2F, 0xFF, 0xFF, 0xC2, 0x00, 0x7F, 0xFF, 0xFF, 0x70,
    0x04, 0xFF, 0xFF, 0xF3, 0x00, 0x00, 0xAF, 0xFF, 0xF9, 0x00, 0x4F, 0xFF, 0xFF, 0x10, 0x00, 0x07, 0xFF, 0xFF, 0xA0, 0x03,
    0xFF, 0xFF, 0xF5, 0x00, 0x00, 0x14, 0x44, 0x42, 0x00, 0x0F, 0xFF, 0xFF, 0xE6, 0x00, 0x00, 0x00, 0x00, 0x00, 0x00, 0xAF,
    0xFF, 0xFF, 0xFC, 0x61, 0x00, 0x00, 0x00, 0x00, 0x02, 0xEF, 0xFF, 0xFF, 0xFF, 0xE8, 0x20, 0x00, 0x00, 0x00, 0x02, 0xCF,
    0xFF, 0xFF, 0xFF, 0xFF, 0x81, 0x00, 0x00, 0x00, 0x00, 0x8E, 0xFF, 0xFF, 0xFF, 0xFF, 0xD2, 0x00, 0x00, 0x00, 0x00, 0x18,
    0xEF, 0xFF, 0xFF, 0xFF, 0xC1, 0x00, 0x00, 0x00, 0x00, 0x01, 0x6D, 0xFF, 0xFF, 0xFF, 0x80, 0x00, 0x00, 0x00, 0x00, 0x00,
    0x08, 0xFF, 0xFF, 0xFD, 0x00, 0x27, 0x77, 0x73, 0x00, 0x00, 0x0B, 0xFF, 0xFF, 0xF1, 0x08, 0xFF, 0xFF, 0xB0, 0x00, 0x00,
    0x8F, 0xFF, 0xFF, 0x10, 0x7F, 0xFF, 0xFE, 0x20, 0x00, 0x0C, 0xFF, 0xFF, 0xE0, 0x03, 0xFF, 0xFF, 0xFD, 0x41, 0x29, 0xFF,
    0xFF, 0xFA, 0x00, 0x0C, 0xFF, 0xFF, 0xFF, 0xFF, 0xFF, 0xFF, 0xFF, 0x40, 0x00, 0x2E, 0xFF, 0xFF, 0xFF, 0xFF, 0xFF, 0xFF,
    0x80, 0x00, 0x00, 0x2B, 0xFF, 0xFF, 0xFF, 0xFF, 0xFE, 0x60, 0x00, 0x00, 0x00, 0x04, 0x9C, 0xEF, 0xED, 0xA6, 0x10, 0x00,
    0x00, 0x00, 0x04, 0x88, 0x88, 0x40, 0x00, 0x00, 0x00, 0x0A, 0xFF, 0xFF, 0xA0, 0x00, 0x00, 0x00, 0x0A, 0xFF, 0xFF, 0xA0,
    0x00, 0x00, 0x00, 0x0A, 0xFF, 0xFF, 0xA0, 0x00, 0x00, 0x00, 0x0A, 0xFF, 0xFF, 0xA0, 0x00, 0x00, 0x00, 0x0B, 0xFF, 0xFF,
    0xB0, 0x00, 0x00, 0x2E, 0xFF, 0xFF, 0xFF, 0xFF, 0xFF, 0x60, 0x3F, 0xFF, 0xFF, 0xFF, 0xFF, 0xFF, 0x70, 0x3F, 0xFF, 0xFF,
    0xFF, 0xFF, 0xFF, 0x70, 0x2F, 0xFF, 0xFF, 0xFF, 0xFF, 0xFF, 0x60, 0x00, 0x0B, 0xFF, 0xFF, 0xB0, 0x00, 0x00, 0x00, 0x0A,
    0xFF, 0xFF, 0xA0, 0x00, 0x00, 0x00, 0x0A, 0xFF, 0xFF, 0xA0, 0x00, 0x00, 0x00, 0x0A, 0xFF, 0xFF, 0xA0, 0x00, 0x00, 0x00,
    0x0A, 0xFF, 0xFF, 0xA0, 0x00, 0x00, 0x00, 0x0A, 0xFF, 0xFF, 0xA0, 0x00, 0x00, 0x00, 0x0A, 0xFF, 0xFF, 0xA0, 0x00, 0x00,
    0x00, 0x0A, 0xFF, 0xFF, 0xA0, 0x00, 0x00, 0x00, 0x0A, 0xFF, 0xFF, 0xA0, 0x00, 0x00, 0x00, 0x0A, 0xFF, 0xFF, 0xA0, 0x00,
    0x00, 0x00, 0x0A, 0xFF, 0xFF, 0xA0, 0x00, 0x00, 0x00, 0x0A, 0xFF, 0xFF, 0xA0, 0x00, 0x00, 0x00, 0x0A, 0xFF, 0xFF, 0xA0,
    0x00, 0x00, 0x00, 0x0A, 0xFF, 0xFF, 0xB0, 0x00, 0x00, 0x00, 0x0A, 0xFF, 0xFF, 0xD0, 0x00, 0x00, 0x00, 0x0A, 0xFF, 0xFF,
    0xF6, 0x00, 0x00, 0x00, 0x09, 0xFF, 0xFF, 0xFF, 0xEB, 0x00, 0x00, 0x06, 0xFF, 0xFF, 0xFF, 0xFF, 0x10, 0x00, 0x01, 0xEF,
    0xFF, 0xFF, 0xFF, 0x10, 0x00, 0x00, 0x5F, 0xFF, 0xFF, 0xFF, 0x10, 0x00, 0x00, 0x02, 0x8C, 0xEF, 0xFE, 0x10, 0x00, 0xDF,
    0xFF, 0xF7, 0x00, 0x00, 0x09, 0xFF, 0xFF, 0xB0, 0x00, 0x0F, 0xFF, 0xFF, 0x90, 0x00, 0x00, 0xBF, 0xFF, 0xFD, 0x00, 0x00,
    0xFF, 0xFF, 0xF9, 0x00, 0x00, 0x0B, 0xFF, 0xFF, 0xD0, 0x00, 0x0F, 0xFF, 0xFF, 0x90, 0x00, 0x00, 0xBF, 0xFF, 0xFD, 0x00,
    0x00, 0xFF, 0xFF, 0xF9, 0x00, 0x00, 0x0B, 0xFF, 0xFF, 0xD0, 0x00, 0x0F, 0xFF, 0xFF, 0x90, 0x00, 0x00, 0xBF, 0xFF, 0xFD,
    0x00, 0x00, 0xFF, 0xFF, 0xF9, 0x00, 0x00, 0x0B, 0xFF, 0xFF, 0xD0, 0x00, 0x0F, 0xFF, 0xFF, 0x90, 0x00, 0x00, 0xBF, 0xFF,
    0xFD, 0x00, 0x00, 0xFF, 0xFF, 0xF9, 0x00, 0x00, 0x0B, 0xFF, 0xFF, 0xD0, 0x00, 0x0F, 0xFF, 0xFF, 0x90, 0x00, 0x00, 0xBF,
    0xFF, 0xFD, 0x00, 0x00, 0xFF, 0xFF, 0xF9, 0x00, 0x00, 0x0B, 0xFF, 0xFF, 0xD0, 0x00, 0x0F, 0xFF, 0xFF, 0x90, 0x00, 0x00,
    0xBF, 0xFF, 0xFD, 0x00, 0x00, 0xFF, 0xFF, 0xF9, 0x00, 0x00, 0x0B, 0xFF, 0xFF, 0xD0, 0x00, 0x0F, 0xFF, 0xFF, 0x90, 0x00,
    0x00, 0xBF, 0xFF, 0xFD, 0x00, 0x00, 0xFF, 0xFF, 0xF9, 0x00, 0x00, 0x0B, 0xFF, 0xFF, 0xD0, 0x00, 0x0F, 0xFF, 0xFF, 0x90,
    0x00, 0x00, 0xBF, 0xFF, 0xFD, 0x00, 0x00, 0xFF, 0xFF, 0xF9, 0x00, 0x00, 0x0B, 0xFF, 0xFF, 0xD0, 0x00, 0x0F, 0xFF, 0xFF,
    0xA0, 0x00, 0x00, 0xDF, 0xFF, 0xFD, 0x00, 0x00, 0xEF, 0xFF, 0xFD, 0x00, 0x00, 0x2F, 0xFF, 0xFF, 0xD0, 0x00, 0x0D, 0xFF,
    0xFF, 0xF9, 0x00, 0x1B, 0xFF, 0xFF, 0xFD, 0x00, 0x00, 0xAF, 0xFF, 0xFF, 0xFE, 0xDF, 0xFF, 0xFF, 0xFF, 0xD0, 0x00, 0x05,
    0xFF, 0xFF, 0xFF, 0xFF, 0xFF, 0xFF, 0xFF, 0xFD, 0x00, 0x00, 0x0B, 0xFF, 0xFF, 0xFF, 0xFF, 0xFF, 0xFF, 0xFF, 0xD0, 0x00,
    0x00, 0x1C, 0xFF, 0xFF, 0xFF, 0xFA, 0xBF, 0xFF, 0xFD, 0x00, 0x00, 0x00, 0x06, 0xBE, 0xFE, 0xB5, 0x09, 0xFF, 0xFF, 0xB0,
    0x00, 0x1E, 0xFF, 0xFF, 0xD0, 0x00, 0x00, 0x1E, 0xFF, 0xFF, 0xE0, 0x0E, 0xFF, 0xFF, 0xF2, 0x00, 0x00, 0x3F, 0xFF, 0xFF,
    0xC0, 0x0B, 0xFF, 0xFF, 0xF5, 0x00, 0x00, 0x6F, 0xFF, 0xFF, 0x80, 0x07, 0xFF, 0xFF, 0xF8, 0x00, 0x00, 0x9F, 0xFF, 0xFF,
    0x50, 0x03, 0xFF, 0xFF, 0xFB, 0x00, 0x00, 0xCF, 0xFF, 0xFF, 0x10, 0x00, 0xEF, 0xFF, 0xFD, 0x00, 0x00, 0xEF, 0xFF, 0xFC,
    0x00, 0x00, 0xBF, 0xFF, 0xFF, 0x10, 0x02, 0xFF, 0xFF, 0xF9, 0x00, 0x00, 0x7F, 0xFF, 0xFF, 0x40, 0x05, 0xFF, 0xFF, 0xF5,
    0x00, 0x00, 0x3F, 0xFF, 0xFF, 0x70, 0x08, 0xFF, 0xFF, 0xF2, 0x00, 0x00, 0x0E, 0xFF, 0xFF, 0xA0, 0x0B, 0xFF, 0xFF, 0xD0,
    0x00, 0x00, 0x0B, 0xFF, 0xFF, 0xD0, 0x0D, 0xFF, 0xFF, 0x90, 0x00, 0x00, 0x07, 0xFF, 0xFF, 0xF1, 0x1F, 0xFF, 0xFF, 0x60,
    0x00, 0x00, 0x03, 0xFF, 0xFF, 0xF3, 0x4F, 0xFF, 0xFF, 0x20, 0x00, 0x00, 0x00, 0xEF, 0xFF, 0xF6, 0x7F, 0xFF, 0xFD, 0x00,
    0x00, 0x00, 0x00, 0xBF, 0xFF, 0xF9, 0x9F, 0xFF, 0xFA, 0x00, 0x00, 0x00, 0x00, 0x7F, 0xFF, 0xFC, 0xCF, 0xFF, 0xF6, 0x00,
    0x00, 0x00, 0x00, 0x3F, 0xFF, 0xFF, 0xFF, 0xFF, 0xF2, 0x00, 0x00, 0x00, 0x00, 0x0E, 0xFF, 0xFF, 0xFF, 0xFF, 0xE0, 0x00,
    0x00, 0x00, 0x00, 0x0B, 0xFF, 0xFF, 0xFF, 0xFF, 0xA0, 0x00, 0x00, 0x00, 0x00, 0x07, 0xFF, 0xFF, 0xFF, 0xFF, 0x60, 0x00,
    0x00, 0x00, 0x00, 0x04, 0xFF, 0xFF, 0xFF, 0xFF, 0x30, 0x00, 0x00, 0x00, 0x00, 0x00, 0xEF, 0xFF, 0xFF, 0xFE, 0x00, 0x00,
    0x00, 0x00, 0x00, 0x00, 0xBF, 0xFF, 0xFF, 0xFA, 0x00, 0x00, 0x00, 0x00, 0x00, 0x00, 0x7F, 0xFF, 0xFF, 0xF7, 0x00, 0x00,
    0x00, 0x00, 0x00, 0x00, 0x3F, 0xFF, 0xFF, 0xF3, 0x00, 0x00, 0x00, 0x1E, 0xFF, 0xFF, 0x30, 0x00, 0x03, 0xFF, 0xFF, 0x90,
    0x00, 0x00, 0xBF, 0xFF, 0xF6, 0x0E, 0xFF, 0xFF, 0x70, 0x00, 0x07, 0xFF, 0xFF, 0xD0, 0x00, 0x00, 0xEF, 0xFF, 0xF5, 0x0B,
    0xFF, 0xFF, 0x90, 0x00, 0x09, 0xFF, 0xFF, 0xF1, 0x00, 0x02, 0xFF, 0xFF, 0xF1, 0x08, 0xFF, 0xFF, 0xB0, 0x00, 0x0C, 0xFF,
    0xFF, 0xF3, 0x00, 0x04, 0xFF, 0xFF, 0xD0, 0x05, 0xFF, 0xFF, 0xE0, 0x00, 0x0E, 0xFF, 0xFF, 0xF6, 0x00, 0x07, 0xFF, 0xFF,
    0xA0, 0x02, 0xFF, 0xFF, 0xF1, 0x00, 0x2F, 0xFF, 0xFF, 0xF9, 0x00, 0x09, 0xFF, 0xFF, 0x70, 0x00, 0xDF, 0xFF, 0xF4, 0x00,
    0x5F, 0xFF, 0xFF, 0xFB, 0x00, 0x0C, 0xFF, 0xFF, 0x40, 0x00, 0xAF, 0xFF, 0xF6, 0x00, 0x7F, 0xFF, 0xFF, 0xFE, 0x00, 0x0E,
    0xFF, 0xFF, 0x10, 0x00, 0x7F, 0xFF, 0xF9, 0x00, 0xAF, 0xFF, 0xFF, 0xFF, 0x10, 0x1F, 0xFF, 0xFC, 0x00, 0x00, 0x3F, 0xFF,
    0xFB, 0x00, 0xCF, 0xFF, 0xFF, 0xFF, 0x40, 0x4F, 0xFF, 0xF9, 0x00, 0x00, 0x0F, 0xFF, 0xFE, 0x00, 0xFF, 0xFE, 0xCF, 0xFF,
    0x70, 0x6F, 0xFF, 0xF6, 0x00, 0x00, 0x0C, 0xFF, 0xFF, 0x13, 0xFF, 0xFC, 0x8F, 0xFF, 0x90, 0x9F, 0xFF, 0xF2, 0x00, 0x00,
    0x09, 0xFF, 0xFF, 0x45, 0xFF, 0xF9, 0x6F, 0xFF, 0xC0, 0xBF, 0xFF, 0xE0, 0x00, 0x00, 0x05, 0xFF, 0xFF, 0x68, 0xFF, 0xF6,
    0x3F, 0xFF, 0xE0, 0xEF, 0xFF, 0xB0, 0x00, 0x00, 0x02, 0xFF, 0xFF, 0x8A, 0xFF, 0xF4, 0x0F, 0xFF, 0xF3, 0xFF, 0xFF, 0x80,
    0x00, 0x00, 0x00, 0xEF, 0xFF, 0xBD, 0xFF, 0xF1, 0x0C, 0xFF, 0xF9, 0xFF, 0xFF, 0x40, 0x00, 0x00, 0x00, 0xBF, 0xFF, 0xFF,
    0xFF, 0xD0, 0x0A, 0xFF, 0xFF, 0xFF, 0xFF, 0x10, 0x00, 0x00, 0x00, 0x7F, 0xFF, 0xFF, 0xFF, 0xB0, 0x07, 0xFF, 0xFF, 0xFF,
    0xFD, 0x00, 0x00, 0x00, 0x00, 0x4F, 0xFF, 0xFF, 0xFF, 0x80, 0x04, 0xFF, 0xFF, 0xFF, 0xFA, 0x00, 0x00, 0x00, 0x00, 0x1F,
    0xFF, 0xFF, 0xFF, 0x50, 0x02, 0xFF, 0xFF, 0xFF, 0xF7, 0x00, 0x00, 0x00, 0x00, 0x0C, 0xFF, 0xFF, 0xFF, 0x30, 0x00, 0xEF,
    0xFF, 0xFF, 0xF3, 0x00, 0x00, 0x00, 0x00, 0x09, 0xFF, 0xFF, 0xFF, 0x00, 0x00, 0xBF, 0xFF, 0xFF, 0xF0, 0x00, 0x00, 0x00,
    0x00, 0x06, 0xFF, 0xFF, 0xFC, 0x00, 0x00, 0x8F, 0xFF, 0xFF, 0xC0, 0x00, 0x00, 0x00, 0x00, 0x03, 0xFF, 0xFF, 0xFA, 0x00,
    0x00, 0x6F, 0xFF, 0xFF, 0x90, 0x00, 0x00, 0x00, 0x00, 0x00, 0xDF, 0xFF, 0xF6, 0x00, 0x00, 0x2F, 0xFF, 0xFF, 0x50, 0x00,
    0x00, 0x1F, 0xFF, 0xFF, 0xC0, 0x00, 0x00, 0x0C, 0xFF, 0xFF, 0xE1, 0x0A, 0xFF, 0xFF, 0xF5, 0x00, 0x00, 0x5F, 0xFF, 0xFF,
    0xA0, 0x03, 0xFF, 0xFF, 0xFC, 0x00, 0x00, 0xCF, 0xFF, 0xFF, 0x30, 0x00, 0xBF, 0xFF, 0xFF, 0x40, 0x04, 0xFF, 0xFF, 0xFB,
    0x00, 0x00, 0x3F, 0xFF, 0xFF, 0xB0, 0x0B, 0xFF, 0xFF, 0xF4, 0x00, 0x00, 0x0B, 0xFF, 0xFF, 0xF3, 0x3F, 0xFF, 0xFF, 0xB0,
    0x00, 0x00, 0x04, 0xFF, 0xFF, 0xF9, 0xAF, 0xFF, 0xFF, 0x40, 0x00, 0x00, 0x00, 0xCF, 0xFF, 0xFF, 0xFF, 0xFF, 0xFC, 0x00,
    0x00, 0x00, 0x00, 0x5F, 0xFF, 0xFF, 0xFF, 0xFF, 0xF5, 0x00, 0x00, 0x00, 0x00, 0x0C, 0xFF, 0xFF, 0xFF, 0xFF, 0xD0, 0x00,
    0x00, 0x00, 0x00, 0x05, 0xFF, 0xFF, 0xFF, 0xFF, 0x50, 0x00, 0x00, 0x00, 0x00, 0x00, 0xDF, 0xFF, 0xFF, 0xFD, 0x00, 0x00,
    0x00, 0x00, 0x00, 0x00, 0x8F, 0xFF, 0xFF, 0xF8, 0x00, 0x00, 0x00, 0x00, 0x00, 0x00, 0xDF, 0xFF, 0xFF, 0xFD, 0x00, 0x00,
    0x00, 0x00, 0x00, 0x05, 0xFF, 0xFF, 0xFF, 0xFF, 0x60, 0x00, 0x00, 0x00, 0x00, 0x0C, 0xFF, 0xFF, 0xFF, 0xFF, 0xD0, 0x00,
    0x00, 0x00, 0x00, 0x5F, 0xFF, 0xFF, 0xFF, 0xFF, 0xF5, 0x00, 0x00, 0x00, 0x00, 0xCF, 0xFF, 0xFF, 0xFF, 0xFF, 0xFC, 0x00,
    0x00, 0x00, 0x04, 0xFF, 0xFF, 0xF9, 0x9F, 0xFF, 0xFF, 0x40, 0x00, 0x00, 0x0B, 0xFF, 0xFF, 0xF2, 0x2F, 0xFF, 0xFF, 0xB0,
    0x00, 0x00, 0x3F, 0xFF, 0xFF, 0xA0, 0x0A, 0xFF, 0xFF, 0xF4, 0x00, 0x00, 0xBF, 0xFF, 0xFF, 0x40, 0x04, 0xFF, 0xFF, 0xFB,
    0x00, 0x03, 0xFF, 0xFF, 0xFC, 0x00, 0x00, 0xCF, 0xFF, 0xFF, 0x30, 0x0A, 0xFF, 0xFF, 0xF5, 0x00, 0x00, 0x5F, 0xFF, 0xFF,
    0xA0, 0x1E, 0xFF, 0xFF, 0xC0, 0x00, 0x00, 0x0C, 0xFF, 0xFF, 0xF1, 0x3F, 0xFF, 0xFF, 0x80, 0x00, 0x00, 0x4F, 0xFF, 0xFF,
    0x71, 0xFF, 0xFF, 0xFC, 0x00, 0x00, 0x08, 0xFF, 0xFF, 0xF5, 0x0C, 0xFF, 0xFF, 0xF0, 0x00, 0x00, 0xAF, 0xFF, 0xFF, 0x10,
    0x8F, 0xFF, 0xFF, 0x30, 0x00, 0x0D, 0xFF, 0xFF, 0xD0, 0x04, 0xFF, 0xFF, 0xF5, 0x00, 0x01, 0xFF, 0xFF, 0xF9, 0x00, 0x0F,
    0xFF, 0xFF, 0x80, 0x00, 0x3F, 0xFF, 0xFF, 0x50, 0x00, 0xBF, 0xFF, 0xFB, 0x00, 0x06, 0xFF, 0xFF, 0xF1, 0x00, 0x07, 0xFF,
    0xFF, 0xE0, 0x00, 0x9F, 0xFF, 0xFC, 0x00, 0x00, 0x3F, 0xFF, 0xFF, 0x10, 0x0B, 0xFF, 0xFF, 0x80, 0x00, 0x00, 0xEF, 0xFF,
    0xF4, 0x00, 0xEF, 0xFF, 0xF5, 0x00, 0x00, 0x0B, 0xFF, 0xFF, 0x70, 0x2F, 0xFF, 0xFF, 0x10, 0x00, 0x00, 0x7F, 0xFF, 0xFA,
    0x04, 0xFF, 0xFF, 0xC0, 0x00, 0x00, 0x03, 0xFF, 0xFF, 0xD0, 0x7F, 0xFF, 0xF8, 0x00, 0x00, 0x00, 0x0E, 0xFF, 0xFF, 0x1A,
    0xFF, 0xFF, 0x40, 0x00, 0x00, 0x00, 0xAF, 0xFF, 0xF3, 0xDF, 0xFF, 0xF1, 0x00, 0x00, 0x00, 0x06, 0xFF, 0xFF, 0x6F, 0xFF,
    0xFC, 0x00, 0x00, 0x00, 0x00, 0x3F, 0xFF, 0xFD, 0xFF, 0xFF, 0x80, 0x00, 0x00, 0x00, 0x00, 0xEF, 0xFF, 0xFF, 0xFF, 0xF4,
    0x00, 0x00, 0x00, 0x00, 0x0A, 0xFF, 0xFF, 0xFF, 0xFF, 0x00, 0x00, 0x00, 0x00, 0x00, 0x6F, 0xFF, 0xFF, 0xFF, 0xB0, 0x00,
    0x00, 0x00, 0x00, 0x02, 0xFF, 0xFF, 0xFF, 0xF7, 0x00, 0x00, 0x00, 0x00, 0x00, 0x0D, 0xFF, 0xFF, 0xFF, 0x40, 0x00, 0x00,
    0x00, 0x00, 0x00, 0x9F, 0xFF, 0xFF, 0xE0, 0x00, 0x00, 0x00, 0x00, 0x00, 0x06, 0xFF, 0xFF, 0xFB, 0x00, 0x00, 0x00, 0x00,
    0x00, 0x00, 0x3F, 0xFF, 0xFF, 0x70, 0x00, 0x00, 0x00, 0x00, 0x00, 0x05, 0xFF, 0xFF, 0xF3, 0x00, 0x00, 0x00, 0x00, 0x00,
    0x00, 0x9F, 0xFF, 0xFE, 0x00, 0x00, 0x00, 0x00, 0x00, 0x00, 0x1E, 0xFF, 0xFF, 0xA0, 0x00, 0x00, 0x00, 0x00, 0x00, 0x3C,
    0xFF, 0xFF, 0xF4, 0x00, 0x00, 0x00, 0x00, 0x3D, 0xEF, 0xFF, 0xFF, 0xFD, 0x00, 0x00, 0x00, 0x00, 0x06, 0xFF, 0xFF, 0xFF,
    0xFF, 0x60, 0x00, 0x00, 0x00, 0x00, 0x6F, 0xFF, 0xFF, 0xFF, 0xA0, 0x00, 0x00, 0x00, 0x00, 0x06, 0xFF, 0xFF, 0xFF, 0x91,
    0x00, 0x00, 0x00, 0x00, 0x00, 0x5F, 0xED, 0xB8, 0x30, 0x00, 0x00, 0x00, 0x00, 0x00, 0x08, 0xFF, 0xFF, 0xFF, 0xFF, 0xFF,
    0xFF, 0xFF, 0x40, 0x0A, 0xFF, 0xFF, 0xFF, 0xFF, 0xFF, 0xFF, 0xFF, 0x60, 0x0A, 0xFF, 0xFF, 0xFF, 0xFF, 0xFF, 0xFF, 0xFF,
    0x60, 0x0A, 0xFF, 0xFF, 0xFF, 0xFF, 0xFF, 0xFF, 0xFF, 0x60, 0x07, 0xCC, 0xCC, 0xCC, 0xCD, 0xFF, 0xFF, 0xFF, 0x50, 0x00,
    0x00, 0x00, 0x00, 0x09, 0xFF, 0xFF, 0xFE, 0x10, 0x00, 0x00, 0x00, 0x00, 0x3F, 0xFF, 0xFF, 0xF6, 0x00, 0x00, 0x00, 0x00,
    0x00, 0xBF, 0xFF, 0xFF, 0xD0, 0x00, 0x00, 0x00, 0x00, 0x04, 0xFF, 0xFF, 0xFF, 0x40, 0x00, 0x00, 0x00, 0x00, 0x0D, 0xFF,
    0xFF, 0xFA, 0x00, 0x00, 0x00, 0x00, 0x00, 0x6F, 0xFF, 0xFF, 0xF2, 0x00, 0x00, 0x00, 0x00, 0x01, 0xEF, 0xFF, 0xFF, 0x80,
    0x00, 0x00, 0x00, 0x00, 0x08, 0xFF, 0xFF, 0xFE, 0x10, 0x00, 0x00, 0x00, 0x00, 0x2F, 0xFF, 0xFF, 0xF6, 0x00, 0x00, 0x00,
    0x00, 0x00, 0xAF, 0xFF, 0xFF, 0xC0, 0x00, 0x00, 0x00, 0x00, 0x03, 0xFF, 0xFF, 0xFF, 0x30, 0x00, 0x00, 0x00, 0x00, 0x0C,
    0xFF, 0xFF, 0xFA, 0x00, 0x00, 0x00, 0x00, 0x00, 0x5F, 0xFF, 0xFF, 0xE2, 0x00, 0x00, 0x00, 0x00, 0x00, 0xDF, 0xFF, 0xFF,
    0x70, 0x00, 0x00, 0x00, 0x00, 0x07, 0xFF, 0xFF, 0xFD, 0x00, 0x00, 0x00, 0x00, 0x00, 0x0C, 0xFF, 0xFF, 0xFE, 0xCC, 0xCC,
    0xCC, 0xCC, 0x60, 0x0D, 0xFF, 0xFF, 0xFF, 0xFF, 0xFF, 0xFF, 0xFF, 0x90, 0x0D, 0xFF, 0xFF, 0xFF, 0xFF, 0xFF, 0xFF, 0xFF,
    0x90, 0x0D, 0xFF, 0xFF, 0xFF, 0xFF, 0xFF, 0xFF, 0xFF, 0x90, 0x0B, 0xFF, 0xFF, 0xFF, 0xFF, 0xFF, 0xFF, 0xFF, 0x80, 0x00,
    0x00, 0x00, 0x06, 0xAC, 0xCC, 0xCA, 0x00, 0x00, 0x00, 0x1C, 0xFF, 0xFF, 0xFF, 0xF0, 0x00, 0x00, 0x0B, 0xFF, 0xFF, 0xFF,
    0xFF, 0x00, 0x00, 0x02, 0xFF, 0xFF, 0xFF, 0xFF, 0xF0, 0x00, 0x00, 0x6F, 0xFF, 0xFF, 0xFF, 0xFD, 0x00, 0x00, 0x08, 0xFF,
    0xFF, 0xFE, 0x40, 0x00, 0x00, 0x00, 0x8F, 0xFF, 0xFF, 0x60, 0x00, 0x00, 0x00, 0x08, 0xFF, 0xFF, 0xF2, 0x00, 0x00, 0x00,
    0x00, 0x8F, 0xFF, 0xFF, 0x00, 0x00, 0x00, 0x00, 0x08, 0xFF, 0xFF, 0xF0, 0x00, 0x00, 0x00, 0x00, 0x8F, 0xFF, 0xFF, 0x00,
    0x00, 0x00, 0x00, 0x08, 0xFF, 0xFF, 0xF0, 0x00, 0x00, 0x00, 0x00, 0x8F, 0xFF, 0xFF, 0x00, 0x00, 0x00, 0x00, 0x08, 0xFF,
    0xFF, 0xF0, 0x00, 0x00, 0x00, 0x00, 0x8F, 0xFF, 0xFF, 0x00, 0x00, 0x00, 0x00, 0x08, 0xFF, 0xFF, 0xF0, 0x00, 0x00, 0x00,
    0x00, 0x9F, 0xFF, 0xFF, 0x00, 0x00, 0x00, 0x00, 0x0B, 0xFF, 0xFF, 0xE0, 0x00, 0x00, 0x00, 0x01, 0xFF, 0xFF, 0xFD, 0x00,
    0x00, 0x00, 0x02, 0xBF, 0xFF, 0xFF, 0x90, 0x00, 0x00, 0x08, 0xFF, 0xFF, 0xFF, 0xF4, 0x00, 0x00, 0x00, 0xBF, 0xFF, 0xFF,
    0xF8, 0x00, 0x00, 0x00, 0x0B, 0xFF, 0xFF, 0xFA, 0x00, 0x00, 0x00, 0x00, 0xBF, 0xFF, 0xFF, 0xF7, 0x00, 0x00, 0x00, 0x06,
    0xEF, 0xFF, 0xFF, 0xF3, 0x00, 0x00, 0x00, 0x00, 0xAF, 0xFF, 0xFF, 0x90, 0x00, 0x00, 0x00, 0x01, 0xEF, 0xFF, 0xFD, 0x00,
    0x00, 0x00, 0x00, 0x0A, 0xFF, 0xFF, 0xE0, 0x00, 0x00, 0x00, 0x00, 0x9F, 0xFF, 0xFF, 0x00, 0x00, 0x00, 0x00, 0x08, 0xFF,
    0xFF, 0xF0, 0x00, 0x00, 0x00, 0x00, 0x8F, 0xFF, 0xFF, 0x00, 0x00, 0x00, 0x00, 0x08, 0xFF, 0xFF, 0xF0, 0x00, 0x00, 0x00,
    0x00, 0x8F, 0xFF, 0xFF, 0x00, 0x00, 0x00, 0x00, 0x08, 0xFF, 0xFF, 0xF0, 0x00, 0x00, 0x00, 0x00, 0x8F, 0xFF, 0xFF, 0x00,
    0x00, 0x00, 0x00, 0x08, 0xFF, 0xFF, 0xF0, 0x00, 0x00, 0x00, 0x00, 0x8F, 0xFF, 0xFF, 0x00, 0x00, 0x00, 0x00, 0x08, 0xFF,
    0xFF, 0xF1, 0x00, 0x00, 0x00, 0x00, 0x8F, 0xFF, 0xFF, 0x40, 0x00, 0x00, 0x00, 0x08, 0xFF, 0xFF, 0xFC, 0x10, 0x00, 0x00,
    0x00, 0x6F, 0xFF, 0xFF, 0xFF, 0xDA, 0x00, 0x00, 0x03, 0xFF, 0xFF, 0xFF, 0xFF, 0xF0, 0x00, 0x00, 0x0C, 0xFF, 0xFF, 0xFF,
    0xFF, 0x00, 0x00, 0x00, 0x3E, 0xFF, 0xFF, 0xFF, 0xF0, 0x00, 0x00, 0x00, 0x28, 0xDF, 0xFF, 0xFD, 0x00, 0x09, 0xFF, 0xFF,
    0xB0, 0x0B, 0xFF, 0xFF, 0xD0, 0x0B, 0xFF, 0xFF, 0xD0, 0x0B, 0xFF, 0xFF, 0xD0, 0x0B, 0xFF, 0xFF, 0xD0, 0x0B, 0xFF, 0xFF,
    0xD0, 0x0B, 0xFF, 0xFF, 0xD0, 0x0B, 0xFF, 0xFF, 0xD0, 0x0B, 0xFF, 0xFF, 0xD0, 0x0B, 0xFF, 0xFF, 0xD0, 0x0B, 0xFF, 0xFF,
    0xD0, 0x0B, 0xFF, 0xFF, 0xD0, 0x0B, 0xFF, 0xFF, 0xD0, 0x0B, 0xFF, 0xFF, 0xD0, 0x0B, 0xFF, 0xFF, 0xD0, 0x0B, 0xFF, 0xFF,
    0xD0, 0x0B, 0xFF, 0xFF, 0xD0, 0x0B, 0xFF, 0xFF, 0xD0, 0x0B, 0xFF, 0xFF, 0xD0, 0x0B, 0xFF, 0xFF, 0xD0, 0x0B, 0xFF, 0xFF,
    0xD0, 0x0B, 0xFF, 0xFF, 0xD0, 0x0B, 0xFF, 0xFF, 0xD0, 0x0B, 0xFF, 0xFF, 0xD0, 0x0B, 0xFF, 0xFF, 0xD0, 0x0B, 0xFF, 0xFF,
    0xD0, 0x0B, 0xFF, 0xFF, 0xD0, 0x0B, 0xFF, 0xFF, 0xD0, 0x0B, 0xFF, 0xFF, 0xD0, 0x0B, 0xFF, 0xFF, 0xD0, 0x0B, 0xFF, 0xFF,
    0xD0, 0x0B, 0xFF, 0xFF, 0xD0, 0x0B, 0xFF, 0xFF, 0xD0, 0x0B, 0xFF, 0xFF, 0xD0, 0x0B, 0xFF, 0xFF, 0xD0, 0x0B, 0xFF, 0xFF,
    0xD0, 0x0B, 0xFF, 0xFF, 0xD0, 0x0B, 0xFF, 0xFF, 0xD0, 0x0B, 0xFF, 0xFF, 0xD0, 0x09, 0xFF, 0xFF, 0xC0, 0x07, 0xCC, 0xCC,
    0xB7, 0x10, 0x00, 0x00, 0x00, 0xBF, 0xFF, 0xFF, 0xFE, 0x40, 0x00, 0x00, 0x0B, 0xFF, 0xFF, 0xFF, 0xFE, 0x10, 0x00, 0x00,
    0xBF, 0xFF, 0xFF, 0xFF, 0xF7, 0x00, 0x00, 0x09, 0xFF, 0xFF, 0xFF, 0xFF, 0xB0, 0x00, 0x00, 0x00, 0x2B, 0xFF, 0xFF, 0xFC,
    0x00, 0x00, 0x00, 0x00, 0x2F, 0xFF, 0xFF, 0xD0, 0x00, 0x00, 0x00, 0x00, 0xCF, 0xFF, 0xFD, 0x00, 0x00, 0x00, 0x00, 0x0B,
    0xFF, 0xFF, 0xD0, 0x00, 0x00, 0x00, 0x00, 0xBF, 0xFF, 0xFD, 0x00, 0x00, 0x00, 0x00, 0x0B, 0xFF, 0xFF, 0xD0, 0x00, 0x00,
    0x00, 0x00, 0xBF, 0xFF, 0xFD, 0x00, 0x00, 0x00, 0x00, 0x0B, 0xFF, 0xFF, 0xD0, 0x00, 0x00, 0x00, 0x00, 0xBF, 0xFF, 0xFD,
    0x00, 0x00, 0x00, 0x00, 0x0B, 0xFF, 0xFF, 0xD0, 0x00, 0x00, 0x00, 0x00, 0xBF, 0xFF, 0xFD, 0x00, 0x00, 0x00, 0x00, 0x0B,
    0xFF, 0xFF, 0xE0, 0x00, 0x00, 0x00, 0x00, 0xAF, 0xFF, 0xFF, 0x00, 0x00, 0x00, 0x00, 0x08, 0xFF, 0xFF, 0xF5, 0x00, 0x00,
    0x00, 0x00, 0x5F, 0xFF, 0xFF, 0xE3, 0x00, 0x00, 0x00, 0x01, 0xDF, 0xFF, 0xFF, 0xFB, 0x00, 0x00, 0x00, 0x04, 0xEF, 0xFF,
    0xFF, 0xF0, 0x00, 0x00, 0x00, 0x05, 0xFF, 0xFF, 0xFF, 0x00, 0x00, 0x00, 0x04, 0xEF, 0xFF, 0xFF, 0xF0, 0x00, 0x00, 0x00,
    0xDF, 0xFF, 0xFF, 0xF9, 0x00, 0x00, 0x00, 0x4F, 0xFF, 0xFF, 0xD2, 0x00, 0x00, 0x00, 0x08, 0xFF, 0xFF, 0xF4, 0x00, 0x00,
    0x00, 0x00, 0xAF, 0xFF, 0xFF, 0x00, 0x00, 0x00, 0x00, 0x0B, 0xFF, 0xFF, 0xD0, 0x00, 0x00, 0x00, 0x00, 0xBF, 0xFF, 0xFD,
    0x00, 0x00, 0x00, 0x00, 0x0B, 0xFF, 0xFF, 0xD0, 0x00, 0x00, 0x00, 0x00, 0xBF, 0xFF, 0xFD, 0x00, 0x00, 0x00, 0x00, 0x0B,
    0xFF, 0xFF, 0xD0, 0x00, 0x00, 0x00, 0x00, 0xBF, 0xFF, 0xFD, 0x00, 0x00, 0x00, 0x00, 0x0B, 0xFF, 0xFF, 0xD0, 0x00, 0x00,
    0x00, 0x00, 0xBF, 0xFF, 0xFD, 0x00, 0x00, 0x00, 0x00, 0x0B, 0xFF, 0xFF, 0xD0, 0x00, 0x00, 0x00, 0x00, 0xCF, 0xFF, 0xFD,
    0x00, 0x00, 0x00, 0x00, 0x1E, 0xFF, 0xFF, 0xD0, 0x00, 0x00, 0x00, 0x09, 0xFF, 0xFF, 0xFC, 0x00, 0x00, 0x07, 0xCE, 0xFF,
    0xFF, 0xFF, 0xB0, 0x00, 0x00, 0xBF, 0xFF, 0xFF, 0xFF, 0xF8, 0x00, 0x00, 0x0B, 0xFF, 0xFF, 0xFF, 0xFF, 0x20, 0x00, 0x00,
    0xBF, 0xFF, 0xFF, 0xFF, 0x60, 0x00, 0x00, 0x09, 0xFF, 0xFF, 0xEA, 0x30, 0x00, 0x00, 0x00, 0x00, 0x00, 0x16, 0xAC, 0xB6,
    0x10, 0x00, 0x00, 0x00, 0x00, 0x00, 0x00, 0x00, 0x3D, 0xFF, 0xFF, 0xFE, 0x60, 0x00, 0x00, 0x2B, 0x40, 0x00, 0x00, 0x3E,
    0xFF, 0xFF, 0xFF, 0xFF, 0xB3, 0x00, 0x2D, 0xFF, 0x91, 0x00, 0x0D, 0xFF, 0xFF, 0xFF, 0xFF, 0xFF, 0xFE, 0xDF, 0xFF, 0xFF,
    0x70, 0x06, 0xFF, 0xFF, 0xFF, 0xFF, 0xFF, 0xFF, 0xFF, 0xFF, 0xFF, 0xD1, 0x00, 0x4E, 0xFF, 0xE6, 0x11, 0x5D, 0xFF, 0xFF,
    0xFF, 0xFF, 0xE3, 0x00, 0x00, 0x2A, 0xE3, 0x00, 0x00, 0x18, 0xFF, 0xFF, 0xFF, 0xE4, 0x00, 0x00, 0x00, 0x01, 0x00, 0x00,
    0x00, 0x02, 0x9D, 0xFE, 0x92, 0x00, 0x00, 0x00, 0x00, 0x00, 0x00, 0x00, 0x00, 0x00, 0x00, 0x00, 0x00, 0x00, 0x00, 0x00,
    0x00, 0x00, 0x00, 0x00, 0x00, 0x00, 0x00, 0x00, 0x00, 0x00, 0x00, 0x00, 0x00, 0x00, 0x00, 0x00, 0x00, 0x00, 0x00, 0x00,
    0x00, 0x00, 0x00, 0x00, 0x00, 0x00, 0x00, 0x00, 0x00, 0x00, 0x00, 0x00, 0x00, 0x00, 0x00, 0x00, 0x00, 0x00, 0x00, 0x00,
    0x00, 0x00, 0x00, 0x00, 0x00, 0x00, 0x00, 0x00, 0x00, 0x00, 0x00, 0x00, 0x00, 0x00, 0x00, 0x00, 0x00, 0x00, 0x00, 0x00,
    0x00, 0x00, 0x00, 0x00, 0x00, 0x00, 0x00, 0x00, 0x00, 0x00, 0x00, 0x00, 0x00, 0x00, 0x00, 0x00, 0x00, 0x00, 0x00, 0x00,
    0x00, 0x00, 0x00, 0x00, 0x00, 0x00, 0x00, 0x00, 0x00, 0x00, 0x00, 0x00, 0x00, 0x00, 0x00, 0x00, 0x00, 0x00, 0x00, 0x00,
    0x00, 0x00
}};

const DeckFont kSwitchFont{kSwitchGlyphs, kSwitchPixels, 32, 126, 58};

constexpr std::array<DeckGlyph, 95> kTitleGlyphs{{
    {0, 7, 0, 0, 36, 7}, {0, 10, 26, 0, 10, 10},
    {130, 11, 26, 0, 10, 11}, {273, 22, 25, 0, 11, 22},
    {548, 16, 32, 0, 7, 16}, {804, 28, 26, 0, 10, 28},
    {1168, 21, 26, 0, 10, 21}, {1441, 5, 26, 0, 10, 5},
    {1506, 10, 31, 0, 8, 10}, {1661, 11, 31, 0, 8, 10},
    {1832, 13, 27, 0, 9, 13}, {2008, 16, 19, 0, 17, 16},
    {2160, 7, 9, 0, 30, 7}, {2192, 12, 13, 0, 23, 12},
    {2270, 8, 5, 0, 31, 8}, {2290, 14, 26, 0, 10, 14},
    {2472, 16, 26, 0, 10, 16}, {2680, 10, 26, 0, 10, 10},
    {2810, 15, 26, 0, 10, 15}, {3005, 15, 26, 0, 10, 15},
    {3200, 17, 26, 0, 10, 17}, {3421, 15, 26, 0, 10, 15},
    {3616, 15, 26, 0, 10, 15}, {3811, 14, 26, 0, 10, 14},
    {3993, 16, 26, 0, 10, 16}, {4201, 15, 26, 0, 10, 15},
    {4396, 9, 17, 0, 19, 9}, {4473, 8, 21, 0, 18, 8},
    {4557, 16, 19, 0, 17, 16}, {4709, 16, 17, 0, 19, 16},
    {4845, 16, 19, 0, 17, 16}, {4997, 15, 26, 0, 10, 15},
    {5192, 27, 26, 0, 13, 27}, {5543, 16, 26, 0, 10, 16},
    {5751, 17, 26, 0, 10, 17}, {5972, 16, 26, 0, 10, 16},
    {6180, 17, 26, 0, 10, 17}, {6401, 16, 26, 0, 10, 16},
    {6609, 15, 26, 0, 10, 15}, {6804, 17, 26, 0, 10, 17},
    {7025, 17, 26, 0, 10, 17}, {7246, 8, 26, 0, 10, 8},
    {7350, 16, 26, 0, 10, 16}, {7558, 17, 26, 0, 10, 17},
    {7779, 15, 26, 0, 10, 15}, {7974, 19, 26, 0, 10, 19},
    {8221, 18, 26, 0, 10, 18}, {8455, 17, 26, 0, 10, 17},
    {8676, 16, 26, 0, 10, 16}, {8884, 16, 30, 0, 10, 16},
    {9124, 17, 26, 0, 10, 17}, {9345, 16, 26, 0, 10, 16},
    {9553, 16, 26, 0, 10, 16}, {9761, 17, 26, 0, 10, 17},
    {9982, 17, 26, 0, 10, 17}, {10203, 24, 26, 0, 10, 24},
    {10515, 17, 26, 0, 10, 17}, {10736, 16, 26, 0, 10, 16},
    {10944, 15, 26, 0, 10, 15}, {11139, 12, 34, 0, 7, 12},
    {11343, 14, 26, 0, 10, 14}, {11525, 12, 34, 0, 7, 12},
    {11729, 15, 26, 0, 10, 15}, {11924, 15, 4, 0, 32, 15},
    {11954, 7, 26, 0, 10, 7}, {12045, 16, 19, 0, 17, 16},
    {12197, 16, 26, 0, 10, 16}, {12405, 15, 19, 0, 17, 15},
    {12548, 16, 26, 0, 10, 16}, {12756, 15, 19, 0, 17, 15},
    {12899, 10, 26, 0, 10, 10}, {13029, 16, 27, 0, 17, 16},
    {13245, 16, 26, 0, 10, 16}, {13453, 8, 26, 0, 10, 8},
    {13557, 10, 34, -2, 10, 8}, {13727, 16, 26, 0, 10, 16},
    {13935, 7, 26, 0, 10, 7}, {14026, 24, 19, 0, 17, 24},
    {14254, 16, 19, 0, 17, 16}, {14406, 16, 19, 0, 17, 16},
    {14558, 16, 26, 0, 17, 16}, {14766, 16, 26, 0, 17, 16},
    {14974, 11, 19, 0, 17, 11}, {15079, 14, 19, 0, 17, 14},
    {15212, 10, 24, 0, 12, 10}, {15332, 16, 19, 0, 17, 16},
    {15484, 15, 19, 0, 17, 15}, {15627, 21, 19, 0, 17, 21},
    {15827, 15, 19, 0, 17, 15}, {15970, 15, 27, 0, 17, 15},
    {16173, 13, 19, 0, 17, 13}, {16297, 11, 34, 0, 7, 11},
    {16484, 6, 31, 0, 8, 6}, {16577, 11, 34, 0, 7, 11},
    {16764, 17, 14, 0, 22, 17}
}};

constexpr std::array<std::uint8_t, 16883> kTitlePixels{{
    0x00, 0x3F, 0xFF, 0xD0, 0x00, 0x00, 0x4F, 0xFF, 0xD0, 0x00, 0x00, 0x3F, 0xFF, 0xD0, 0x00, 0x00, 0x3F, 0xFF, 0xC0, 0x00,
    0x00, 0x2F, 0xFF, 0xC0, 0x00, 0x00, 0x2F, 0xFF, 0xC0, 0x00, 0x00, 0x2F, 0xFF, 0xB0, 0x00, 0x00, 0x1F, 0xFF, 0xB0, 0x00,
    0x00, 0x1F, 0xFF, 0xB0, 0x00, 0x00, 0x0F, 0xFF, 0xA0, 0x00, 0x00, 0x0F, 0xFF, 0xA0, 0x00, 0x00, 0x0F, 0xFF, 0xA0, 0x00,
    0x00, 0x0E, 0xFF, 0x90, 0x00, 0x00, 0x0E, 0xFF, 0x90, 0x00, 0x00, 0x0D, 0xFF, 0x80, 0x00, 0x00, 0x0D, 0xFF, 0x80, 0x00,
    0x00, 0x0C, 0xFF, 0x70, 0x00, 0x00, 0x00, 0x00, 0x00, 0x00, 0x00, 0x00, 0x00, 0x00, 0x00, 0x00, 0x00, 0x00, 0x00, 0x00,
    0x00, 0x00, 0x00, 0x00, 0x00, 0x00, 0x09, 0xED, 0x60, 0x00, 0x00, 0x7F, 0xFF, 0xF2, 0x00, 0x00, 0xAF, 0xFF, 0xF5, 0x00,
    0x00, 0x7F, 0xFF, 0xF2, 0x00, 0x00, 0x09, 0xED, 0x50, 0x00, 0x5F, 0xFF, 0x80, 0x8F, 0xFF, 0x45, 0xFF, 0xF8, 0x08, 0xFF,
    0xF4, 0x4F, 0xFF, 0x70, 0x7F, 0xFF, 0x33, 0xFF, 0xF6, 0x07, 0xFF, 0xF3, 0x2F, 0xFF, 0x60, 0x6F, 0xFF, 0x21, 0xFF, 0xF5,
    0x05, 0xFF, 0xF1, 0x1F, 0xFF, 0x40, 0x4F, 0xFF, 0x00, 0xEF, 0xF3, 0x03, 0xFF, 0xE0, 0x00, 0x00, 0x00, 0x00, 0x00, 0x00,
    0x00, 0x00, 0x00, 0x00, 0x00, 0x00, 0x00, 0x00, 0x00, 0x00, 0x00, 0x00, 0x00, 0x00, 0x00, 0x00, 0x00, 0x00, 0x00, 0x00,
    0x00, 0x00, 0x00, 0x00, 0x00, 0x00, 0x00, 0x00, 0x00, 0x00, 0x00, 0x00, 0x00, 0x00, 0x00, 0x00, 0x00, 0x00, 0x00, 0x00,
    0x00, 0x00, 0x00, 0x00, 0x00, 0x00, 0x00, 0x00, 0x00, 0x00, 0x00, 0x00, 0x00, 0x00, 0x00, 0x00, 0x00, 0x00, 0x00, 0x00,
    0x00, 0x00, 0x00, 0x00, 0x00, 0x00, 0x00, 0x00, 0x00, 0x00, 0x00, 0x00, 0x00, 0x00, 0x00, 0x00, 0x00, 0x00, 0x00, 0x00,
    0x00, 0x00, 0x00, 0x00, 0x00, 0x00, 0x00, 0x00, 0x00, 0x00, 0x00, 0x00, 0x00, 0x00, 0x00, 0x00, 0x8D, 0xDD, 0x60, 0x00,
    0x4D, 0xDD, 0xA0, 0x00, 0x00, 0x00, 0x00, 0xCF, 0xFF, 0x60, 0x00, 0x7F, 0xFF, 0xB0, 0x00, 0x00, 0x00, 0x00, 0xEF, 0xFF,
    0x40, 0x00, 0x9F, 0xFF, 0x90, 0x00, 0x00, 0x00, 0x01, 0xFF, 0xFF, 0x20, 0x00, 0xBF, 0xFF, 0x70, 0x00, 0x00, 0x00, 0x03,
    0xFF, 0xFF, 0x00, 0x00, 0xDF, 0xFF, 0x40, 0x00, 0x00, 0x00, 0x05, 0xFF, 0xFD, 0x00, 0x01, 0xFF, 0xFF, 0x30, 0x00, 0x00,
    0x3F, 0xFF, 0xFF, 0xFF, 0xFF, 0xFF, 0xFF, 0xFF, 0xFF, 0x40, 0x00, 0x4F, 0xFF, 0xFF, 0xFF, 0xFF, 0xFF, 0xFF, 0xFF, 0xFF,
    0x50, 0x00, 0x4F, 0xFF, 0xFF, 0xFF, 0xFF, 0xFF, 0xFF, 0xFF, 0xFF, 0x50, 0x00, 0x2A, 0xAF, 0xFF, 0xFB, 0xAA, 0xAE, 0xFF,
    0xFD, 0xAA, 0x20, 0x00, 0x00, 0x1F, 0xFF, 0xF1, 0x00, 0x0C, 0xFF, 0xF6, 0x00, 0x00, 0x00, 0x00, 0x4F, 0xFF, 0xE0, 0x00,
    0x0E, 0xFF, 0xF4, 0x00, 0x00, 0x00, 0x00, 0x6F, 0xFF, 0xC0, 0x00, 0x1F, 0xFF, 0xF2, 0x00, 0x00, 0x00, 0x00, 0x8F, 0xFF,
    0xA0, 0x00, 0x3F, 0xFF, 0xF0, 0x00, 0x00, 0x04, 0xAA, 0xDF, 0xFF, 0xDA, 0xAA, 0xCF, 0xFF, 0xFA, 0x91, 0x00, 0x07, 0xFF,
    0xFF, 0xFF, 0xFF, 0xFF, 0xFF, 0xFF, 0xFF, 0xF2, 0x00, 0x07, 0xFF, 0xFF, 0xFF, 0xFF, 0xFF, 0xFF, 0xFF, 0xFF, 0xF2, 0x00,
    0x06, 0xFF, 0xFF, 0xFF, 0xFF, 0xFF, 0xFF, 0xFF, 0xFF, 0xF1, 0x00, 0x00, 0x04, 0xFF, 0xFE, 0x00, 0x00, 0xEF, 0xFF, 0x40,
    0x00, 0x00, 0x00, 0x06, 0xFF, 0xFC, 0x00, 0x01, 0xFF, 0xFF, 0x10, 0x00, 0x00, 0x00, 0x08, 0xFF, 0xFA, 0x00, 0x03, 0xFF,
    0xFE, 0x00, 0x00, 0x00, 0x00, 0x0A, 0xFF, 0xF8, 0x00, 0x05, 0xFF, 0xFC, 0x00, 0x00, 0x00, 0x00, 0x0C, 0xFF, 0xF5, 0x00,
    0x08, 0xFF, 0xFA, 0x00, 0x00, 0x00, 0x00, 0x0E, 0xFF, 0xF3, 0x00, 0x09, 0xFF, 0xF8, 0x00, 0x00, 0x00, 0x00, 0x01, 0x22,
    0x20, 0x00, 0x01, 0x22, 0x20, 0x00, 0x00, 0x00, 0x00, 0x00, 0x00, 0xAF, 0xF4, 0x00, 0x00, 0x00, 0x00, 0x00, 0x00, 0xBF,
    0xF5, 0x00, 0x00, 0x00, 0x00, 0x00, 0x00, 0xBF, 0xF4, 0x00, 0x00, 0x00, 0x00, 0x00, 0x28, 0xEF, 0xFB, 0x40, 0x00, 0x00,
    0x00, 0x07, 0xFF, 0xFF, 0xFF, 0xFB, 0x10, 0x00, 0x00, 0x7F, 0xFF, 0xFF, 0xFF, 0xFF, 0xC0, 0x00, 0x02, 0xFF, 0xFF, 0xFF,
    0xFF, 0xFF, 0xF7, 0x00, 0x07, 0xFF, 0xFF, 0x61, 0x3C, 0xFF, 0xFE, 0x00, 0x0B, 0xFF, 0xF8, 0x00, 0x02, 0xFF, 0xFF, 0x30,
    0x0C, 0xFF, 0xF5, 0x00, 0x00, 0xCF, 0xFF, 0x50, 0x0C, 0xFF, 0xF5, 0x00, 0x00, 0xBF, 0xFF, 0x50, 0x0A, 0xFF, 0xF9, 0x00,
    0x00, 0x69, 0x99, 0x20, 0x06, 0xFF, 0xFF, 0x40, 0x00, 0x00, 0x00, 0x00, 0x01, 0xEF, 0xFF, 0xF6, 0x00, 0x00, 0x00, 0x00,
    0x00, 0x5F, 0xFF, 0xFF, 0x90, 0x00, 0x00, 0x00, 0x00, 0x08, 0xFF, 0xFF, 0xFC, 0x20, 0x00, 0x00, 0x00, 0x00, 0x7F, 0xFF,
    0xFF, 0xE4, 0x00, 0x00, 0x00, 0x00, 0x04, 0xEF, 0xFF, 0xFF, 0x50, 0x00, 0x00, 0x00, 0x00, 0x2C, 0xFF, 0xFF, 0xF3, 0x00,
    0x00, 0x00, 0x00, 0x00, 0x9F, 0xFF, 0xFC, 0x00, 0x00, 0x00, 0x00, 0x00, 0x09, 0xFF, 0xFF, 0x30, 0x04, 0x66, 0x61, 0x00,
    0x00, 0xDF, 0xFF, 0x70, 0x0C, 0xFF, 0xF5, 0x00, 0x00, 0x9F, 0xFF, 0x80, 0x0B, 0xFF, 0xF7, 0x00, 0x00, 0xAF, 0xFF, 0x70,
    0x09, 0xFF, 0xFB, 0x00, 0x00, 0xDF, 0xFF, 0x50, 0x05, 0xFF, 0xFF, 0x81, 0x2A, 0xFF, 0xFF, 0x10, 0x00, 0xDF, 0xFF, 0xFF,
    0xFF, 0xFF, 0xF8, 0x00, 0x00, 0x3E, 0xFF, 0xFF, 0xFF, 0xFF, 0xB1, 0x00, 0x00, 0x02, 0xBF, 0xFF, 0xFF, 0xF8, 0x00, 0x00,
    0x00, 0x00, 0x02, 0xCF, 0xF9, 0x10, 0x00, 0x00, 0x00, 0x00, 0x00, 0xAF, 0xF6, 0x00, 0x00, 0x00, 0x00, 0x00, 0x00, 0xAF,
    0xF6, 0x00, 0x00, 0x00, 0x00, 0x00, 0x29, 0xDE, 0xC7, 0x10, 0x00, 0x00, 0x00, 0x3F, 0xFC, 0x00, 0x00, 0x00, 0x00, 0x05,
    0xEF, 0xFF, 0xFF, 0xC2, 0x00, 0x00, 0x00, 0xAF, 0xF5, 0x00, 0x00, 0x00, 0x00, 0x3F, 0xFC, 0x53, 0x7E, 0xFC, 0x00, 0x00,
    0x03, 0xFF, 0xC0, 0x00, 0x00, 0x00, 0x00, 0xAF, 0xD1, 0x00, 0x04, 0xFF, 0x40, 0x00, 0x0B, 0xFF, 0x50, 0x00, 0x00, 0x00,
    0x00, 0xEF, 0x60, 0x00, 0x00, 0xCF, 0x90, 0x00, 0x4F, 0xFC, 0x00, 0x00, 0x00, 0x00, 0x00, 0xFF, 0x40, 0x00, 0x00, 0xAF,
    0xA0, 0x00, 0xCF, 0xF4, 0x00, 0x00, 0x00, 0x00, 0x00, 0xEF, 0x60, 0x00, 0x00, 0xCF, 0x90, 0x04, 0xFF, 0xB0, 0x00, 0x00,
    0x00, 0x00, 0x00, 0xAF, 0xD1, 0x00, 0x04, 0xFF, 0x40, 0x0C, 0xFF, 0x30, 0x00, 0x00, 0x00, 0x00, 0x00, 0x3F, 0xFC, 0x53,
    0x7E, 0xFC, 0x00, 0x5F, 0xFB, 0x00, 0x00, 0x00, 0x00, 0x00, 0x00, 0x05, 0xFF, 0xFF, 0xFF, 0xD2, 0x00, 0xDF, 0xF3, 0x00,
    0x00, 0x00, 0x00, 0x00, 0x00, 0x00, 0x3A, 0xDF, 0xD7, 0x10, 0x06, 0xFF, 0xA0, 0x00, 0x00, 0x00, 0x00, 0x00, 0x00, 0x00,
    0x00, 0x00, 0x00, 0x00, 0x0D, 0xFF, 0x20, 0x00, 0x00, 0x00, 0x00, 0x00, 0x00, 0x00, 0x00, 0x00, 0x00, 0x00, 0x6F, 0xF9,
    0x00, 0x00, 0x00, 0x00, 0x00, 0x00, 0x00, 0x00, 0x00, 0x00, 0x00, 0x01, 0xDF, 0xF2, 0x00, 0x00, 0x00, 0x00, 0x00, 0x00,
    0x00, 0x00, 0x00, 0x00, 0x00, 0x07, 0xFF, 0x90, 0x00, 0x00, 0x00, 0x00, 0x00, 0x00, 0x00, 0x00, 0x00, 0x00, 0x00, 0x1E,
    0xFE, 0x10, 0x02, 0x9D, 0xFD, 0x81, 0x00, 0x00, 0x00, 0x00, 0x00, 0x00, 0x00, 0x7F, 0xF8, 0x00, 0x4E, 0xFF, 0xFF, 0xFD,
    0x30, 0x00, 0x00, 0x00, 0x00, 0x00, 0x01, 0xEF, 0xE1, 0x01, 0xEF, 0xD5, 0x36, 0xEF, 0xD1, 0x00, 0x00, 0x00, 0x00, 0x00,
    0x08, 0xFF, 0x70, 0x08, 0xFE, 0x10, 0x00, 0x2F, 0xF6, 0x00, 0x00, 0x00, 0x00, 0x00, 0x1E, 0xFE, 0x10, 0x0C, 0xF8, 0x00,
    0x00, 0x0A, 0xFA, 0x00, 0x00, 0x00, 0x00, 0x00, 0x9F, 0xF7, 0x00, 0x0D, 0xF6, 0x00, 0x00, 0x07, 0xFC, 0x00, 0x00, 0x00,
    0x00, 0x02, 0xFF, 0xE1, 0x00, 0x0C, 0xF8, 0x00, 0x00, 0x0A, 0xFA, 0x00, 0x00, 0x00, 0x00, 0x09, 0xFF, 0x60, 0x00, 0x08,
    0xFE, 0x10, 0x00, 0x2F, 0xF6, 0x00, 0x00, 0x00, 0x00, 0x2F, 0xFD, 0x00, 0x00, 0x01, 0xEF, 0xD5, 0x36, 0xEF, 0xD1, 0x00,
    0x00, 0x00, 0x00, 0xAF, 0xF6, 0x00, 0x00, 0x00, 0x4E, 0xFF, 0xFF, 0xFD, 0x30, 0x00, 0x00, 0x00, 0x02, 0xFF, 0xC0, 0x00,
    0x00, 0x00, 0x02, 0x9D, 0xFD, 0x81, 0x00, 0x00, 0x00, 0x00, 0x04, 0xAE, 0xFD, 0xB5, 0x00, 0x00, 0x00, 0x00, 0x00, 0x00,
    0x09, 0xFF, 0xFF, 0xFF, 0xFB, 0x10, 0x00, 0x00, 0x00, 0x00, 0x07, 0xFF, 0xFF, 0xFF, 0xFF, 0xFB, 0x00, 0x00, 0x00, 0x00,
    0x01, 0xEF, 0xFF, 0xEB, 0xDF, 0xFF, 0xF5, 0x00, 0x00, 0x00, 0x00, 0x5F, 0xFF, 0xF3, 0x00, 0xBF, 0xFF, 0xB0, 0x00, 0x00,
    0x00, 0x07, 0xFF, 0xFC, 0x00, 0x05, 0xFF, 0xFD, 0x00, 0x00, 0x00, 0x00, 0x7F, 0xFF, 0xA0, 0x00, 0x4F, 0xFF, 0xE0, 0x00,
    0x00, 0x00, 0x06, 0xFF, 0xFD, 0x00, 0x07, 0xFF, 0xFD, 0x00, 0x00, 0x00, 0x00, 0x1F, 0xFF, 0xF5, 0x01, 0xEF, 0xFF, 0x90,
    0x00, 0x00, 0x00, 0x00, 0x9F, 0xFF, 0xD2, 0xCF, 0xFF, 0xF3, 0x00, 0x00, 0x00, 0x00, 0x01, 0xEF, 0xFF, 0xFF, 0xFF, 0xF8,
    0x00, 0x00, 0x00, 0x00, 0x00, 0x05, 0xFF, 0xFF, 0xFF, 0xFA, 0x00, 0x00, 0x00, 0x00, 0x00, 0x00, 0x0E, 0xFF, 0xFF, 0xF9,
    0x00, 0x00, 0x00, 0x00, 0x00, 0x00, 0x1B, 0xFF, 0xFF, 0xFD, 0x00, 0x00, 0x00, 0x00, 0x00, 0x00, 0x0C, 0xFF, 0xFF, 0xFF,
    0xF7, 0x00, 0x00, 0x00, 0x00, 0x00, 0x09, 0xFF, 0xFF, 0xDF, 0xFF, 0xF3, 0x00, 0x5E, 0x60, 0x00, 0x03, 0xFF, 0xFF, 0xA0,
    0xAF, 0xFF, 0xD1, 0x1D, 0xFF, 0xC1, 0x00, 0x8F, 0xFF, 0xD1, 0x01, 0xDF, 0xFF, 0xA8, 0xFF, 0xFC, 0x00, 0x0B, 0xFF, 0xF7,
    0x00, 0x03, 0xEF, 0xFF, 0xFF, 0xFF, 0x30, 0x00, 0xCF, 0xFF, 0x50, 0x00, 0x05, 0xFF, 0xFF, 0xFF, 0x90, 0x00, 0x0C, 0xFF,
    0xF8, 0x00, 0x00, 0x0A, 0xFF, 0xFF, 0xD1, 0x00, 0x00, 0xAF, 0xFF, 0xE3, 0x00, 0x05, 0xEF, 0xFF, 0xFB, 0x00, 0x00, 0x05,
    0xFF, 0xFF, 0xFB, 0xAD, 0xFF, 0xFF, 0xFF, 0xF6, 0x00, 0x00, 0x0C, 0xFF, 0xFF, 0xFF, 0xFF, 0xFF, 0xFF, 0xFF, 0xE2, 0x00,
    0x00, 0x2C, 0xFF, 0xFF, 0xFF, 0xFF, 0xD5, 0xCF, 0xFF, 0xB0, 0x00, 0x00, 0x06, 0xBE, 0xFE, 0xDA, 0x50, 0x02, 0xEF, 0xFF,
    0x60, 0x5F, 0xFF, 0xB5, 0xFF, 0xFB, 0x4F, 0xFF, 0xA3, 0xFF, 0xF9, 0x2F, 0xFF, 0x81, 0xFF, 0xF8, 0x1F, 0xFF, 0x70, 0xEF,
    0xF5, 0x00, 0x00, 0x00, 0x00, 0x00, 0x00, 0x00, 0x00, 0x00, 0x00, 0x00, 0x00, 0x00, 0x00, 0x00, 0x00, 0x00, 0x00, 0x00,
    0x00, 0x00, 0x00, 0x00, 0x00, 0x00, 0x00, 0x00, 0x00, 0x00, 0x00, 0x00, 0x00, 0x00, 0x00, 0x00, 0x00, 0x00, 0x00, 0x00,
    0x00, 0x00, 0x00, 0x00, 0x00, 0x00, 0x00, 0x06, 0xFF, 0xFB, 0x00, 0x00, 0x1E, 0xFF, 0xF6, 0x00, 0x00, 0x7F, 0xFF, 0xF1,
    0x00, 0x00, 0xDF, 0xFF, 0xA0, 0x00, 0x03, 0xFF, 0xFF, 0x50, 0x00, 0x08, 0xFF, 0xFF, 0x10, 0x00, 0x0D, 0xFF, 0xFC, 0x00,
    0x00, 0x2F, 0xFF, 0xF8, 0x00, 0x00, 0x5F, 0xFF, 0xF6, 0x00, 0x00, 0x8F, 0xFF, 0xF3, 0x00, 0x00, 0xAF, 0xFF, 0xF1, 0x00,
    0x00, 0xCF, 0xFF, 0xE0, 0x00, 0x00, 0xDF, 0xFF, 0xD0, 0x00, 0x00, 0xEF, 0xFF, 0xC0, 0x00, 0x00, 0xFF, 0xFF, 0xB0, 0x00,
    0x00, 0xFF, 0xFF, 0xB0, 0x00, 0x00, 0xEF, 0xFF, 0xB0, 0x00, 0x00, 0xDF, 0xFF, 0xC0, 0x00, 0x00, 0xDF, 0xFF, 0xD0, 0x00,
    0x00, 0xCF, 0xFF, 0xD0, 0x00, 0x00, 0xAF, 0xFF, 0xF0, 0x00, 0x00, 0x7F, 0xFF, 0xF3, 0x00, 0x00, 0x4F, 0xFF, 0xF5, 0x00,
    0x00, 0x2F, 0xFF, 0xF8, 0x00, 0x00, 0x0D, 0xFF, 0xFC, 0x00, 0x00, 0x09, 0xFF, 0xFF, 0x10, 0x00, 0x04, 0xFF, 0xFF, 0x50,
    0x00, 0x00, 0xDF, 0xFF, 0xA0, 0x00, 0x00, 0x7F, 0xFF, 0xE1, 0x00, 0x00, 0x1E, 0xFF, 0xF6, 0x00, 0x00, 0x06, 0xFF, 0xFB,
    0x00, 0x00, 0xAF, 0xFF, 0x70, 0x00, 0x00, 0x05, 0xFF, 0xFE, 0x10, 0x00, 0x00, 0x1E, 0xFF, 0xF8, 0x00, 0x00, 0x00, 0x9F,
    0xFF, 0xE0, 0x00, 0x00, 0x05, 0xFF, 0xFF, 0x50, 0x00, 0x00, 0x1F, 0xFF, 0xF9, 0x00, 0x00, 0x00, 0xBF, 0xFF, 0xE0, 0x00,
    0x00, 0x07, 0xFF, 0xFF, 0x30, 0x00, 0x00, 0x5F, 0xFF, 0xF6, 0x00, 0x00, 0x02, 0xFF, 0xFF, 0x90, 0x00, 0x00, 0x0F, 0xFF,
    0xFB, 0x00, 0x00, 0x00, 0xDF, 0xFF, 0xD0, 0x00, 0x00, 0x0C, 0xFF, 0xFE, 0x00, 0x00, 0x00, 0xBF, 0xFF, 0xF0, 0x00, 0x00,
    0x0A, 0xFF, 0xFF, 0x10, 0x00, 0x00, 0xAF, 0xFF, 0xF1, 0x00, 0x00, 0x0B, 0xFF, 0xFF, 0x10, 0x00, 0x00, 0xBF, 0xFF, 0xF0,
    0x00, 0x00, 0x0C, 0xFF, 0xFE, 0x00, 0x00, 0x00, 0xDF, 0xFF, 0xD0, 0x00, 0x00, 0x0F, 0xFF, 0xFB, 0x00, 0x00, 0x03, 0xFF,
    0xFF, 0x90, 0x00, 0x00, 0x5F, 0xFF, 0xF6, 0x00, 0x00, 0x08, 0xFF, 0xFF, 0x20, 0x00, 0x00, 0xCF, 0xFF, 0xE0, 0x00, 0x00,
    0x1F, 0xFF, 0xF9, 0x00, 0x00, 0x05, 0xFF, 0xFF, 0x40, 0x00, 0x00, 0x9F, 0xFF, 0xE0, 0x00, 0x00, 0x1E, 0xFF, 0xF7, 0x00,
    0x00, 0x05, 0xFF, 0xFE, 0x10, 0x00, 0x00, 0xAF, 0xFF, 0x60, 0x00, 0x00, 0x00, 0x00, 0x09, 0xFA, 0x00, 0x00, 0x00, 0x00,
    0x00, 0xBF, 0xB0, 0x00, 0x00, 0x04, 0x60, 0x0B, 0xFB, 0x00, 0x64, 0x00, 0xDF, 0xC3, 0xBF, 0xB3, 0xCF, 0xD0, 0x2E, 0xFF,
    0xFE, 0xFE, 0xFF, 0xFE, 0x20, 0x19, 0xFF, 0xFF, 0xFF, 0xF9, 0x10, 0x00, 0x03, 0xFF, 0xFF, 0xF4, 0x00, 0x00, 0x06, 0xEF,
    0xFF, 0xFF, 0xE6, 0x00, 0x1C, 0xFF, 0xFF, 0xFF, 0xFF, 0xFC, 0x11, 0xEF, 0xD5, 0xBF, 0xB5, 0xDF, 0xE1, 0x05, 0x70, 0x0B,
    0xFB, 0x01, 0x86, 0x00, 0x00, 0x00, 0xBF, 0xB0, 0x00, 0x00, 0x00, 0x00, 0x0A, 0xFA, 0x00, 0x00, 0x00, 0x00, 0x00, 0x00,
    0x00, 0x00, 0x00, 0x00, 0x00, 0x00, 0x00, 0x00, 0x00, 0x00, 0x00, 0x00, 0x00, 0x00, 0x00, 0x00, 0x00, 0x00, 0x00, 0x00,
    0x00, 0x00, 0x00, 0x00, 0x00, 0x00, 0x00, 0x00, 0x00, 0x00, 0x00, 0x00, 0x00, 0x00, 0x00, 0x00, 0x00, 0x00, 0x00, 0x00,
    0x00, 0x00, 0x00, 0x00, 0x00, 0x00, 0x00, 0x00, 0x00, 0x00, 0x00, 0x00, 0x00, 0x00, 0x00, 0x00, 0x00, 0x00, 0x00, 0x00,
    0x00, 0x00, 0x00, 0x00, 0x00, 0x00, 0x00, 0x00, 0x00, 0x00, 0x00, 0x00, 0x00, 0x00, 0x00, 0x00, 0x00, 0x00, 0x00, 0x00,
    0x00, 0x00, 0x00, 0x00, 0x00, 0x00, 0x00, 0x00, 0x00, 0x00, 0x00, 0x9F, 0xF7, 0x00, 0x00, 0x00, 0x00, 0x00, 0x00, 0xAF,
    0xF8, 0x00, 0x00, 0x00, 0x00, 0x00, 0x00, 0xAF, 0xF8, 0x00, 0x00, 0x00, 0x00, 0x00, 0x00, 0xAF, 0xF8, 0x00, 0x00, 0x00,
    0x00, 0x00, 0x00, 0xAF, 0xF8, 0x00, 0x00, 0x00, 0x0E, 0xFF, 0xFF, 0xFF, 0xFF, 0xFF, 0xFF, 0xC0, 0x0F, 0xFF, 0xFF, 0xFF,
    0xFF, 0xFF, 0xFF, 0xD0, 0x0F, 0xFF, 0xFF, 0xFF, 0xFF, 0xFF, 0xFF, 0xD0, 0x09, 0xAA, 0xAA, 0xEF, 0xFD, 0xAA, 0xAA, 0x70,
    0x00, 0x00, 0x00, 0xAF, 0xF8, 0x00, 0x00, 0x00, 0x00, 0x00, 0x00, 0xAF, 0xF8, 0x00, 0x00, 0x00, 0x00, 0x00, 0x00, 0xAF,
    0xF8, 0x00, 0x00, 0x00, 0x00, 0x00, 0x00, 0xAF, 0xF8, 0x00, 0x00, 0x00, 0x00, 0x00, 0x00, 0x9F, 0xF7, 0x00, 0x00, 0x00,
    0x00, 0x00, 0x00, 0x00, 0x00, 0x00, 0x00, 0x00, 0x00, 0x00, 0x00, 0x00, 0x00, 0x00, 0x00, 0x00, 0x00, 0x00, 0x00, 0x00,
    0x00, 0x00, 0x00, 0x00, 0x00, 0x00, 0x00, 0x00, 0x00, 0x00, 0x00, 0x00, 0x00, 0x00, 0x00, 0x00, 0x00, 0x00, 0x00, 0x00,
    0x00, 0xDF, 0xFB, 0x00, 0x0F, 0xFF, 0x90, 0x02, 0xFF, 0xF5, 0x00, 0x4F, 0xFF, 0x20, 0x05, 0xFF, 0xE0, 0x00, 0x7F, 0xFB,
    0x00, 0x09, 0xFF, 0x70, 0x00, 0xAF, 0xF4, 0x00, 0x0B, 0xFE, 0x10, 0x00, 0x09, 0xAA, 0xAA, 0xAA, 0xAA, 0x60, 0x0F, 0xFF,
    0xFF, 0xFF, 0xFF, 0xB0, 0x0F, 0xFF, 0xFF, 0xFF, 0xFF, 0xB0, 0x0E, 0xFF, 0xFF, 0xFF, 0xFF, 0xA0, 0x00, 0x00, 0x00, 0x00,
    0x00, 0x00, 0x00, 0x00, 0x00, 0x00, 0x00, 0x00, 0x00, 0x00, 0x00, 0x00, 0x00, 0x00, 0x00, 0x00, 0x00, 0x00, 0x00, 0x00,
    0x00, 0x00, 0x00, 0x00, 0x00, 0x00, 0x00, 0x00, 0x00, 0x00, 0x00, 0x00, 0x00, 0x00, 0x00, 0x00, 0x00, 0x00, 0x00, 0x00,
    0x00, 0x00, 0x00, 0x00, 0x00, 0x00, 0x00, 0x00, 0x00, 0x00, 0x00, 0x9E, 0xD5, 0x00, 0x07, 0xFF, 0xFF, 0x20, 0x0A, 0xFF,
    0xFF, 0x40, 0x07, 0xFF, 0xFF, 0x20, 0x00, 0x9E, 0xD5, 0x00, 0x00, 0x00, 0x00, 0x00, 0xDF, 0xFF, 0x30, 0x00, 0x00, 0x00,
    0x03, 0xFF, 0xFE, 0x00, 0x00, 0x00, 0x00, 0x07, 0xFF, 0xFA, 0x00, 0x00, 0x00, 0x00, 0x0C, 0xFF, 0xF6, 0x00, 0x00, 0x00,
    0x00, 0x1F, 0xFF, 0xF2, 0x00, 0x00, 0x00, 0x00, 0x6F, 0xFF, 0xC0, 0x00, 0x00, 0x00, 0x00, 0xAF, 0xFF, 0x80, 0x00, 0x00,
    0x00, 0x00, 0xEF, 0xFF, 0x30, 0x00, 0x00, 0x00, 0x04, 0xFF, 0xFE, 0x00, 0x00, 0x00, 0x00, 0x08, 0xFF, 0xFA, 0x00, 0x00,
    0x00, 0x00, 0x0D, 0xFF, 0xF5, 0x00, 0x00, 0x00, 0x00, 0x2F, 0xFF, 0xF1, 0x00, 0x00, 0x00, 0x00, 0x6F, 0xFF, 0xB0, 0x00,
    0x00, 0x00, 0x00, 0xBF, 0xFF, 0x70, 0x00, 0x00, 0x00, 0x01, 0xFF, 0xFF, 0x20, 0x00, 0x00, 0x00, 0x05, 0xFF, 0xFD, 0x00,
    0x00, 0x00, 0x00, 0x09, 0xFF, 0xF9, 0x00, 0x00, 0x00, 0x00, 0x0D, 0xFF, 0xF4, 0x00, 0x00, 0x00, 0x00, 0x3F, 0xFF, 0xE0,
    0x00, 0x00, 0x00, 0x00, 0x7F, 0xFF, 0xA0, 0x00, 0x00, 0x00, 0x00, 0xCF, 0xFF, 0x60, 0x00, 0x00, 0x00, 0x01, 0xFF, 0xFF,
    0x20, 0x00, 0x00, 0x00, 0x06, 0xFF, 0xFC, 0x00, 0x00, 0x00, 0x00, 0x0A, 0xFF, 0xF8, 0x00, 0x00, 0x00, 0x00, 0x0E, 0xFF,
    0xF3, 0x00, 0x00, 0x00, 0x00, 0x3F, 0xFF, 0xD0, 0x00, 0x00, 0x00, 0x00, 0x00, 0x00, 0x28, 0xCE, 0xED, 0x92, 0x00, 0x00,
    0x00, 0x05, 0xEF, 0xFF, 0xFF, 0xFF, 0x70, 0x00, 0x00, 0x4F, 0xFF, 0xFF, 0xFF, 0xFF, 0xF6, 0x00, 0x00, 0xDF, 0xFF, 0xFB,
    0xBF, 0xFF, 0xFE, 0x10, 0x04, 0xFF, 0xFF, 0x50, 0x03, 0xEF, 0xFF, 0x70, 0x07, 0xFF, 0xFB, 0x00, 0x00, 0x8F, 0xFF, 0xA0,
    0x09, 0xFF, 0xF9, 0x00, 0x00, 0x6F, 0xFF, 0xC0, 0x09, 0xFF, 0xF8, 0x00, 0x00, 0x5F, 0xFF, 0xC0, 0x09, 0xFF, 0xF8, 0x00,
    0x00, 0x5F, 0xFF, 0xC0, 0x09, 0xFF, 0xF8, 0x00, 0x00, 0x5F, 0xFF, 0xC0, 0x09, 0xFF, 0xF8, 0x00, 0x00, 0x5F, 0xFF, 0xC0,
    0x09, 0xFF, 0xF8, 0x00, 0x00, 0x5F, 0xFF, 0xC0, 0x09, 0xFF, 0xF8, 0x00, 0x00, 0x5F, 0xFF, 0xC0, 0x09, 0xFF, 0xF8, 0x00,
    0x00, 0x5F, 0xFF, 0xC0, 0x09, 0xFF, 0xF8, 0x00, 0x00, 0x5F, 0xFF, 0xC0, 0x09, 0xFF, 0xF8, 0x00, 0x00, 0x5F, 0xFF, 0xC0,
    0x09, 0xFF, 0xF8, 0x00, 0x00, 0x5F, 0xFF, 0xC0, 0x09, 0xFF, 0xF8, 0x00, 0x00, 0x5F, 0xFF, 0xC0, 0x09, 0xFF, 0xF8, 0x00,
    0x00, 0x5F, 0xFF, 0xC0, 0x09, 0xFF, 0xF9, 0x00, 0x00, 0x6F, 0xFF, 0xC0, 0x07, 0xFF, 0xFB, 0x00, 0x00, 0x8F, 0xFF, 0xA0,
    0x04, 0xFF, 0xFF, 0x50, 0x03, 0xEF, 0xFF, 0x70, 0x00, 0xDF, 0xFF, 0xFB, 0xBF, 0xFF, 0xFE, 0x10, 0x00, 0x4F, 0xFF, 0xFF,
    0xFF, 0xFF, 0xF6, 0x00, 0x00, 0x05, 0xEF, 0xFF, 0xFF, 0xFF, 0x70, 0x00, 0x00, 0x00, 0x28, 0xDE, 0xFD, 0x93, 0x00, 0x00,
    0x00, 0x4B, 0xFF, 0xFF, 0x30, 0x4C, 0xFF, 0xFF, 0xFF, 0x40, 0x9F, 0xFF, 0xFF, 0xFF, 0x40, 0x9F, 0xFF, 0xFF, 0xFF, 0x40,
    0x8E, 0xB8, 0xEF, 0xFF, 0x40, 0x00, 0x00, 0xDF, 0xFF, 0x40, 0x00, 0x00, 0xDF, 0xFF, 0x40, 0x00, 0x00, 0xDF, 0xFF, 0x40,
    0x00, 0x00, 0xDF, 0xFF, 0x40, 0x00, 0x00, 0xDF, 0xFF, 0x40, 0x00, 0x00, 0xDF, 0xFF, 0x40, 0x00, 0x00, 0xDF, 0xFF, 0x40,
    0x00, 0x00, 0xDF, 0xFF, 0x40, 0x00, 0x00, 0xDF, 0xFF, 0x40, 0x00, 0x00, 0xDF, 0xFF, 0x40, 0x00, 0x00, 0xDF, 0xFF, 0x40,
    0x00, 0x00, 0xDF, 0xFF, 0x40, 0x00, 0x00, 0xDF, 0xFF, 0x40, 0x00, 0x00, 0xDF, 0xFF, 0x40, 0x00, 0x00, 0xDF, 0xFF, 0x40,
    0x00, 0x00, 0xDF, 0xFF, 0x40, 0x00, 0x00, 0xDF, 0xFF, 0x40, 0x00, 0x00, 0xDF, 0xFF, 0x40, 0x00, 0x00, 0xDF, 0xFF, 0x40,
    0x00, 0x00, 0xDF, 0xFF, 0x40, 0x00, 0x00, 0xDF, 0xFF, 0x30, 0x00, 0x00, 0x4A, 0xDF, 0xEB, 0x60, 0x00, 0x00, 0x00, 0x9F,
    0xFF, 0xFF, 0xFF, 0xC1, 0x00, 0x00, 0x9F, 0xFF, 0xFF, 0xFF, 0xFF, 0xB0, 0x00, 0x3F, 0xFF, 0xFE, 0xAD, 0xFF, 0xFF, 0x50,
    0x09, 0xFF, 0xFD, 0x10, 0x1C, 0xFF, 0xFB, 0x00, 0xCF, 0xFF, 0x70, 0x00, 0x6F, 0xFF, 0xE0, 0x0E, 0xFF, 0xF5, 0x00, 0x03,
    0xFF, 0xFF, 0x00, 0xEF, 0xFF, 0x40, 0x00, 0x4F, 0xFF, 0xF0, 0x07, 0x88, 0x82, 0x00, 0x07, 0xFF, 0xFE, 0x00, 0x00, 0x00,
    0x00, 0x00, 0xBF, 0xFF, 0xA0, 0x00, 0x00, 0x00, 0x00, 0x2F, 0xFF, 0xF6, 0x00, 0x00, 0x00, 0x00, 0x0A, 0xFF, 0xFE, 0x10,
    0x00, 0x00, 0x00, 0x03, 0xFF, 0xFF, 0x80, 0x00, 0x00, 0x00, 0x00, 0xCF, 0xFF, 0xE1, 0x00, 0x00, 0x00, 0x00, 0x6F, 0xFF,
    0xF6, 0x00, 0x00, 0x00, 0x00, 0x2E, 0xFF, 0xFB, 0x00, 0x00, 0x00, 0x00, 0x0B, 0xFF, 0xFE, 0x20, 0x00, 0x00, 0x00, 0x07,
    0xFF, 0xFF, 0x60, 0x00, 0x00, 0x00, 0x03, 0xFF, 0xFF, 0xB0, 0x00, 0x00, 0x00, 0x00, 0xDF, 0xFF, 0xE1, 0x00, 0x00, 0x00,
    0x00, 0x9F, 0xFF, 0xF4, 0x00, 0x00, 0x00, 0x00, 0x4F, 0xFF, 0xF9, 0x00, 0x00, 0x00, 0x00, 0x0C, 0xFF, 0xFF, 0xAA, 0xAA,
    0xAA, 0xAA, 0x40, 0xDF, 0xFF, 0xFF, 0xFF, 0xFF, 0xFF, 0xF8, 0x0D, 0xFF, 0xFF, 0xFF, 0xFF, 0xFF, 0xFF, 0x80, 0xDF, 0xFF,
    0xFF, 0xFF, 0xFF, 0xFF, 0xF7, 0x09, 0xFF, 0xFF, 0xFF, 0xFF, 0xFF, 0xFC, 0x00, 0xAF, 0xFF, 0xFF, 0xFF, 0xFF, 0xFF, 0xD0,
    0x0A, 0xFF, 0xFF, 0xFF, 0xFF, 0xFF, 0xFD, 0x00, 0x6A, 0xAA, 0xAA, 0xAB, 0xFF, 0xFF, 0xC0, 0x00, 0x00, 0x00, 0x00, 0xBF,
    0xFF, 0xF4, 0x00, 0x00, 0x00, 0x00, 0x6F, 0xFF, 0xF8, 0x00, 0x00, 0x00, 0x00, 0x3F, 0xFF, 0xFC, 0x00, 0x00, 0x00, 0x00,
    0x0C, 0xFF, 0xFE, 0x20, 0x00, 0x00, 0x00, 0x09, 0xFF, 0xFF, 0x60, 0x00, 0x00, 0x00, 0x05, 0xFF, 0xFF, 0xB0, 0x00, 0x00,
    0x00, 0x00, 0xBF, 0xFF, 0xFF, 0xD5, 0x00, 0x00, 0x00, 0x02, 0xDF, 0xFF, 0xFF, 0xF4, 0x00, 0x00, 0x00, 0x02, 0x83, 0x7F,
    0xFF, 0xD1, 0x00, 0x00, 0x00, 0x00, 0x00, 0x9F, 0xFF, 0x50, 0x00, 0x00, 0x00, 0x00, 0x04, 0xFF, 0xF9, 0x00, 0x00, 0x00,
    0x00, 0x00, 0x2F, 0xFF, 0xC0, 0x00, 0x00, 0x00, 0x00, 0x01, 0xFF, 0xFD, 0x00, 0x45, 0x55, 0x00, 0x00, 0x1F, 0xFF, 0xE0,
    0x0F, 0xFF, 0xF3, 0x00, 0x01, 0xFF, 0xFE, 0x00, 0xEF, 0xFF, 0x40, 0x00, 0x3F, 0xFF, 0xD0, 0x0C, 0xFF, 0xF7, 0x00, 0x05,
    0xFF, 0xFB, 0x00, 0xAF, 0xFF, 0xD1, 0x00, 0xCF, 0xFF, 0x80, 0x05, 0xFF, 0xFF, 0xEA, 0xDF, 0xFF, 0xF3, 0x00, 0x0C, 0xFF,
    0xFF, 0xFF, 0xFF, 0xFA, 0x00, 0x00, 0x1C, 0xFF, 0xFF, 0xFF, 0xFC, 0x10, 0x00, 0x00, 0x06, 0xBE, 0xFE, 0xB6, 0x00, 0x00,
    0x00, 0x00, 0x05, 0xFF, 0xFF, 0x10, 0x00, 0x00, 0x00, 0x00, 0x00, 0xAF, 0xFF, 0xC0, 0x00, 0x00, 0x00, 0x00, 0x00, 0x1F,
    0xFF, 0xF7, 0x00, 0x00, 0x00, 0x00, 0x00, 0x05, 0xFF, 0xFF, 0x30, 0x00, 0x00, 0x00, 0x00, 0x00, 0xAF, 0xFF, 0xD0, 0x00,
    0x00, 0x00, 0x00, 0x00, 0x1E, 0xFF, 0xF8, 0x00, 0x00, 0x00, 0x00, 0x00, 0x05, 0xFF, 0xFF, 0x30, 0x00, 0x00, 0x00, 0x00,
    0x00, 0xAF, 0xFF, 0xE0, 0x00, 0x00, 0x00, 0x00, 0x00, 0x0E, 0xFF, 0xF9, 0x00, 0x00, 0x00, 0x00, 0x00, 0x05, 0xFF, 0xFF,
    0x40, 0x00, 0x00, 0x00, 0x00, 0x00, 0xAF, 0xFF, 0xE0, 0x00, 0xDF, 0xFF, 0x30, 0x00, 0x0E, 0xFF, 0xFA, 0x00, 0x0E, 0xFF,
    0xF4, 0x00, 0x04, 0xFF, 0xFF, 0x50, 0x00, 0xEF, 0xFF, 0x40, 0x00, 0x9F, 0xFF, 0xF1, 0x00, 0x0E, 0xFF, 0xF4, 0x00, 0x0E,
    0xFF, 0xFB, 0x00, 0x00, 0xEF, 0xFF, 0x40, 0x04, 0xFF, 0xFF, 0xDA, 0xAA, 0xAF, 0xFF, 0xFB, 0x80, 0x6F, 0xFF, 0xFF, 0xFF,
    0xFF, 0xFF, 0xFF, 0xFE, 0x06, 0xFF, 0xFF, 0xFF, 0xFF, 0xFF, 0xFF, 0xFF, 0xE0, 0x5F, 0xFF, 0xFF, 0xFF, 0xFF, 0xFF, 0xFF,
    0xFE, 0x00, 0x00, 0x00, 0x00, 0x00, 0x0E, 0xFF, 0xF4, 0x00, 0x00, 0x00, 0x00, 0x00, 0x00, 0xEF, 0xFF, 0x40, 0x00, 0x00,
    0x00, 0x00, 0x00, 0x0E, 0xFF, 0xF4, 0x00, 0x00, 0x00, 0x00, 0x00, 0x00, 0xEF, 0xFF, 0x40, 0x00, 0x00, 0x00, 0x00, 0x00,
    0x0E, 0xFF, 0xF4, 0x00, 0x00, 0x00, 0x00, 0x00, 0x00, 0xEF, 0xFF, 0x40, 0x00, 0x00, 0x00, 0x00, 0x00, 0x0D, 0xFF, 0xF3,
    0x00, 0x08, 0xFF, 0xFF, 0xFF, 0xFF, 0xFF, 0xFE, 0x00, 0x9F, 0xFF, 0xFF, 0xFF, 0xFF, 0xFF, 0xF0, 0x09, 0xFF, 0xFF, 0xFF,
    0xFF, 0xFF, 0xFF, 0x00, 0x9F, 0xFF, 0xDA, 0xAA, 0xAA, 0xAA, 0x90, 0x09, 0xFF, 0xF9, 0x00, 0x00, 0x00, 0x00, 0x00, 0x9F,
    0xFF, 0x90, 0x00, 0x00, 0x00, 0x00, 0x09, 0xFF, 0xF9, 0x00, 0x00, 0x00, 0x00, 0x00, 0x9F, 0xFF, 0x90, 0x00, 0x00, 0x00,
    0x00, 0x09, 0xFF, 0xF9, 0x00, 0x00, 0x00, 0x00, 0x00, 0x9F, 0xFF, 0x90, 0x00, 0x00, 0x00, 0x00, 0x09, 0xFF, 0xF9, 0x3A,
    0xEF, 0xC6, 0x00, 0x00, 0x9F, 0xFF, 0xCE, 0xFF, 0xFF, 0xFA, 0x00, 0x09, 0xFF, 0xFF, 0xFF, 0xFF, 0xFF, 0xF6, 0x00, 0x9F,
    0xFF, 0xFE, 0xAC, 0xFF, 0xFF, 0xC0, 0x09, 0xFF, 0xFE, 0x20, 0x07, 0xFF, 0xFF, 0x10, 0x5A, 0xAA, 0x60, 0x00, 0x1F, 0xFF,
    0xF3, 0x00, 0x00, 0x00, 0x00, 0x00, 0xDF, 0xFF, 0x50, 0x00, 0x00, 0x00, 0x00, 0x0C, 0xFF, 0xF6, 0x00, 0x00, 0x00, 0x00,
    0x00, 0xCF, 0xFF, 0x60, 0x7E, 0xEE, 0x90, 0x00, 0x0D, 0xFF, 0xF5, 0x07, 0xFF, 0xFD, 0x00, 0x01, 0xFF, 0xFF, 0x40, 0x4F,
    0xFF, 0xF4, 0x00, 0x7F, 0xFF, 0xF1, 0x00, 0xEF, 0xFF, 0xFB, 0xCF, 0xFF, 0xFC, 0x00, 0x06, 0xFF, 0xFF, 0xFF, 0xFF, 0xFF,
    0x40, 0x00, 0x08, 0xFF, 0xFF, 0xFF, 0xFF, 0x60, 0x00, 0x00, 0x04, 0xAD, 0xFE, 0xD9, 0x20, 0x00, 0x00, 0x00, 0x39, 0xDF,
    0xEC, 0x71, 0x00, 0x00, 0x00, 0x8F, 0xFF, 0xFF, 0xFF, 0xD3, 0x00, 0x00, 0x7F, 0xFF, 0xFF, 0xFF, 0xFF, 0xD1, 0x00, 0x1E,
    0xFF, 0xFF, 0xBC, 0xFF, 0xFF, 0x80, 0x05, 0xFF, 0xFF, 0x40, 0x0B, 0xFF, 0xFD, 0x00, 0x8F, 0xFF, 0xC0, 0x00, 0x4F, 0xFF,
    0xF0, 0x09, 0xFF, 0xF9, 0x00, 0x02, 0xFF, 0xFF, 0x10, 0x9F, 0xFF, 0x90, 0x00, 0x09, 0x99, 0x90, 0x09, 0xFF, 0xF9, 0x00,
    0x00, 0x00, 0x00, 0x00, 0x9F, 0xFF, 0x92, 0x89, 0x84, 0x00, 0x00, 0x09, 0xFF, 0xFD, 0xEF, 0xFF, 0xFC, 0x10, 0x00, 0x9F,
    0xFF, 0xFF, 0xFF, 0xFF, 0xFC, 0x10, 0x09, 0xFF, 0xFF, 0xFF, 0xFF, 0xFF, 0xF7, 0x00, 0x9F, 0xFF, 0xF9, 0x12, 0xBF, 0xFF,
    0xD0, 0x09, 0xFF, 0xFE, 0x00, 0x02, 0xFF, 0xFF, 0x20, 0x9F, 0xFF, 0xB0, 0x00, 0x0E, 0xFF, 0xF4, 0x09, 0xFF, 0xFA, 0x00,
    0x00, 0xDF, 0xFF, 0x50, 0x9F, 0xFF, 0x90, 0x00, 0x0C, 0xFF, 0xF6, 0x08, 0xFF, 0xF9, 0x00, 0x00, 0xCF, 0xFF, 0x60, 0x7F,
    0xFF, 0xA0, 0x00, 0x0D, 0xFF, 0xF6, 0x05, 0xFF, 0xFD, 0x00, 0x01, 0xFF, 0xFF, 0x50, 0x2F, 0xFF, 0xF5, 0x00, 0x8F, 0xFF,
    0xF2, 0x00, 0xCF, 0xFF, 0xFB, 0xCF, 0xFF, 0xFD, 0x00, 0x04, 0xFF, 0xFF, 0xFF, 0xFF, 0xFF, 0x40, 0x00, 0x07, 0xFF, 0xFF,
    0xFF, 0xFF, 0x60, 0x00, 0x00, 0x03, 0x9D, 0xFF, 0xD9, 0x20, 0x00, 0x5F, 0xFF, 0xFF, 0xFF, 0xFF, 0xFF, 0xF9, 0x6F, 0xFF,
    0xFF, 0xFF, 0xFF, 0xFF, 0xFA, 0x6F, 0xFF, 0xFF, 0xFF, 0xFF, 0xFF, 0xFA, 0x6F, 0xFF, 0xAA, 0xAA, 0xAE, 0xFF, 0xFA, 0x6F,
    0xFF, 0x00, 0x00, 0x0E, 0xFF, 0xF7, 0x39, 0x99, 0x00, 0x00, 0x4F, 0xFF, 0xF2, 0x00, 0x00, 0x00, 0x00, 0x8F, 0xFF, 0xD0,
    0x00, 0x00, 0x00, 0x00, 0xCF, 0xFF, 0x90, 0x00, 0x00, 0x00, 0x01, 0xFF, 0xFF, 0x50, 0x00, 0x00, 0x00, 0x05, 0xFF, 0xFF,
    0x10, 0x00, 0x00, 0x00, 0x0A, 0xFF, 0xFC, 0x00, 0x00, 0x00, 0x00, 0x0E, 0xFF, 0xF8, 0x00, 0x00, 0x00, 0x00, 0x3F, 0xFF,
    0xF3, 0x00, 0x00, 0x00, 0x00, 0x7F, 0xFF, 0xE0, 0x00, 0x00, 0x00, 0x00, 0xBF, 0xFF, 0xA0, 0x00, 0x00, 0x00, 0x01, 0xFF,
    0xFF, 0x60, 0x00, 0x00, 0x00, 0x04, 0xFF, 0xFF, 0x20, 0x00, 0x00, 0x00, 0x08, 0xFF, 0xFD, 0x00, 0x00, 0x00, 0x00, 0x0D,
    0xFF, 0xF8, 0x00, 0x00, 0x00, 0x00, 0x2F, 0xFF, 0xF4, 0x00, 0x00, 0x00, 0x00, 0x6F, 0xFF, 0xF1, 0x00, 0x00, 0x00, 0x00,
    0xAF, 0xFF, 0xB0, 0x00, 0x00, 0x00, 0x00, 0xEF, 0xFF, 0x70, 0x00, 0x00, 0x00, 0x03, 0xFF, 0xFF, 0x30, 0x00, 0x00, 0x00,
    0x07, 0xFF, 0xFE, 0x00, 0x00, 0x00, 0x00, 0x0A, 0xFF, 0xF9, 0x00, 0x00, 0x00, 0x00, 0x00, 0x39, 0xDE, 0xEC, 0x61, 0x00,
    0x00, 0x00, 0x08, 0xFF, 0xFF, 0xFF, 0xFD, 0x20, 0x00, 0x00, 0x6F, 0xFF, 0xFF, 0xFF, 0xFF, 0xD1, 0x00, 0x01, 0xEF, 0xFF,
    0xFA, 0xCF, 0xFF, 0xF8, 0x00, 0x05, 0xFF, 0xFF, 0x40, 0x09, 0xFF, 0xFD, 0x00, 0x08, 0xFF, 0xFB, 0x00, 0x02, 0xFF, 0xFF,
    0x20, 0x09, 0xFF, 0xF8, 0x00, 0x00, 0xEF, 0xFF, 0x30, 0x08, 0xFF, 0xF8, 0x00, 0x00, 0xEF, 0xFF, 0x30, 0x06, 0xFF, 0xFB,
    0x00, 0x02, 0xFF, 0xFF, 0x10, 0x02, 0xFF, 0xFF, 0x30, 0x09, 0xFF, 0xFC, 0x00, 0x00, 0xAF, 0xFF, 0xFA, 0xCF, 0xFF, 0xF5,
    0x00, 0x00, 0x1B, 0xFF, 0xFF, 0xFF, 0xFF, 0x90, 0x00, 0x00, 0x05, 0xFF, 0xFF, 0xFF, 0xFD, 0x00, 0x00, 0x00, 0x5F, 0xFF,
    0xFF, 0xFF, 0xFF, 0xB0, 0x00, 0x00, 0xDF, 0xFF, 0x91, 0x3D, 0xFF, 0xF6, 0x00, 0x03, 0xFF, 0xFE, 0x00, 0x05, 0xFF, 0xFB,
    0x00, 0x07, 0xFF, 0xFA, 0x00, 0x01, 0xFF, 0xFF, 0x10, 0x08, 0xFF, 0xF8, 0x00, 0x00, 0xEF, 0xFF, 0x20, 0x09, 0xFF, 0xF8,
    0x00, 0x00, 0xEF, 0xFF, 0x30, 0x08, 0xFF, 0xF9, 0x00, 0x00, 0xFF, 0xFF, 0x30, 0x06, 0xFF, 0xFC, 0x00, 0x03, 0xFF, 0xFF,
    0x10, 0x02, 0xFF, 0xFF, 0x40, 0x0A, 0xFF, 0xFC, 0x00, 0x00, 0xBF, 0xFF, 0xFB, 0xCF, 0xFF, 0xF5, 0x00, 0x00, 0x3F, 0xFF,
    0xFF, 0xFF, 0xFF, 0xB0, 0x00, 0x00, 0x04, 0xFF, 0xFF, 0xFF, 0xFC, 0x10, 0x00, 0x00, 0x00, 0x29, 0xDF, 0xEC, 0x60, 0x00,
    0x00, 0x00, 0x01, 0x7C, 0xEF, 0xEA, 0x40, 0x00, 0x00, 0x04, 0xEF, 0xFF, 0xFF, 0xFF, 0x90, 0x00, 0x02, 0xEF, 0xFF, 0xFF,
    0xFF, 0xFF, 0x80, 0x00, 0x9F, 0xFF, 0xFD, 0xAE, 0xFF, 0xFF, 0x10, 0x0E, 0xFF, 0xFB, 0x00, 0x2E, 0xFF, 0xF6, 0x01, 0xFF,
    0xFF, 0x40, 0x00, 0xAF, 0xFF, 0x90, 0x2F, 0xFF, 0xF1, 0x00, 0x07, 0xFF, 0xFA, 0x03, 0xFF, 0xFF, 0x10, 0x00, 0x7F, 0xFF,
    0xB0, 0x3F, 0xFF, 0xF1, 0x00, 0x06, 0xFF, 0xFC, 0x02, 0xFF, 0xFF, 0x20, 0x00, 0x7F, 0xFF, 0xC0, 0x1F, 0xFF, 0xF3, 0x00,
    0x08, 0xFF, 0xFC, 0x00, 0xEF, 0xFF, 0x60, 0x00, 0xBF, 0xFF, 0xC0, 0x0A, 0xFF, 0xFE, 0x31, 0x6F, 0xFF, 0xFC, 0x00, 0x4F,
    0xFF, 0xFF, 0xFF, 0xFF, 0xFF, 0xC0, 0x00, 0xAF, 0xFF, 0xFF, 0xFF, 0xFF, 0xFC, 0x00, 0x00, 0x9F, 0xFF, 0xFF, 0xCF, 0xFF,
    0xC0, 0x00, 0x00, 0x37, 0x98, 0x36, 0xFF, 0xFC, 0x00, 0x00, 0x00, 0x00, 0x00, 0x6F, 0xFF, 0xC0, 0x07, 0x99, 0x92, 0x00,
    0x06, 0xFF, 0xFC, 0x00, 0xDF, 0xFF, 0x50, 0x00, 0x6F, 0xFF, 0xC0, 0x0C, 0xFF, 0xF7, 0x00, 0x08, 0xFF, 0xFB, 0x00, 0x9F,
    0xFF, 0xD1, 0x02, 0xEF, 0xFF, 0x90, 0x05, 0xFF, 0xFF, 0xDB, 0xEF, 0xFF, 0xF4, 0x00, 0x0B, 0xFF, 0xFF, 0xFF, 0xFF, 0xFA,
    0x00, 0x00, 0x1C, 0xFF, 0xFF, 0xFF, 0xFB, 0x10, 0x00, 0x00, 0x06, 0xBE, 0xFE, 0xA5, 0x00, 0x00, 0x00, 0x2B, 0xEC, 0x30,
    0x00, 0x0B, 0xFF, 0xFD, 0x00, 0x00, 0xEF, 0xFF, 0xF1, 0x00, 0x0B, 0xFF, 0xFD, 0x00, 0x00, 0x2B, 0xEC, 0x30, 0x00, 0x00,
    0x00, 0x00, 0x00, 0x00, 0x00, 0x00, 0x00, 0x00, 0x00, 0x00, 0x00, 0x00, 0x00, 0x00, 0x00, 0x00, 0x00, 0x00, 0x00, 0x00,
    0x00, 0x00, 0x00, 0x00, 0x00, 0x00, 0x00, 0x00, 0x00, 0x00, 0x00, 0x2B, 0xEC, 0x30, 0x00, 0x0B, 0xFF, 0xFD, 0x00, 0x00,
    0xEF, 0xFF, 0xF1, 0x00, 0x0B, 0xFF, 0xFD, 0x00, 0x00, 0x2B, 0xEC, 0x30, 0x00, 0x00, 0x7E, 0xD5, 0x00, 0x05, 0xFF, 0xFF,
    0x30, 0x0A, 0xFF, 0xFF, 0x80, 0x0A, 0xFF, 0xFF, 0x80, 0x05, 0xFF, 0xFF, 0x30, 0x00, 0x7E, 0xD6, 0x00, 0x00, 0x00, 0x00,
    0x00, 0x00, 0x00, 0x00, 0x00, 0x00, 0x00, 0x00, 0x00, 0x00, 0x00, 0x00, 0x00, 0x00, 0x00, 0x00, 0x00, 0x00, 0x00, 0x00,
    0x00, 0x00, 0xDF, 0xFC, 0x00, 0x00, 0xFF, 0xF9, 0x00, 0x01, 0xFF, 0xF7, 0x00, 0x02, 0xFF, 0xF4, 0x00, 0x03, 0xFF, 0xF1,
    0x00, 0x05, 0xFF, 0xD0, 0x00, 0x06, 0xFF, 0xA0, 0x00, 0x07, 0xFF, 0x70, 0x00, 0x08, 0xFF, 0x40, 0x00, 0x00, 0x00, 0x00,
    0x00, 0x00, 0x00, 0x00, 0x40, 0x00, 0x00, 0x00, 0x00, 0x00, 0x01, 0x7D, 0xD0, 0x00, 0x00, 0x00, 0x00, 0x01, 0x8E, 0xFF,
    0xD0, 0x00, 0x00, 0x00, 0x02, 0x8E, 0xFF, 0xFF, 0xD0, 0x00, 0x00, 0x02, 0x9F, 0xFF, 0xFF, 0xFE, 0x80, 0x00, 0x03, 0xAF,
    0xFF, 0xFF, 0xFD, 0x71, 0x00, 0x04, 0xBF, 0xFF, 0xFF, 0xFC, 0x50, 0x00, 0x00, 0x0F, 0xFF, 0xFF, 0xFA, 0x30, 0x00, 0x00,
    0x00, 0x0F, 0xFF, 0xF9, 0x20, 0x00, 0x00, 0x00, 0x00, 0x0F, 0xFF, 0xFE, 0x82, 0x00, 0x00, 0x00, 0x00, 0x0C, 0xFF, 0xFF,
    0xFF, 0xA3, 0x00, 0x00, 0x00, 0x00, 0x5C, 0xFF, 0xFF, 0xFF, 0xC5, 0x00, 0x00, 0x00, 0x00, 0x4B, 0xFF, 0xFF, 0xFF, 0xD7,
    0x10, 0x00, 0x00, 0x00, 0x3A, 0xFF, 0xFF, 0xFF, 0xC0, 0x00, 0x00, 0x00, 0x00, 0x29, 0xFF, 0xFF, 0xD0, 0x00, 0x00, 0x00,
    0x00, 0x00, 0x18, 0xEF, 0xD0, 0x00, 0x00, 0x00, 0x00, 0x00, 0x00, 0x17, 0xB0, 0x00, 0x00, 0x00, 0x00, 0x00, 0x00, 0x00,
    0x00, 0x00, 0x00, 0x00, 0x00, 0x00, 0x00, 0x00, 0x00, 0x0E, 0xFF, 0xFF, 0xFF, 0xFF, 0xFF, 0xFF, 0xC0, 0x0F, 0xFF, 0xFF,
    0xFF, 0xFF, 0xFF, 0xFF, 0xD0, 0x0E, 0xFF, 0xFF, 0xFF, 0xFF, 0xFF, 0xFF, 0xC0, 0x00, 0x00, 0x00, 0x00, 0x00, 0x00, 0x00,
    0x00, 0x00, 0x00, 0x00, 0x00, 0x00, 0x00, 0x00, 0x00, 0x00, 0x00, 0x00, 0x00, 0x00, 0x00, 0x00, 0x00, 0x00, 0x00, 0x00,
    0x00, 0x00, 0x00, 0x00, 0x00, 0x0E, 0xFF, 0xFF, 0xFF, 0xFF, 0xFF, 0xFF, 0xC0, 0x0F, 0xFF, 0xFF, 0xFF, 0xFF, 0xFF, 0xFF,
    0xD0, 0x0E, 0xFF, 0xFF, 0xFF, 0xFF, 0xFF, 0xFF, 0xC0, 0x00, 0x00, 0x00, 0x00, 0x00, 0x00, 0x00, 0x00, 0x00, 0x00, 0x00,
    0x00, 0x00, 0x00, 0x00, 0x00, 0x00, 0x00, 0x00, 0x00, 0x00, 0x00, 0x00, 0x00, 0x00, 0x00, 0x00, 0x00, 0x00, 0x00, 0x00,
    0x00, 0x00, 0x00, 0x00, 0x00, 0x00, 0x00, 0x00, 0x00, 0x00, 0x00, 0x00, 0x00, 0x00, 0x00, 0x00, 0x00, 0x00, 0x00, 0x00,
    0x00, 0x00, 0x00, 0x00, 0x00, 0x04, 0x00, 0x00, 0x00, 0x00, 0x00, 0x00, 0x00, 0x0F, 0xD6, 0x00, 0x00, 0x00, 0x00, 0x00,
    0x00, 0x0F, 0xFF, 0xD6, 0x10, 0x00, 0x00, 0x00, 0x00, 0x0F, 0xFF, 0xFF, 0xE7, 0x10, 0x00, 0x00, 0x00, 0x09, 0xFF, 0xFF,
    0xFF, 0xE8, 0x20, 0x00, 0x00, 0x00, 0x28, 0xEF, 0xFF, 0xFF, 0xF9, 0x20, 0x00, 0x00, 0x00, 0x16, 0xDF, 0xFF, 0xFF, 0xFA,
    0x30, 0x00, 0x00, 0x00, 0x04, 0xBF, 0xFF, 0xFF, 0xD0, 0x00, 0x00, 0x00, 0x00, 0x03, 0xBF, 0xFF, 0xD0, 0x00, 0x00, 0x00,
    0x00, 0x39, 0xFF, 0xFF, 0xD0, 0x00, 0x00, 0x00, 0x4B, 0xFF, 0xFF, 0xFF, 0xA0, 0x00, 0x01, 0x6D, 0xFF, 0xFF, 0xFF, 0xB4,
    0x00, 0x02, 0x8E, 0xFF, 0xFF, 0xFF, 0xA3, 0x00, 0x00, 0x0F, 0xFF, 0xFF, 0xFE, 0x92, 0x00, 0x00, 0x00, 0x0F, 0xFF, 0xFE,
    0x81, 0x00, 0x00, 0x00, 0x00, 0x0F, 0xFD, 0x71, 0x00, 0x00, 0x00, 0x00, 0x00, 0x0C, 0x60, 0x00, 0x00, 0x00, 0x00, 0x00,
    0x00, 0x00, 0x00, 0x00, 0x00, 0x00, 0x00, 0x00, 0x00, 0x00, 0x00, 0x00, 0x00, 0x00, 0x00, 0x00, 0x00, 0x00, 0x00, 0x4A,
    0xDF, 0xEB, 0x60, 0x00, 0x00, 0x01, 0xAF, 0xFF, 0xFF, 0xFF, 0xC1, 0x00, 0x00, 0xBF, 0xFF, 0xFF, 0xFF, 0xFF, 0xB0, 0x00,
    0x6F, 0xFF, 0xFD, 0xAE, 0xFF, 0xFF, 0x50, 0x0C, 0xFF, 0xFB, 0x00, 0x1D, 0xFF, 0xFB, 0x01, 0xFF, 0xFF, 0x30, 0x00, 0x5F,
    0xFF, 0xE0, 0x3F, 0xFF, 0xF0, 0x00, 0x03, 0xFF, 0xFF, 0x13, 0xFF, 0xFE, 0x00, 0x00, 0x3F, 0xFF, 0xF1, 0x02, 0x22, 0x10,
    0x00, 0x07, 0xFF, 0xFE, 0x00, 0x00, 0x00, 0x00, 0x02, 0xEF, 0xFF, 0xA0, 0x00, 0x00, 0x00, 0x01, 0xDF, 0xFF, 0xF4, 0x00,
    0x00, 0x00, 0x01, 0xCF, 0xFF, 0xFA, 0x00, 0x00, 0x00, 0x00, 0xCF, 0xFF, 0xFB, 0x10, 0x00, 0x00, 0x00, 0x7F, 0xFF, 0xFB,
    0x10, 0x00, 0x00, 0x00, 0x0D, 0xFF, 0xFC, 0x10, 0x00, 0x00, 0x00, 0x01, 0xFF, 0xFF, 0x40, 0x00, 0x00, 0x00, 0x00, 0x2F,
    0xFF, 0xF1, 0x00, 0x00, 0x00, 0x00, 0x02, 0xFF, 0xFF, 0x00, 0x00, 0x00, 0x00, 0x00, 0x03, 0x44, 0x30, 0x00, 0x00, 0x00,
    0x00, 0x00, 0x00, 0x00, 0x00, 0x00, 0x00, 0x00, 0x00, 0x00, 0x00, 0x00, 0x00, 0x00, 0x00, 0x00, 0x00, 0x8E, 0xE7, 0x00,
    0x00, 0x00, 0x00, 0x00, 0x5F, 0xFF, 0xF4, 0x00, 0x00, 0x00, 0x00, 0x08, 0xFF, 0xFF, 0x70, 0x00, 0x00, 0x00, 0x00, 0x5F,
    0xFF, 0xF4, 0x00, 0x00, 0x00, 0x00, 0x00, 0x8E, 0xE7, 0x00, 0x00, 0x00, 0x00, 0x00, 0x00, 0x00, 0x00, 0x27, 0xAD, 0xEF,
    0xEC, 0x94, 0x00, 0x00, 0x00, 0x00, 0x00, 0x00, 0x00, 0x02, 0xAF, 0xFF, 0xFF, 0xFF, 0xFF, 0xFD, 0x50, 0x00, 0x00, 0x00,
    0x00, 0x00, 0x07, 0xEF, 0xFF, 0xFE, 0xDE, 0xFF, 0xFF, 0xFF, 0x90, 0x00, 0x00, 0x00, 0x00, 0x0A, 0xFF, 0xFE, 0x73, 0x00,
    0x00, 0x38, 0xEF, 0xFF, 0x90, 0x00, 0x00, 0x00, 0x0A, 0xFF, 0xF8, 0x10, 0x00, 0x00, 0x00, 0x02, 0xBF, 0xFF, 0x60, 0x00,
    0x00, 0x07, 0xFF, 0xF5, 0x00, 0x00, 0x00, 0x00, 0x00, 0x00, 0xBF, 0xFE, 0x10, 0x00, 0x03, 0xFF, 0xF5, 0x00, 0x00, 0x11,
    0x01, 0x22, 0x00, 0x01, 0xEF, 0xF6, 0x00, 0x00, 0xBF, 0xF8, 0x00, 0x04, 0xCF, 0xFC, 0xBF, 0xF4, 0x00, 0x08, 0xFF, 0xA0,
    0x00, 0x3F, 0xFD, 0x10, 0x03, 0xEF, 0xFF, 0xFF, 0xFF, 0x20, 0x00, 0x4F, 0xFD, 0x00, 0x0A, 0xFF, 0x60, 0x00, 0xAF, 0xF8,
    0x16, 0xFF, 0xF0, 0x00, 0x02, 0xFF, 0xE0, 0x00, 0xEF, 0xF1, 0x00, 0x0E, 0xFD, 0x00, 0x1F, 0xFD, 0x00, 0x00, 0x1F, 0xFE,
    0x00, 0x3F, 0xFB, 0x00, 0x02, 0xFF, 0xB0, 0x02, 0xFF, 0xA0, 0x00, 0x02, 0xFF, 0xE0, 0x06, 0xFF, 0x80, 0x00, 0x4F, 0xF8,
    0x00, 0x4F, 0xF8, 0x00, 0x00, 0x5F, 0xFC, 0x00, 0x8F, 0xF6, 0x00, 0x06, 0xFF, 0x60, 0x06, 0xFF, 0x60, 0x00, 0x09, 0xFF,
    0x80, 0x09, 0xFF, 0x50, 0x00, 0x8F, 0xF4, 0x00, 0x7F, 0xF7, 0x00, 0x01, 0xEF, 0xF4, 0x00, 0x9F, 0xF5, 0x00, 0x09, 0xFF,
    0x40, 0x0A, 0xFF, 0xC1, 0x01, 0xBF, 0xFC, 0x00, 0x08, 0xFF, 0x60, 0x00, 0x7F, 0xFA, 0x15, 0xFF, 0xFF, 0xEB, 0xEF, 0xFF,
    0x30, 0x00, 0x6F, 0xF9, 0x00, 0x02, 0xEF, 0xFF, 0xFF, 0xEF, 0xFF, 0xFF, 0xFE, 0x50, 0x00, 0x03, 0xFF, 0xE0, 0x00, 0x03,
    0xBF, 0xFE, 0x81, 0x9E, 0xFF, 0xEA, 0x20, 0x00, 0x00, 0x0E, 0xFF, 0x70, 0x00, 0x00, 0x12, 0x00, 0x00, 0x02, 0x20, 0x00,
    0x00, 0x00, 0x00, 0x8F, 0xFF, 0x40, 0x00, 0x00, 0x00, 0x00, 0x00, 0x00, 0x00, 0x00, 0x00, 0x00, 0x01, 0xDF, 0xFE, 0x50,
    0x00, 0x00, 0x00, 0x04, 0x40, 0x00, 0x00, 0x00, 0x00, 0x00, 0x04, 0xFF, 0xFF, 0xA4, 0x00, 0x00, 0x4A, 0xFE, 0x10, 0x00,
    0x00, 0x00, 0x00, 0x00, 0x05, 0xFF, 0xFF, 0xFF, 0xED, 0xFF, 0xFF, 0xF5, 0x00, 0x00, 0x00, 0x00, 0x00, 0x00, 0x03, 0xCF,
    0xFF, 0xFF, 0xFF, 0xFF, 0xE6, 0x00, 0x00, 0x00, 0x00, 0x00, 0x00, 0x00, 0x00, 0x49, 0xCE, 0xFE, 0xC9, 0x50, 0x00, 0x00,
    0x00, 0x00, 0x00, 0x00, 0x00, 0x03, 0xFF, 0xFF, 0x80, 0x00, 0x00, 0x00, 0x00, 0x06, 0xFF, 0xFF, 0xC0, 0x00, 0x00, 0x00,
    0x00, 0x09, 0xFF, 0xFF, 0xF1, 0x00, 0x00, 0x00, 0x00, 0x0C, 0xFF, 0xFF, 0xF3, 0x00, 0x00, 0x00, 0x00, 0x1F, 0xFF, 0xFF,
    0xF7, 0x00, 0x00, 0x00, 0x00, 0x4F, 0xFF, 0xFF, 0xFA, 0x00, 0x00, 0x00, 0x00, 0x7F, 0xFF, 0xBF, 0xFD, 0x00, 0x00, 0x00,
    0x00, 0xAF, 0xFC, 0x8F, 0xFF, 0x10, 0x00, 0x00, 0x00, 0xDF, 0xF9, 0x5F, 0xFF, 0x40, 0x00, 0x00, 0x02, 0xFF, 0xF7, 0x3F,
    0xFF, 0x80, 0x00, 0x00, 0x05, 0xFF, 0xF4, 0x0F, 0xFF, 0xB0, 0x00, 0x00, 0x08, 0xFF, 0xF1, 0x0C, 0xFF, 0xE0, 0x00, 0x00,
    0x0B, 0xFF, 0xE0, 0x09, 0xFF, 0xF2, 0x00, 0x00, 0x0E, 0xFF, 0xB0, 0x07, 0xFF, 0xF5, 0x00, 0x00, 0x2F, 0xFF, 0x80, 0x04,
    0xFF, 0xF8, 0x00, 0x00, 0x6F, 0xFF, 0x60, 0x01, 0xFF, 0xFC, 0x00, 0x00, 0x9F, 0xFF, 0x30, 0x00, 0xEF, 0xFF, 0x00, 0x00,
    0xCF, 0xFF, 0x10, 0x00, 0xBF, 0xFF, 0x30, 0x00, 0xFF, 0xFF, 0xFF, 0xFF, 0xFF, 0xFF, 0x60, 0x03, 0xFF, 0xFF, 0xFF, 0xFF,
    0xFF, 0xFF, 0x90, 0x07, 0xFF, 0xFF, 0xFF, 0xFF, 0xFF, 0xFF, 0xD0, 0x0A, 0xFF, 0xFC, 0xAA, 0xAA, 0xAF, 0xFF, 0xF1, 0x0D,
    0xFF, 0xF3, 0x00, 0x00, 0x0D, 0xFF, 0xF4, 0x1F, 0xFF, 0xF1, 0x00, 0x00, 0x0A, 0xFF, 0xF7, 0x4F, 0xFF, 0xD0, 0x00, 0x00,
    0x08, 0xFF, 0xFA, 0x7F, 0xFF, 0x90, 0x00, 0x00, 0x04, 0xFF, 0xFD, 0x01, 0xEF, 0xFF, 0xFF, 0xFD, 0xA5, 0x00, 0x00, 0x00,
    0x1F, 0xFF, 0xFF, 0xFF, 0xFF, 0xFC, 0x20, 0x00, 0x01, 0xFF, 0xFF, 0xFF, 0xFF, 0xFF, 0xFD, 0x10, 0x00, 0x1F, 0xFF, 0xFA,
    0xAB, 0xEF, 0xFF, 0xF9, 0x00, 0x01, 0xFF, 0xFF, 0x20, 0x01, 0xBF, 0xFF, 0xF0, 0x00, 0x1F, 0xFF, 0xF2, 0x00, 0x02, 0xFF,
    0xFF, 0x30, 0x01, 0xFF, 0xFF, 0x20, 0x00, 0x0D, 0xFF, 0xF5, 0x00, 0x1F, 0xFF, 0xF2, 0x00, 0x00, 0xCF, 0xFF, 0x50, 0x01,
    0xFF, 0xFF, 0x20, 0x00, 0x0D, 0xFF, 0xF4, 0x00, 0x1F, 0xFF, 0xF2, 0x00, 0x04, 0xFF, 0xFF, 0x10, 0x01, 0xFF, 0xFF, 0x20,
    0x15, 0xEF, 0xFF, 0xA0, 0x00, 0x1F, 0xFF, 0xFF, 0xFF, 0xFF, 0xFF, 0xE2, 0x00, 0x01, 0xFF, 0xFF, 0xFF, 0xFF, 0xFF, 0xD2,
    0x00, 0x00, 0x1F, 0xFF, 0xFF, 0xFF, 0xFF, 0xFF, 0x60, 0x00, 0x01, 0xFF, 0xFF, 0xAA, 0xAD, 0xFF, 0xFF, 0x40, 0x00, 0x1F,
    0xFF, 0xF2, 0x00, 0x08, 0xFF, 0xFD, 0x00, 0x01, 0xFF, 0xFF, 0x20, 0x00, 0x1E, 0xFF, 0xF4, 0x00, 0x1F, 0xFF, 0xF2, 0x00,
    0x00, 0xAF, 0xFF, 0x80, 0x01, 0xFF, 0xFF, 0x20, 0x00, 0x08, 0xFF, 0xF9, 0x00, 0x1F, 0xFF, 0xF2, 0x00, 0x00, 0xAF, 0xFF,
    0x90, 0x01, 0xFF, 0xFF, 0x20, 0x00, 0x0D, 0xFF, 0xF8, 0x00, 0x1F, 0xFF, 0xF2, 0x00, 0x08, 0xFF, 0xFF, 0x40, 0x01, 0xFF,
    0xFF, 0xBA, 0xAD, 0xFF, 0xFF, 0xD0, 0x00, 0x1F, 0xFF, 0xFF, 0xFF, 0xFF, 0xFF, 0xF5, 0x00, 0x01, 0xFF, 0xFF, 0xFF, 0xFF,
    0xFF, 0xE5, 0x00, 0x00, 0x1F, 0xFF, 0xFF, 0xFF, 0xEC, 0x82, 0x00, 0x00, 0x00, 0x00, 0x18, 0xCE, 0xFD, 0xA5, 0x00, 0x00,
    0x00, 0x04, 0xEF, 0xFF, 0xFF, 0xFF, 0xB1, 0x00, 0x00, 0x3F, 0xFF, 0xFF, 0xFF, 0xFF, 0xFB, 0x00, 0x00, 0xCF, 0xFF, 0xFC,
    0xAE, 0xFF, 0xFF, 0x60, 0x02, 0xFF, 0xFF, 0x70, 0x01, 0xCF, 0xFF, 0xC0, 0x06, 0xFF, 0xFD, 0x00, 0x00, 0x4F, 0xFF, 0xF0,
    0x07, 0xFF, 0xFB, 0x00, 0x00, 0x2F, 0xFF, 0xF1, 0x07, 0xFF, 0xFA, 0x00, 0x00, 0x1B, 0xCC, 0xB1, 0x07, 0xFF, 0xFA, 0x00,
    0x00, 0x00, 0x00, 0x00, 0x07, 0xFF, 0xFA, 0x00, 0x00, 0x00, 0x00, 0x00, 0x07, 0xFF, 0xFA, 0x00, 0x00, 0x00, 0x00, 0x00,
    0x07, 0xFF, 0xFA, 0x00, 0x00, 0x00, 0x00, 0x00, 0x07, 0xFF, 0xFA, 0x00, 0x00, 0x00, 0x00, 0x00, 0x07, 0xFF, 0xFA, 0x00,
    0x00, 0x00, 0x00, 0x00, 0x07, 0xFF, 0xFA, 0x00, 0x00, 0x00, 0x00, 0x00, 0x07, 0xFF, 0xFA, 0x00, 0x00, 0x00, 0x00, 0x00,
    0x07, 0xFF, 0xFA, 0x00, 0x00, 0x00, 0x00, 0x00, 0x07, 0xFF, 0xFA, 0x00, 0x00, 0x00, 0x00, 0x00, 0x07, 0xFF, 0xFA, 0x00,
    0x00, 0x1B, 0xCC, 0xB1, 0x07, 0xFF, 0xFB, 0x00, 0x00, 0x2F, 0xFF, 0xF1, 0x06, 0xFF, 0xFD, 0x00, 0x00, 0x4F, 0xFF, 0xF0,
    0x02, 0xFF, 0xFF, 0x70, 0x01, 0xCF, 0xFF, 0xC0, 0x00, 0xBF, 0xFF, 0xFC, 0xAE, 0xFF, 0xFF, 0x60, 0x00, 0x3E, 0xFF, 0xFF,
    0xFF, 0xFF, 0xFB, 0x00, 0x00, 0x04, 0xEF, 0xFF, 0xFF, 0xFF, 0xB1, 0x00, 0x00, 0x00, 0x18, 0xCE, 0xFD, 0xA5, 0x00, 0x00,
    0x01, 0xEF, 0xFF, 0xFF, 0xFE, 0xB6, 0x00, 0x00, 0x00, 0x1F, 0xFF, 0xFF, 0xFF, 0xFF, 0xFC, 0x20, 0x00, 0x01, 0xFF, 0xFF,
    0xFF, 0xFF, 0xFF, 0xFD, 0x10, 0x00, 0x1F, 0xFF, 0xFB, 0xAA, 0xEF, 0xFF, 0xF8, 0x00, 0x01, 0xFF, 0xFF, 0x20, 0x01, 0xBF,
    0xFF, 0xE0, 0x00, 0x1F, 0xFF, 0xF2, 0x00, 0x03, 0xFF, 0xFF, 0x30, 0x01, 0xFF, 0xFF, 0x20, 0x00, 0x0E, 0xFF, 0xF4, 0x00,
    0x1F, 0xFF, 0xF2, 0x00, 0x00, 0xDF, 0xFF, 0x50, 0x01, 0xFF, 0xFF, 0x20, 0x00, 0x0D, 0xFF, 0xF5, 0x00, 0x1F, 0xFF, 0xF2,
    0x00, 0x00, 0xDF, 0xFF, 0x50, 0x01, 0xFF, 0xFF, 0x20, 0x00, 0x0D, 0xFF, 0xF5, 0x00, 0x1F, 0xFF, 0xF2, 0x00, 0x00, 0xDF,
    0xFF, 0x50, 0x01, 0xFF, 0xFF, 0x20, 0x00, 0x0D, 0xFF, 0xF5, 0x00, 0x1F, 0xFF, 0xF2, 0x00, 0x00, 0xDF, 0xFF, 0x50, 0x01,
    0xFF, 0xFF, 0x20, 0x00, 0x0D, 0xFF, 0xF5, 0x00, 0x1F, 0xFF, 0xF2, 0x00, 0x00, 0xDF, 0xFF, 0x50, 0x01, 0xFF, 0xFF, 0x20,
    0x00, 0x0D, 0xFF, 0xF5, 0x00, 0x1F, 0xFF, 0xF2, 0x00, 0x00, 0xDF, 0xFF, 0x50, 0x01, 0xFF, 0xFF, 0x20, 0x00, 0x0D, 0xFF,
    0xF5, 0x00, 0x1F, 0xFF, 0xF2, 0x00, 0x00, 0xEF, 0xFF, 0x40, 0x01, 0xFF, 0xFF, 0x20, 0x00, 0x3F, 0xFF, 0xF3, 0x00, 0x1F,
    0xFF, 0xF2, 0x00, 0x1B, 0xFF, 0xFE, 0x00, 0x01, 0xFF, 0xFF, 0xBA, 0xAE, 0xFF, 0xFF, 0x80, 0x00, 0x1F, 0xFF, 0xFF, 0xFF,
    0xFF, 0xFF, 0xD1, 0x00, 0x01, 0xFF, 0xFF, 0xFF, 0xFF, 0xFF, 0xD2, 0x00, 0x00, 0x1F, 0xFF, 0xFF, 0xFF, 0xEB, 0x60, 0x00,
    0x00, 0x01, 0xEF, 0xFF, 0xFF, 0xFF, 0xFF, 0xFF, 0x70, 0x01, 0xFF, 0xFF, 0xFF, 0xFF, 0xFF, 0xFF, 0x80, 0x01, 0xFF, 0xFF,
    0xFF, 0xFF, 0xFF, 0xFF, 0x80, 0x01, 0xFF, 0xFF, 0xAA, 0xAA, 0xAA, 0xAA, 0x40, 0x01, 0xFF, 0xFF, 0x20, 0x00, 0x00, 0x00,
    0x00, 0x01, 0xFF, 0xFF, 0x20, 0x00, 0x00, 0x00, 0x00, 0x01, 0xFF, 0xFF, 0x20, 0x00, 0x00, 0x00, 0x00, 0x01, 0xFF, 0xFF,
    0x20, 0x00, 0x00, 0x00, 0x00, 0x01, 0xFF, 0xFF, 0x20, 0x00, 0x00, 0x00, 0x00, 0x01, 0xFF, 0xFF, 0x20, 0x00, 0x00, 0x00,
    0x00, 0x01, 0xFF, 0xFF, 0x20, 0x00, 0x00, 0x00, 0x00, 0x01, 0xFF, 0xFF, 0xBA, 0xAA, 0xA2, 0x00, 0x00, 0x01, 0xFF, 0xFF,
    0xFF, 0xFF, 0xF5, 0x00, 0x00, 0x01, 0xFF, 0xFF, 0xFF, 0xFF, 0xF5, 0x00, 0x00, 0x01, 0xFF, 0xFF, 0xFF, 0xFF, 0xF4, 0x00,
    0x00, 0x01, 0xFF, 0xFF, 0x20, 0x00, 0x00, 0x00, 0x00, 0x01, 0xFF, 0xFF, 0x20, 0x00, 0x00, 0x00, 0x00, 0x01, 0xFF, 0xFF,
    0x20, 0x00, 0x00, 0x00, 0x00, 0x01, 0xFF, 0xFF, 0x20, 0x00, 0x00, 0x00, 0x00, 0x01, 0xFF, 0xFF, 0x20, 0x00, 0x00, 0x00,
    0x00, 0x01, 0xFF, 0xFF, 0x20, 0x00, 0x00, 0x00, 0x00, 0x01, 0xFF, 0xFF, 0x20, 0x00, 0x00, 0x00, 0x00, 0x01, 0xFF, 0xFF,
    0xBA, 0xAA, 0xAA, 0xAA, 0x40, 0x01, 0xFF, 0xFF, 0xFF, 0xFF, 0xFF, 0xFF, 0x80, 0x01, 0xFF, 0xFF, 0xFF, 0xFF, 0xFF, 0xFF,
    0x80, 0x01, 0xFF, 0xFF, 0xFF, 0xFF, 0xFF, 0xFF, 0x70, 0x01, 0xEF, 0xFF, 0xFF, 0xFF, 0xFF, 0xFF, 0x60, 0x1F, 0xFF, 0xFF,
    0xFF, 0xFF, 0xFF, 0xF7, 0x01, 0xFF, 0xFF, 0xFF, 0xFF, 0xFF, 0xFF, 0x70, 0x1F, 0xFF, 0xFA, 0xAA, 0xAA, 0xAA, 0xA4, 0x01,
    0xFF, 0xFF, 0x20, 0x00, 0x00, 0x00, 0x00, 0x1F, 0xFF, 0xF2, 0x00, 0x00, 0x00, 0x00, 0x01, 0xFF, 0xFF, 0x20, 0x00, 0x00,
    0x00, 0x00, 0x1F, 0xFF, 0xF2, 0x00, 0x00, 0x00, 0x00, 0x01, 0xFF, 0xFF, 0x20, 0x00, 0x00, 0x00, 0x00, 0x1F, 0xFF, 0xF2,
    0x00, 0x00, 0x00, 0x00, 0x01, 0xFF, 0xFF, 0x20, 0x00, 0x00, 0x00, 0x00, 0x1F, 0xFF, 0xFB, 0xAA, 0xAA, 0x20, 0x00, 0x01,
    0xFF, 0xFF, 0xFF, 0xFF, 0xF4, 0x00, 0x00, 0x1F, 0xFF, 0xFF, 0xFF, 0xFF, 0x40, 0x00, 0x01, 0xFF, 0xFF, 0xFF, 0xFF, 0xF4,
    0x00, 0x00, 0x1F, 0xFF, 0xF2, 0x00, 0x00, 0x00, 0x00, 0x01, 0xFF, 0xFF, 0x20, 0x00, 0x00, 0x00, 0x00, 0x1F, 0xFF, 0xF2,
    0x00, 0x00, 0x00, 0x00, 0x01, 0xFF, 0xFF, 0x20, 0x00, 0x00, 0x00, 0x00, 0x1F, 0xFF, 0xF2, 0x00, 0x00, 0x00, 0x00, 0x01,
    0xFF, 0xFF, 0x20, 0x00, 0x00, 0x00, 0x00, 0x1F, 0xFF, 0xF2, 0x00, 0x00, 0x00, 0x00, 0x01, 0xFF, 0xFF, 0x20, 0x00, 0x00,
    0x00, 0x00, 0x1F, 0xFF, 0xF2, 0x00, 0x00, 0x00, 0x00, 0x01, 0xFF, 0xFF, 0x20, 0x00, 0x00, 0x00, 0x00, 0x1F, 0xFF, 0xF1,
    0x00, 0x00, 0x00, 0x00, 0x00, 0x00, 0x18, 0xCE, 0xFD, 0xA5, 0x00, 0x00, 0x00, 0x00, 0x5E, 0xFF, 0xFF, 0xFF, 0xFC, 0x10,
    0x00, 0x00, 0x4F, 0xFF, 0xFF, 0xFF, 0xFF, 0xFC, 0x10, 0x00, 0x0C, 0xFF, 0xFF, 0xCA, 0xEF, 0xFF, 0xF7, 0x00, 0x03, 0xFF,
    0xFF, 0x60, 0x01, 0xCF, 0xFF, 0xD0, 0x00, 0x6F, 0xFF, 0xD0, 0x00, 0x04, 0xFF, 0xFF, 0x10, 0x07, 0xFF, 0xFA, 0x00, 0x00,
    0x1F, 0xFF, 0xF2, 0x00, 0x7F, 0xFF, 0xA0, 0x00, 0x01, 0xFF, 0xFF, 0x20, 0x07, 0xFF, 0xFA, 0x00, 0x00, 0x04, 0x55, 0x40,
    0x00, 0x7F, 0xFF, 0xA0, 0x00, 0x00, 0x00, 0x00, 0x00, 0x07, 0xFF, 0xFA, 0x00, 0x00, 0x00, 0x00, 0x00, 0x00, 0x7F, 0xFF,
    0xA0, 0x00, 0x00, 0x00, 0x00, 0x00, 0x07, 0xFF, 0xFA, 0x00, 0xCF, 0xFF, 0xFF, 0xF1, 0x00, 0x7F, 0xFF, 0xA0, 0x0D, 0xFF,
    0xFF, 0xFF, 0x20, 0x07, 0xFF, 0xFA, 0x00, 0xDF, 0xFF, 0xFF, 0xF2, 0x00, 0x7F, 0xFF, 0xA0, 0x07, 0xAA, 0xFF, 0xFF, 0x20,
    0x07, 0xFF, 0xFA, 0x00, 0x00, 0x1F, 0xFF, 0xF2, 0x00, 0x7F, 0xFF, 0xA0, 0x00, 0x01, 0xFF, 0xFF, 0x20, 0x07, 0xFF, 0xFA,
    0x00, 0x00, 0x1F, 0xFF, 0xF2, 0x00, 0x7F, 0xFF, 0xA0, 0x00, 0x01, 0xFF, 0xFF, 0x20, 0x06, 0xFF, 0xFD, 0x00, 0x00, 0x4F,
    0xFF, 0xF0, 0x00, 0x3F, 0xFF, 0xF6, 0x00, 0x1C, 0xFF, 0xFC, 0x00, 0x00, 0xCF, 0xFF, 0xFC, 0xAE, 0xFF, 0xFF, 0x60, 0x00,
    0x04, 0xFF, 0xFF, 0xFF, 0xFF, 0xFF, 0xC0, 0x00, 0x00, 0x05, 0xEF, 0xFF, 0xFF, 0xFF, 0xB1, 0x00, 0x00, 0x00, 0x01, 0x8C,
    0xEF, 0xEA, 0x50, 0x00, 0x00, 0x00, 0xEF, 0xFF, 0x10, 0x00, 0x0D, 0xFF, 0xF3, 0x00, 0x1F, 0xFF, 0xF2, 0x00, 0x00, 0xEF,
    0xFF, 0x40, 0x01, 0xFF, 0xFF, 0x20, 0x00, 0x0E, 0xFF, 0xF4, 0x00, 0x1F, 0xFF, 0xF2, 0x00, 0x00, 0xEF, 0xFF, 0x40, 0x01,
    0xFF, 0xFF, 0x20, 0x00, 0x0E, 0xFF, 0xF4, 0x00, 0x1F, 0xFF, 0xF2, 0x00, 0x00, 0xEF, 0xFF, 0x40, 0x01, 0xFF, 0xFF, 0x20,
    0x00, 0x0E, 0xFF, 0xF4, 0x00, 0x1F, 0xFF, 0xF2, 0x00, 0x00, 0xEF, 0xFF, 0x40, 0x01, 0xFF, 0xFF, 0x20, 0x00, 0x0E, 0xFF,
    0xF4, 0x00, 0x1F, 0xFF, 0xF2, 0x00, 0x00, 0xEF, 0xFF, 0x40, 0x01, 0xFF, 0xFF, 0x20, 0x00, 0x0E, 0xFF, 0xF4, 0x00, 0x1F,
    0xFF, 0xFB, 0xAA, 0xAA, 0xFF, 0xFF, 0x40, 0x01, 0xFF, 0xFF, 0xFF, 0xFF, 0xFF, 0xFF, 0xF4, 0x00, 0x1F, 0xFF, 0xFF, 0xFF,
    0xFF, 0xFF, 0xFF, 0x40, 0x01, 0xFF, 0xFF, 0xFF, 0xFF, 0xFF, 0xFF, 0xF4, 0x00, 0x1F, 0xFF, 0xF2, 0x00, 0x00, 0xEF, 0xFF,
    0x40, 0x01, 0xFF, 0xFF, 0x20, 0x00, 0x0E, 0xFF, 0xF4, 0x00, 0x1F, 0xFF, 0xF2, 0x00, 0x00, 0xEF, 0xFF, 0x40, 0x01, 0xFF,
    0xFF, 0x20, 0x00, 0x0E, 0xFF, 0xF4, 0x00, 0x1F, 0xFF, 0xF2, 0x00, 0x00, 0xEF, 0xFF, 0x40, 0x01, 0xFF, 0xFF, 0x20, 0x00,
    0x0E, 0xFF, 0xF4, 0x00, 0x1F, 0xFF, 0xF2, 0x00, 0x00, 0xEF, 0xFF, 0x40, 0x01, 0xFF, 0xFF, 0x20, 0x00, 0x0E, 0xFF, 0xF4,
    0x00, 0x1F, 0xFF, 0xF2, 0x00, 0x00, 0xEF, 0xFF, 0x40, 0x01, 0xFF, 0xFF, 0x20, 0x00, 0x0E, 0xFF, 0xF4, 0x00, 0x1F, 0xFF,
    0xF1, 0x00, 0x00, 0xEF, 0xFF, 0x30, 0x00, 0xEF, 0xFF, 0x10, 0x01, 0xFF, 0xFF, 0x20, 0x01, 0xFF, 0xFF, 0x20, 0x01, 0xFF,
    0xFF, 0x20, 0x01, 0xFF, 0xFF, 0x20, 0x01, 0xFF, 0xFF, 0x20, 0x01, 0xFF, 0xFF, 0x20, 0x01, 0xFF, 0xFF, 0x20, 0x01, 0xFF,
    0xFF, 0x20, 0x01, 0xFF, 0xFF, 0x20, 0x01, 0xFF, 0xFF, 0x20, 0x01, 0xFF, 0xFF, 0x20, 0x01, 0xFF, 0xFF, 0x20, 0x01, 0xFF,
    0xFF, 0x20, 0x01, 0xFF, 0xFF, 0x20, 0x01, 0xFF, 0xFF, 0x20, 0x01, 0xFF, 0xFF, 0x20, 0x01, 0xFF, 0xFF, 0x20, 0x01, 0xFF,
    0xFF, 0x20, 0x01, 0xFF, 0xFF, 0x20, 0x01, 0xFF, 0xFF, 0x20, 0x01, 0xFF, 0xFF, 0x20, 0x01, 0xFF, 0xFF, 0x20, 0x01, 0xFF,
    0xFF, 0x20, 0x01, 0xFF, 0xFF, 0x20, 0x01, 0xFF, 0xFF, 0x10, 0x00, 0x00, 0x00, 0x00, 0x02, 0xFF, 0xFE, 0x00, 0x00, 0x00,
    0x00, 0x00, 0x03, 0xFF, 0xFF, 0x00, 0x00, 0x00, 0x00, 0x00, 0x03, 0xFF, 0xFF, 0x00, 0x00, 0x00, 0x00, 0x00, 0x03, 0xFF,
    0xFF, 0x00, 0x00, 0x00, 0x00, 0x00, 0x03, 0xFF, 0xFF, 0x00, 0x00, 0x00, 0x00, 0x00, 0x03, 0xFF, 0xFF, 0x00, 0x00, 0x00,
    0x00, 0x00, 0x03, 0xFF, 0xFF, 0x00, 0x00, 0x00, 0x00, 0x00, 0x03, 0xFF, 0xFF, 0x00, 0x00, 0x00, 0x00, 0x00, 0x03, 0xFF,
    0xFF, 0x00, 0x00, 0x00, 0x00, 0x00, 0x03, 0xFF, 0xFF, 0x00, 0x00, 0x00, 0x00, 0x00, 0x03, 0xFF, 0xFF, 0x00, 0x00, 0x00,
    0x00, 0x00, 0x03, 0xFF, 0xFF, 0x00, 0x00, 0x00, 0x00, 0x00, 0x03, 0xFF, 0xFF, 0x00, 0x00, 0x00, 0x00, 0x00, 0x03, 0xFF,
    0xFF, 0x00, 0x00, 0x00, 0x00, 0x00, 0x03, 0xFF, 0xFF, 0x00, 0x00, 0x00, 0x00, 0x00, 0x03, 0xFF, 0xFF, 0x00, 0x4B, 0xCC,
    0x80, 0x00, 0x03, 0xFF, 0xFF, 0x00, 0x6F, 0xFF, 0xC0, 0x00, 0x03, 0xFF, 0xFF, 0x00, 0x6F, 0xFF, 0xC0, 0x00, 0x03, 0xFF,
    0xFF, 0x00, 0x6F, 0xFF, 0xC0, 0x00, 0x03, 0xFF, 0xFE, 0x00, 0x4F, 0xFF, 0xE0, 0x00, 0x06, 0xFF, 0xFD, 0x00, 0x1F, 0xFF,
    0xF8, 0x00, 0x1D, 0xFF, 0xFA, 0x00, 0x0B, 0xFF, 0xFF, 0xCA, 0xEF, 0xFF, 0xF4, 0x00, 0x03, 0xEF, 0xFF, 0xFF, 0xFF, 0xFF,
    0xA0, 0x00, 0x00, 0x4E, 0xFF, 0xFF, 0xFF, 0xFA, 0x10, 0x00, 0x00, 0x01, 0x7C, 0xEF, 0xDA, 0x40, 0x00, 0x00, 0x00, 0xEF,
    0xFF, 0x10, 0x00, 0x05, 0xFF, 0xFF, 0x10, 0x1F, 0xFF, 0xF2, 0x00, 0x00, 0xDF, 0xFF, 0xA0, 0x01, 0xFF, 0xFF, 0x20, 0x00,
    0x5F, 0xFF, 0xF2, 0x00, 0x1F, 0xFF, 0xF2, 0x00, 0x0D, 0xFF, 0xF9, 0x00, 0x01, 0xFF, 0xFF, 0x20, 0x06, 0xFF, 0xFF, 0x20,
    0x00, 0x1F, 0xFF, 0xF2, 0x00, 0xDF, 0xFF, 0x90, 0x00, 0x01, 0xFF, 0xFF, 0x20, 0x6F, 0xFF, 0xF2, 0x00, 0x00, 0x1F, 0xFF,
    0xF2, 0x0D, 0xFF, 0xF9, 0x00, 0x00, 0x01, 0xFF, 0xFF, 0x26, 0xFF, 0xFF, 0x20, 0x00, 0x00, 0x1F, 0xFF, 0xF2, 0xDF, 0xFF,
    0x90, 0x00, 0x00, 0x01, 0xFF, 0xFF, 0x8F, 0xFF, 0xF2, 0x00, 0x00, 0x00, 0x1F, 0xFF, 0xFF, 0xFF, 0xFC, 0x00, 0x00, 0x00,
    0x01, 0xFF, 0xFF, 0xFF, 0xFF, 0xF2, 0x00, 0x00, 0x00, 0x1F, 0xFF, 0xFF, 0xFF, 0xFF, 0x80, 0x00, 0x00, 0x01, 0xFF, 0xFF,
    0xFF, 0xFF, 0xFE, 0x10, 0x00, 0x00, 0x1F, 0xFF, 0xFF, 0x6E, 0xFF, 0xF6, 0x00, 0x00, 0x01, 0xFF, 0xFF, 0xC0, 0x8F, 0xFF,
    0xC0, 0x00, 0x00, 0x1F, 0xFF, 0xF4, 0x02, 0xFF, 0xFF, 0x30, 0x00, 0x01, 0xFF, 0xFF, 0x20, 0x0B, 0xFF, 0xF9, 0x00, 0x00,
    0x1F, 0xFF, 0xF2, 0x00, 0x5F, 0xFF, 0xF1, 0x00, 0x01, 0xFF, 0xFF, 0x20, 0x00, 0xEF, 0xFF, 0x70, 0x00, 0x1F, 0xFF, 0xF2,
    0x00, 0x08, 0xFF, 0xFD, 0x00, 0x01, 0xFF, 0xFF, 0x20, 0x00, 0x2F, 0xFF, 0xF4, 0x00, 0x1F, 0xFF, 0xF2, 0x00, 0x00, 0xBF,
    0xFF, 0xB0, 0x01, 0xFF, 0xFF, 0x20, 0x00, 0x05, 0xFF, 0xFF, 0x20, 0x1F, 0xFF, 0xF1, 0x00, 0x00, 0x0D, 0xFF, 0xF7, 0x01,
    0xEF, 0xFF, 0x10, 0x00, 0x00, 0x00, 0x00, 0x1F, 0xFF, 0xF2, 0x00, 0x00, 0x00, 0x00, 0x01, 0xFF, 0xFF, 0x20, 0x00, 0x00,
    0x00, 0x00, 0x1F, 0xFF, 0xF2, 0x00, 0x00, 0x00, 0x00, 0x01, 0xFF, 0xFF, 0x20, 0x00, 0x00, 0x00, 0x00, 0x1F, 0xFF, 0xF2,
    0x00, 0x00, 0x00, 0x00, 0x01, 0xFF, 0xFF, 0x20, 0x00, 0x00, 0x00, 0x00, 0x1F, 0xFF, 0xF2, 0x00, 0x00, 0x00, 0x00, 0x01,
    0xFF, 0xFF, 0x20, 0x00, 0x00, 0x00, 0x00, 0x1F, 0xFF, 0xF2, 0x00, 0x00, 0x00, 0x00, 0x01, 0xFF, 0xFF, 0x20, 0x00, 0x00,
    0x00, 0x00, 0x1F, 0xFF, 0xF2, 0x00, 0x00, 0x00, 0x00, 0x01, 0xFF, 0xFF, 0x20, 0x00, 0x00, 0x00, 0x00, 0x1F, 0xFF, 0xF2,
    0x00, 0x00, 0x00, 0x00, 0x01, 0xFF, 0xFF, 0x20, 0x00, 0x00, 0x00, 0x00, 0x1F, 0xFF, 0xF2, 0x00, 0x00, 0x00, 0x00, 0x01,
    0xFF, 0xFF, 0x20, 0x00, 0x00, 0x00, 0x00, 0x1F, 0xFF, 0xF2, 0x00, 0x00, 0x00, 0x00, 0x01, 0xFF, 0xFF, 0x20, 0x00, 0x00,
    0x00, 0x00, 0x1F, 0xFF, 0xF2, 0x00, 0x00, 0x00, 0x00, 0x01, 0xFF, 0xFF, 0x20, 0x00, 0x00, 0x00, 0x00, 0x1F, 0xFF, 0xF2,
    0x00, 0x00, 0x00, 0x00, 0x01, 0xFF, 0xFF, 0xBA, 0xAA, 0xAA, 0xAA, 0x40, 0x1F, 0xFF, 0xFF, 0xFF, 0xFF, 0xFF, 0xF8, 0x01,
    0xFF, 0xFF, 0xFF, 0xFF, 0xFF, 0xFF, 0x80, 0x1F, 0xFF, 0xFF, 0xFF, 0xFF, 0xFF, 0xF7, 0x01, 0xFF, 0xFF, 0x30, 0x00, 0x00,
    0x0C, 0xFF, 0xF7, 0x00, 0x2F, 0xFF, 0xFB, 0x00, 0x00, 0x05, 0xFF, 0xFF, 0x80, 0x02, 0xFF, 0xFF, 0xF4, 0x00, 0x00, 0xDF,
    0xFF, 0xF8, 0x00, 0x2F, 0xFF, 0xFF, 0xC0, 0x00, 0x6F, 0xFF, 0xFF, 0x80, 0x02, 0xFF, 0xFF, 0xFF, 0x50, 0x0D, 0xFF, 0xFF,
    0xF8, 0x00, 0x2F, 0xFF, 0xFF, 0xFD, 0x06, 0xFF, 0xFF, 0xFF, 0x80, 0x02, 0xFF, 0xFF, 0xFF, 0xF6, 0xEF, 0xFF, 0xFF, 0xF8,
    0x00, 0x2F, 0xFF, 0xFF, 0xFF, 0xFF, 0xFF, 0xFF, 0xFF, 0x80, 0x02, 0xFF, 0xFF, 0xAF, 0xFF, 0xFF, 0xEB, 0xFF, 0xF8, 0x00,
    0x2F, 0xFF, 0xF2, 0xFF, 0xFF, 0xF7, 0xAF, 0xFF, 0x80, 0x02, 0xFF, 0xFF, 0x08, 0xFF, 0xFD, 0x1A, 0xFF, 0xF8, 0x00, 0x2F,
    0xFF, 0xF0, 0x1E, 0xFF, 0x60, 0xAF, 0xFF, 0x80, 0x02, 0xFF, 0xFF, 0x00, 0x7F, 0xD0, 0x0A, 0xFF, 0xF8, 0x00, 0x2F, 0xFF,
    0xF0, 0x01, 0xD5, 0x00, 0xAF, 0xFF, 0x80, 0x02, 0xFF, 0xFF, 0x00, 0x02, 0x00, 0x0A, 0xFF, 0xF8, 0x00, 0x2F, 0xFF, 0xF0,
    0x00, 0x00, 0x00, 0xAF, 0xFF, 0x80, 0x02, 0xFF, 0xFF, 0x00, 0x00, 0x00, 0x0A, 0xFF, 0xF8, 0x00, 0x2F, 0xFF, 0xF0, 0x00,
    0x00, 0x00, 0xAF, 0xFF, 0x80, 0x02, 0xFF, 0xFF, 0x00, 0x00, 0x00, 0x0A, 0xFF, 0xF8, 0x00, 0x2F, 0xFF, 0xF0, 0x00, 0x00,
    0x00, 0xAF, 0xFF, 0x80, 0x02, 0xFF, 0xFF, 0x00, 0x00, 0x00, 0x0A, 0xFF, 0xF8, 0x00, 0x2F, 0xFF, 0xF0, 0x00, 0x00, 0x00,
    0xAF, 0xFF, 0x80, 0x02, 0xFF, 0xFF, 0x00, 0x00, 0x00, 0x0A, 0xFF, 0xF8, 0x00, 0x2F, 0xFF, 0xF0, 0x00, 0x00, 0x00, 0xAF,
    0xFF, 0x80, 0x02, 0xFF, 0xFF, 0x00, 0x00, 0x00, 0x0A, 0xFF, 0xF8, 0x00, 0x2F, 0xFF, 0xE0, 0x00, 0x00, 0x00, 0x9F, 0xFF,
    0x70, 0x00, 0xEF, 0xFF, 0x80, 0x00, 0x00, 0xBF, 0xFF, 0x40, 0x01, 0xFF, 0xFF, 0xE0, 0x00, 0x00, 0xCF, 0xFF, 0x50, 0x01,
    0xFF, 0xFF, 0xF4, 0x00, 0x00, 0xCF, 0xFF, 0x50, 0x01, 0xFF, 0xFF, 0xF9, 0x00, 0x00, 0xCF, 0xFF, 0x50, 0x01, 0xFF, 0xFF,
    0xFE, 0x00, 0x00, 0xCF, 0xFF, 0x50, 0x01, 0xFF, 0xFF, 0xFF, 0x50, 0x00, 0xCF, 0xFF, 0x50, 0x01, 0xFF, 0xFF, 0xFF, 0xA0,
    0x00, 0xCF, 0xFF, 0x50, 0x01, 0xFF, 0xFF, 0xFF, 0xE1, 0x00, 0xCF, 0xFF, 0x50, 0x01, 0xFF, 0xFF, 0xFF, 0xF5, 0x00, 0xCF,
    0xFF, 0x50, 0x01, 0xFF, 0xFF, 0xFF, 0xFA, 0x00, 0xCF, 0xFF, 0x50, 0x01, 0xFF, 0xFF, 0xAF, 0xFE, 0x10, 0xCF, 0xFF, 0x50,
    0x01, 0xFF, 0xFF, 0x5F, 0xFF, 0x50, 0xCF, 0xFF, 0x50, 0x01, 0xFF, 0xFF, 0x1E, 0xFF, 0xB0, 0xCF, 0xFF, 0x50, 0x01, 0xFF,
    0xFF, 0x19, 0xFF, 0xF1, 0xCF, 0xFF, 0x50, 0x01, 0xFF, 0xFF, 0x13, 0xFF, 0xF6, 0xCF, 0xFF, 0x50, 0x01, 0xFF, 0xFF, 0x10,
    0xDF, 0xFB, 0xCF, 0xFF, 0x50, 0x01, 0xFF, 0xFF, 0x10, 0x8F, 0xFF, 0xFF, 0xFF, 0x50, 0x01, 0xFF, 0xFF, 0x10, 0x3F, 0xFF,
    0xFF, 0xFF, 0x50, 0x01, 0xFF, 0xFF, 0x10, 0x0D, 0xFF, 0xFF, 0xFF, 0x50, 0x01, 0xFF, 0xFF, 0x10, 0x07, 0xFF, 0xFF, 0xFF,
    0x50, 0x01, 0xFF, 0xFF, 0x10, 0x02, 0xFF, 0xFF, 0xFF, 0x50, 0x01, 0xFF, 0xFF, 0x10, 0x00, 0xCF, 0xFF, 0xFF, 0x50, 0x01,
    0xFF, 0xFF, 0x10, 0x00, 0x7F, 0xFF, 0xFF, 0x50, 0x01, 0xFF, 0xFF, 0x10, 0x00, 0x2F, 0xFF, 0xFF, 0x50, 0x01, 0xFF, 0xFF,
    0x10, 0x00, 0x0C, 0xFF, 0xFF, 0x50, 0x01, 0xFF, 0xFF, 0x10, 0x00, 0x06, 0xFF, 0xFF, 0x40, 0x00, 0x00, 0x17, 0xCE, 0xFE,
    0xB5, 0x00, 0x00, 0x00, 0x00, 0x3D, 0xFF, 0xFF, 0xFF, 0xFC, 0x20, 0x00, 0x00, 0x2E, 0xFF, 0xFF, 0xFF, 0xFF, 0xFD, 0x10,
    0x00, 0x0B, 0xFF, 0xFF, 0xDA, 0xDF, 0xFF, 0xF8, 0x00, 0x02, 0xFF, 0xFF, 0x80, 0x01, 0xBF, 0xFF, 0xE0, 0x00, 0x5F, 0xFF,
    0xD0, 0x00, 0x02, 0xFF, 0xFF, 0x20, 0x07, 0xFF, 0xFB, 0x00, 0x00, 0x0E, 0xFF, 0xF4, 0x00, 0x7F, 0xFF, 0xA0, 0x00, 0x00,
    0xDF, 0xFF, 0x40, 0x07, 0xFF, 0xFA, 0x00, 0x00, 0x0D, 0xFF, 0xF4, 0x00, 0x7F, 0xFF, 0xA0, 0x00, 0x00, 0xDF, 0xFF, 0x40,
    0x07, 0xFF, 0xFA, 0x00, 0x00, 0x0D, 0xFF, 0xF4, 0x00, 0x7F, 0xFF, 0xA0, 0x00, 0x00, 0xDF, 0xFF, 0x40, 0x07, 0xFF, 0xFA,
    0x00, 0x00, 0x0D, 0xFF, 0xF4, 0x00, 0x7F, 0xFF, 0xA0, 0x00, 0x00, 0xDF, 0xFF, 0x40, 0x07, 0xFF, 0xFA, 0x00, 0x00, 0x0D,
    0xFF, 0xF4, 0x00, 0x7F, 0xFF, 0xA0, 0x00, 0x00, 0xDF, 0xFF, 0x40, 0x07, 0xFF, 0xFA, 0x00, 0x00, 0x0D, 0xFF, 0xF4, 0x00,
    0x7F, 0xFF, 0xA0, 0x00, 0x00, 0xDF, 0xFF, 0x40, 0x07, 0xFF, 0xFA, 0x00, 0x00, 0x0D, 0xFF, 0xF4, 0x00, 0x7F, 0xFF, 0xB0,
    0x00, 0x00, 0xEF, 0xFF, 0x40, 0x05, 0xFF, 0xFD, 0x00, 0x00, 0x2F, 0xFF, 0xF2, 0x00, 0x2F, 0xFF, 0xF8, 0x00, 0x0A, 0xFF,
    0xFE, 0x00, 0x00, 0xBF, 0xFF, 0xFC, 0xAD, 0xFF, 0xFF, 0x80, 0x00, 0x02, 0xEF, 0xFF, 0xFF, 0xFF, 0xFF, 0xD1, 0x00, 0x00,
    0x03, 0xDF, 0xFF, 0xFF, 0xFF, 0xC2, 0x00, 0x00, 0x00, 0x01, 0x7C, 0xEF, 0xEB, 0x50, 0x00, 0x00, 0x01, 0xFF, 0xFF, 0xFF,
    0xFE, 0xC7, 0x10, 0x00, 0x01, 0xFF, 0xFF, 0xFF, 0xFF, 0xFF, 0xD2, 0x00, 0x01, 0xFF, 0xFF, 0xFF, 0xFF, 0xFF, 0xFD, 0x10,
    0x01, 0xFF, 0xFF, 0xAA, 0xAD, 0xFF, 0xFF, 0x80, 0x01, 0xFF, 0xFF, 0x10, 0x00, 0xAF, 0xFF, 0xE0, 0x01, 0xFF, 0xFF, 0x10,
    0x00, 0x2F, 0xFF, 0xF4, 0x01, 0xFF, 0xFF, 0x10, 0x00, 0x0C, 0xFF, 0xF6, 0x01, 0xFF, 0xFF, 0x10, 0x00, 0x0A, 0xFF, 0xF8,
    0x01, 0xFF, 0xFF, 0x10, 0x00, 0x0B, 0xFF, 0xF8, 0x01, 0xFF, 0xFF, 0x10, 0x00, 0x0D, 0xFF, 0xF6, 0x01, 0xFF, 0xFF, 0x10,
    0x00, 0x4F, 0xFF, 0xF4, 0x01, 0xFF, 0xFF, 0x10, 0x04, 0xDF, 0xFF, 0xE0, 0x01, 0xFF, 0xFF, 0xFF, 0xFF, 0xFF, 0xFF, 0x70,
    0x01, 0xFF, 0xFF, 0xFF, 0xFF, 0xFF, 0xFC, 0x00, 0x01, 0xFF, 0xFF, 0xFF, 0xFF, 0xFF, 0xB1, 0x00, 0x01, 0xFF, 0xFF, 0xAA,
    0xA9, 0x83, 0x00, 0x00, 0x01, 0xFF, 0xFF, 0x10, 0x00, 0x00, 0x00, 0x00, 0x01, 0xFF, 0xFF, 0x10, 0x00, 0x00, 0x00, 0x00,
    0x01, 0xFF, 0xFF, 0x10, 0x00, 0x00, 0x00, 0x00, 0x01, 0xFF, 0xFF, 0x10, 0x00, 0x00, 0x00, 0x00, 0x01, 0xFF, 0xFF, 0x10,
    0x00, 0x00, 0x00, 0x00, 0x01, 0xFF, 0xFF, 0x10, 0x00, 0x00, 0x00, 0x00, 0x01, 0xFF, 0xFF, 0x10, 0x00, 0x00, 0x00, 0x00,
    0x01, 0xFF, 0xFF, 0x10, 0x00, 0x00, 0x00, 0x00, 0x01, 0xFF, 0xFF, 0x10, 0x00, 0x00, 0x00, 0x00, 0x01, 0xFF, 0xFF, 0x10,
    0x00, 0x00, 0x00, 0x00, 0x00, 0x00, 0x17, 0xCE, 0xFD, 0x93, 0x00, 0x00, 0x00, 0x03, 0xDF, 0xFF, 0xFF, 0xFF, 0x70, 0x00,
    0x00, 0x1E, 0xFF, 0xFF, 0xFF, 0xFF, 0xF6, 0x00, 0x00, 0xAF, 0xFF, 0xFC, 0xBE, 0xFF, 0xFE, 0x10, 0x01, 0xFF, 0xFF, 0x70,
    0x02, 0xEF, 0xFF, 0x70, 0x05, 0xFF, 0xFD, 0x00, 0x00, 0x8F, 0xFF, 0xA0, 0x06, 0xFF, 0xFB, 0x00, 0x00, 0x5F, 0xFF, 0xC0,
    0x07, 0xFF, 0xFA, 0x00, 0x00, 0x5F, 0xFF, 0xD0, 0x07, 0xFF, 0xFA, 0x00, 0x00, 0x5F, 0xFF, 0xD0, 0x07, 0xFF, 0xFA, 0x00,
    0x00, 0x5F, 0xFF, 0xD0, 0x07, 0xFF, 0xFA, 0x00, 0x00, 0x5F, 0xFF, 0xD0, 0x07, 0xFF, 0xFA, 0x00, 0x00, 0x5F, 0xFF, 0xD0,
    0x07, 0xFF, 0xFA, 0x00, 0x00, 0x5F, 0xFF, 0xD0, 0x07, 0xFF, 0xFA, 0x00, 0x00, 0x5F, 0xFF, 0xD0, 0x07, 0xFF, 0xFA, 0x00,
    0x00, 0x5F, 0xFF, 0xD0, 0x07, 0xFF, 0xFA, 0x00, 0x00, 0x5F, 0xFF, 0xD0, 0x07, 0xFF, 0xFA, 0x00, 0x00, 0x5F, 0xFF, 0xD0,
    0x07, 0xFF, 0xFA, 0x00, 0x00, 0x5F, 0xFF, 0xD0, 0x07, 0xFF, 0xFA, 0x00, 0x00, 0x5F, 0xFF, 0xD0, 0x07, 0xFF, 0xFA, 0x00,
    0x00, 0x5F, 0xFF, 0xD0, 0x06, 0xFF, 0xFC, 0x00, 0x00, 0x6F, 0xFF, 0xC0, 0x03, 0xFF, 0xFE, 0x10, 0x00, 0xAF, 0xFF, 0x90,
    0x00, 0xEF, 0xFF, 0xB2, 0x17, 0xFF, 0xFF, 0x50, 0x00, 0x7F, 0xFF, 0xFF, 0xFF, 0xFF, 0xFC, 0x00, 0x00, 0x0B, 0xFF, 0xFF,
    0xFF, 0xFF, 0xE2, 0x00, 0x00, 0x00, 0x8F, 0xFF, 0xFF, 0xFC, 0x20, 0x00, 0x00, 0x00, 0x02, 0xEF, 0xFF, 0x60, 0x00, 0x00,
    0x00, 0x00, 0x00, 0xEF, 0xFF, 0x40, 0x00, 0x00, 0x00, 0x00, 0x00, 0xEF, 0xFF, 0x40, 0x00, 0x00, 0x00, 0x00, 0x00, 0xDF,
    0xFF, 0x30, 0x00, 0x00, 0x01, 0xEF, 0xFF, 0xFF, 0xFE, 0xC8, 0x10, 0x00, 0x00, 0x1F, 0xFF, 0xFF, 0xFF, 0xFF, 0xFE, 0x30,
    0x00, 0x01, 0xFF, 0xFF, 0xFF, 0xFF, 0xFF, 0xFE, 0x20, 0x00, 0x1F, 0xFF, 0xFA, 0xAA, 0xDF, 0xFF, 0xFA, 0x00, 0x01, 0xFF,
    0xFF, 0x20, 0x00, 0x9F, 0xFF, 0xF1, 0x00, 0x1F, 0xFF, 0xF2, 0x00, 0x01, 0xEF, 0xFF, 0x50, 0x01, 0xFF, 0xFF, 0x20, 0x00,
    0x0B, 0xFF, 0xF7, 0x00, 0x1F, 0xFF, 0xF2, 0x00, 0x00, 0x9F, 0xFF, 0x80, 0x01, 0xFF, 0xFF, 0x20, 0x00, 0x0B, 0xFF, 0xF8,
    0x00, 0x1F, 0xFF, 0xF2, 0x00, 0x01, 0xEF, 0xFF, 0x60, 0x01, 0xFF, 0xFF, 0x20, 0x00, 0x9F, 0xFF, 0xF2, 0x00, 0x1F, 0xFF,
    0xFB, 0xAA, 0xDF, 0xFF, 0xFB, 0x00, 0x01, 0xFF, 0xFF, 0xFF, 0xFF, 0xFF, 0xFF, 0x20, 0x00, 0x1F, 0xFF, 0xFF, 0xFF, 0xFF,
    0xFE, 0x40, 0x00, 0x01, 0xFF, 0xFF, 0xFF, 0xFF, 0xFF, 0x50, 0x00, 0x00, 0x1F, 0xFF, 0xF2, 0x08, 0xFF, 0xF8, 0x00, 0x00,
    0x01, 0xFF, 0xFF, 0x20, 0x3F, 0xFF, 0xD0, 0x00, 0x00, 0x1F, 0xFF, 0xF2, 0x00, 0xEF, 0xFF, 0x30, 0x00, 0x01, 0xFF, 0xFF,
    0x20, 0x09, 0xFF, 0xF8, 0x00, 0x00, 0x1F, 0xFF, 0xF2, 0x00, 0x5F, 0xFF, 0xC0, 0x00, 0x01, 0xFF, 0xFF, 0x20, 0x01, 0xFF,
    0xFF, 0x20, 0x00, 0x1F, 0xFF, 0xF2, 0x00, 0x0B, 0xFF, 0xF7, 0x00, 0x01, 0xFF, 0xFF, 0x20, 0x00, 0x7F, 0xFF, 0xC0, 0x00,
    0x1F, 0xFF, 0xF2, 0x00, 0x03, 0xFF, 0xFF, 0x20, 0x01, 0xFF, 0xFF, 0x20, 0x00, 0x0D, 0xFF, 0xF6, 0x00, 0x1F, 0xFF, 0xF1,
    0x00, 0x00, 0x8F, 0xFF, 0xA0, 0x00, 0x00, 0x4A, 0xDF, 0xEC, 0x71, 0x00, 0x00, 0x00, 0x0A, 0xFF, 0xFF, 0xFF, 0xFD, 0x30,
    0x00, 0x00, 0x9F, 0xFF, 0xFF, 0xFF, 0xFF, 0xE2, 0x00, 0x03, 0xFF, 0xFF, 0xEB, 0xCF, 0xFF, 0xF9, 0x00, 0x09, 0xFF, 0xFD,
    0x10, 0x08, 0xFF, 0xFF, 0x10, 0x0B, 0xFF, 0xF6, 0x00, 0x00, 0xEF, 0xFF, 0x40, 0x0C, 0xFF, 0xF4, 0x00, 0x00, 0xCF, 0xFF,
    0x50, 0x0B, 0xFF, 0xF6, 0x00, 0x00, 0xBF, 0xFF, 0x50, 0x09, 0xFF, 0xFC, 0x00, 0x00, 0x12, 0x22, 0x00, 0x04, 0xFF, 0xFF,
    0xA0, 0x00, 0x00, 0x00, 0x00, 0x00, 0xBF, 0xFF, 0xFB, 0x10, 0x00, 0x00, 0x00, 0x00, 0x2E, 0xFF, 0xFF, 0xE4, 0x00, 0x00,
    0x00, 0x00, 0x03, 0xEF, 0xFF, 0xFF, 0x70, 0x00, 0x00, 0x00, 0x00, 0x2C, 0xFF, 0xFF, 0xFA, 0x00, 0x00, 0x00, 0x00, 0x00,
    0x9F, 0xFF, 0xFF, 0xA0, 0x00, 0x00, 0x00, 0x00, 0x05, 0xEF, 0xFF, 0xF7, 0x00, 0x00, 0x00, 0x00, 0x00, 0x2D, 0xFF, 0xFE,
    0x10, 0x00, 0x00, 0x00, 0x00, 0x03, 0xFF, 0xFF, 0x50, 0x0A, 0xFF, 0xF4, 0x00, 0x00, 0xBF, 0xFF, 0x70, 0x0C, 0xFF, 0xF6,
    0x00, 0x00, 0x9F, 0xFF, 0x80, 0x0A, 0xFF, 0xF9, 0x00, 0x00, 0xBF, 0xFF, 0x60, 0x07, 0xFF, 0xFF, 0x30, 0x05, 0xFF, 0xFF,
    0x30, 0x02, 0xFF, 0xFF, 0xFB, 0xBF, 0xFF, 0xFC, 0x00, 0x00, 0x8F, 0xFF, 0xFF, 0xFF, 0xFF, 0xF3, 0x00, 0x00, 0x08, 0xFF,
    0xFF, 0xFF, 0xFE, 0x50, 0x00, 0x00, 0x00, 0x39, 0xDF, 0xEC, 0x82, 0x00, 0x00, 0x0E, 0xFF, 0xFF, 0xFF, 0xFF, 0xFF, 0xFF,
    0xF4, 0x0F, 0xFF, 0xFF, 0xFF, 0xFF, 0xFF, 0xFF, 0xF4, 0x0F, 0xFF, 0xFF, 0xFF, 0xFF, 0xFF, 0xFF, 0xF4, 0x09, 0xAA, 0xAA,
    0xFF, 0xFF, 0xBA, 0xAA, 0xA2, 0x00, 0x00, 0x01, 0xFF, 0xFF, 0x20, 0x00, 0x00, 0x00, 0x00, 0x01, 0xFF, 0xFF, 0x20, 0x00,
    0x00, 0x00, 0x00, 0x01, 0xFF, 0xFF, 0x20, 0x00, 0x00, 0x00, 0x00, 0x01, 0xFF, 0xFF, 0x20, 0x00, 0x00, 0x00, 0x00, 0x01,
    0xFF, 0xFF, 0x20, 0x00, 0x00, 0x00, 0x00, 0x01, 0xFF, 0xFF, 0x20, 0x00, 0x00, 0x00, 0x00, 0x01, 0xFF, 0xFF, 0x20, 0x00,
    0x00, 0x00, 0x00, 0x01, 0xFF, 0xFF, 0x20, 0x00, 0x00, 0x00, 0x00, 0x01, 0xFF, 0xFF, 0x20, 0x00, 0x00, 0x00, 0x00, 0x01,
    0xFF, 0xFF, 0x20, 0x00, 0x00, 0x00, 0x00, 0x01, 0xFF, 0xFF, 0x20, 0x00, 0x00, 0x00, 0x00, 0x01, 0xFF, 0xFF, 0x20, 0x00,
    0x00, 0x00, 0x00, 0x01, 0xFF, 0xFF, 0x20, 0x00, 0x00, 0x00, 0x00, 0x01, 0xFF, 0xFF, 0x20, 0x00, 0x00, 0x00, 0x00, 0x01,
    0xFF, 0xFF, 0x20, 0x00, 0x00, 0x00, 0x00, 0x01, 0xFF, 0xFF, 0x20, 0x00, 0x00, 0x00, 0x00, 0x01, 0xFF, 0xFF, 0x20, 0x00,
    0x00, 0x00, 0x00, 0x01, 0xFF, 0xFF, 0x20, 0x00, 0x00, 0x00, 0x00, 0x01, 0xFF, 0xFF, 0x20, 0x00, 0x00, 0x00, 0x00, 0x01,
    0xFF, 0xFF, 0x20, 0x00, 0x00, 0x00, 0x00, 0x01, 0xFF, 0xFF, 0x20, 0x00, 0x00, 0x00, 0x00, 0x01, 0xFF, 0xFF, 0x10, 0x00,
    0x00, 0x02, 0xFF, 0xFE, 0x00, 0x00, 0x0A, 0xFF, 0xF5, 0x00, 0x3F, 0xFF, 0xF0, 0x00, 0x00, 0xCF, 0xFF, 0x60, 0x03, 0xFF,
    0xFF, 0x00, 0x00, 0x0C, 0xFF, 0xF6, 0x00, 0x3F, 0xFF, 0xF0, 0x00, 0x00, 0xCF, 0xFF, 0x60, 0x03, 0xFF, 0xFF, 0x00, 0x00,
    0x0C, 0xFF, 0xF6, 0x00, 0x3F, 0xFF, 0xF0, 0x00, 0x00, 0xCF, 0xFF, 0x60, 0x03, 0xFF, 0xFF, 0x00, 0x00, 0x0C, 0xFF, 0xF6,
    0x00, 0x3F, 0xFF, 0xF0, 0x00, 0x00, 0xCF, 0xFF, 0x60, 0x03, 0xFF, 0xFF, 0x00, 0x00, 0x0C, 0xFF, 0xF6, 0x00, 0x3F, 0xFF,
    0xF0, 0x00, 0x00, 0xCF, 0xFF, 0x60, 0x03, 0xFF, 0xFF, 0x00, 0x00, 0x0C, 0xFF, 0xF6, 0x00, 0x3F, 0xFF, 0xF0, 0x00, 0x00,
    0xCF, 0xFF, 0x60, 0x03, 0xFF, 0xFF, 0x00, 0x00, 0x0C, 0xFF, 0xF6, 0x00, 0x3F, 0xFF, 0xF0, 0x00, 0x00, 0xCF, 0xFF, 0x60,
    0x03, 0xFF, 0xFF, 0x00, 0x00, 0x0C, 0xFF, 0xF6, 0x00, 0x3F, 0xFF, 0xF0, 0x00, 0x00, 0xCF, 0xFF, 0x60, 0x03, 0xFF, 0xFF,
    0x00, 0x00, 0x0C, 0xFF, 0xF6, 0x00, 0x3F, 0xFF, 0xF0, 0x00, 0x00, 0xCF, 0xFF, 0x60, 0x03, 0xFF, 0xFF, 0x00, 0x00, 0x0C,
    0xFF, 0xF6, 0x00, 0x2F, 0xFF, 0xF0, 0x00, 0x00, 0xCF, 0xFF, 0x50, 0x01, 0xFF, 0xFF, 0x40, 0x00, 0x1F, 0xFF, 0xF3, 0x00,
    0x0B, 0xFF, 0xFC, 0x10, 0x09, 0xFF, 0xFE, 0x00, 0x00, 0x5F, 0xFF, 0xFE, 0xAD, 0xFF, 0xFF, 0x80, 0x00, 0x00, 0xAF, 0xFF,
    0xFF, 0xFF, 0xFF, 0xD1, 0x00, 0x00, 0x01, 0xAF, 0xFF, 0xFF, 0xFF, 0xC2, 0x00, 0x00, 0x00, 0x00, 0x5A, 0xEF, 0xEB, 0x60,
    0x00, 0x00, 0x0E, 0xFF, 0xF7, 0x00, 0x00, 0x06, 0xFF, 0xFD, 0x00, 0xCF, 0xFF, 0xA0, 0x00, 0x00, 0x9F, 0xFF, 0xB0, 0x09,
    0xFF, 0xFC, 0x00, 0x00, 0x0B, 0xFF, 0xF8, 0x00, 0x6F, 0xFF, 0xF0, 0x00, 0x00, 0xEF, 0xFF, 0x50, 0x02, 0xFF, 0xFF, 0x20,
    0x00, 0x1F, 0xFF, 0xF2, 0x00, 0x0E, 0xFF, 0xF5, 0x00, 0x04, 0xFF, 0xFE, 0x00, 0x00, 0xBF, 0xFF, 0x70, 0x00, 0x6F, 0xFF,
    0xB0, 0x00, 0x08, 0xFF, 0xFA, 0x00, 0x08, 0xFF, 0xF8, 0x00, 0x00, 0x5F, 0xFF, 0xC0, 0x00, 0xBF, 0xFF, 0x40, 0x00, 0x02,
    0xFF, 0xFF, 0x00, 0x0D, 0xFF, 0xF1, 0x00, 0x00, 0x0E, 0xFF, 0xF2, 0x01, 0xFF, 0xFD, 0x00, 0x00, 0x00, 0xBF, 0xFF, 0x50,
    0x3F, 0xFF, 0xA0, 0x00, 0x00, 0x08, 0xFF, 0xF7, 0x06, 0xFF, 0xF7, 0x00, 0x00, 0x00, 0x5F, 0xFF, 0xA0, 0x8F, 0xFF, 0x40,
    0x00, 0x00, 0x02, 0xFF, 0xFC, 0x0A, 0xFF, 0xF1, 0x00, 0x00, 0x00, 0x0E, 0xFF, 0xE0, 0xDF, 0xFD, 0x00, 0x00, 0x00, 0x00,
    0xBF, 0xFF, 0x3F, 0xFF, 0xA0, 0x00, 0x00, 0x00, 0x08, 0xFF, 0xF7, 0xFF, 0xF7, 0x00, 0x00, 0x00, 0x00, 0x4F, 0xFF, 0xDF,
    0xFF, 0x30, 0x00, 0x00, 0x00, 0x01, 0xFF, 0xFF, 0xFF, 0xF1, 0x00, 0x00, 0x00, 0x00, 0x0D, 0xFF, 0xFF, 0xFC, 0x00, 0x00,
    0x00, 0x00, 0x00, 0xAF, 0xFF, 0xFF, 0x90, 0x00, 0x00, 0x00, 0x00, 0x07, 0xFF, 0xFF, 0xF6, 0x00, 0x00, 0x00, 0x00, 0x00,
    0x4F, 0xFF, 0xFF, 0x30, 0x00, 0x00, 0x00, 0x00, 0x01, 0xFF, 0xFF, 0xF0, 0x00, 0x00, 0x00, 0x00, 0x00, 0x0C, 0xFF, 0xFB,
    0x00, 0x00, 0x00, 0x2F, 0xFF, 0xF2, 0x00, 0x00, 0xCF, 0xFE, 0x00, 0x00, 0x1F, 0xFF, 0xF1, 0x0E, 0xFF, 0xF5, 0x00, 0x00,
    0xFF, 0xFF, 0x20, 0x00, 0x4F, 0xFF, 0xE0, 0x0B, 0xFF, 0xF7, 0x00, 0x02, 0xFF, 0xFF, 0x40, 0x00, 0x6F, 0xFF, 0xB0, 0x09,
    0xFF, 0xFA, 0x00, 0x04, 0xFF, 0xFF, 0x70, 0x00, 0x8F, 0xFF, 0x80, 0x06, 0xFF, 0xFC, 0x00, 0x07, 0xFF, 0xFF, 0x90, 0x00,
    0xAF, 0xFF, 0x60, 0x03, 0xFF, 0xFE, 0x00, 0x09, 0xFF, 0xFF, 0xC0, 0x00, 0xDF, 0xFF, 0x30, 0x00, 0xFF, 0xFF, 0x20, 0x0B,
    0xFF, 0xFF, 0xE0, 0x00, 0xFF, 0xFF, 0x00, 0x00, 0xCF, 0xFF, 0x40, 0x0D, 0xFF, 0xFF, 0xF1, 0x02, 0xFF, 0xFD, 0x00, 0x00,
    0x9F, 0xFF, 0x70, 0x0F, 0xFF, 0xFF, 0xF4, 0x04, 0xFF, 0xFA, 0x00, 0x00, 0x6F, 0xFF, 0x90, 0x2F, 0xFF, 0xFF, 0xF6, 0x06,
    0xFF, 0xF7, 0x00, 0x00, 0x3F, 0xFF, 0xC0, 0x5F, 0xFE, 0xDF, 0xF8, 0x09, 0xFF, 0xF4, 0x00, 0x00, 0x1F, 0xFF, 0xE0, 0x7F,
    0xFB, 0xAF, 0xFB, 0x0B, 0xFF, 0xF2, 0x00, 0x00, 0x0D, 0xFF, 0xF1, 0x9F, 0xF9, 0x8F, 0xFD, 0x0D, 0xFF, 0xE0, 0x00, 0x00,
    0x0A, 0xFF, 0xF4, 0xBF, 0xF7, 0x6F, 0xFF, 0x1F, 0xFF, 0xB0, 0x00, 0x00, 0x07, 0xFF, 0xF6, 0xDF, 0xF5, 0x3F, 0xFF, 0x5F,
    0xFF, 0x80, 0x00, 0x00, 0x04, 0xFF, 0xF9, 0xFF, 0xF2, 0x1F, 0xFF, 0x9F, 0xFF, 0x60, 0x00, 0x00, 0x01, 0xFF, 0xFF, 0xFF,
    0xF0, 0x0D, 0xFF, 0xFF, 0xFF, 0x30, 0x00, 0x00, 0x00, 0xDF, 0xFF, 0xFF, 0xD0, 0x0B, 0xFF, 0xFF, 0xFF, 0x00, 0x00, 0x00,
    0x00, 0xBF, 0xFF, 0xFF, 0xB0, 0x09, 0xFF, 0xFF, 0xFD, 0x00, 0x00, 0x00, 0x00, 0x8F, 0xFF, 0xFF, 0x90, 0x06, 0xFF, 0xFF,
    0xFA, 0x00, 0x00, 0x00, 0x00, 0x5F, 0xFF, 0xFF, 0x60, 0x04, 0xFF, 0xFF, 0xF7, 0x00, 0x00, 0x00, 0x00, 0x2F, 0xFF, 0xFF,
    0x40, 0x02, 0xFF, 0xFF, 0xF4, 0x00, 0x00, 0x00, 0x00, 0x0E, 0xFF, 0xFF, 0x20, 0x00, 0xEF, 0xFF, 0xF2, 0x00, 0x00, 0x00,
    0x00, 0x0B, 0xFF, 0xFF, 0x00, 0x00, 0xCF, 0xFF, 0xE0, 0x00, 0x00, 0x00, 0x00, 0x08, 0xFF, 0xFD, 0x00, 0x00, 0x9F, 0xFF,
    0xB0, 0x00, 0x00, 0x00, 0x00, 0x05, 0xFF, 0xFA, 0x00, 0x00, 0x7F, 0xFF, 0x80, 0x00, 0x00, 0x0D, 0xFF, 0xF5, 0x00, 0x00,
    0x0B, 0xFF, 0xF6, 0x00, 0x8F, 0xFF, 0xB0, 0x00, 0x02, 0xFF, 0xFF, 0x10, 0x02, 0xFF, 0xFF, 0x10, 0x00, 0x7F, 0xFF, 0xA0,
    0x00, 0x0B, 0xFF, 0xF6, 0x00, 0x0C, 0xFF, 0xF4, 0x00, 0x00, 0x5F, 0xFF, 0xB0, 0x02, 0xFF, 0xFD, 0x00, 0x00, 0x00, 0xEF,
    0xFF, 0x20, 0x7F, 0xFF, 0x70, 0x00, 0x00, 0x08, 0xFF, 0xF7, 0x0C, 0xFF, 0xF2, 0x00, 0x00, 0x00, 0x2F, 0xFF, 0xC3, 0xFF,
    0xFB, 0x00, 0x00, 0x00, 0x00, 0xBF, 0xFF, 0xAF, 0xFF, 0x50, 0x00, 0x00, 0x00, 0x06, 0xFF, 0xFF, 0xFF, 0xE0, 0x00, 0x00,
    0x00, 0x00, 0x1E, 0xFF, 0xFF, 0xF8, 0x00, 0x00, 0x00, 0x00, 0x00, 0x9F, 0xFF, 0xFF, 0x20, 0x00, 0x00, 0x00, 0x00, 0x03,
    0xFF, 0xFF, 0xB0, 0x00, 0x00, 0x00, 0x00, 0x00, 0x1F, 0xFF, 0xF9, 0x00, 0x00, 0x00, 0x00, 0x00, 0x07, 0xFF, 0xFF, 0xE1,
    0x00, 0x00, 0x00, 0x00, 0x00, 0xDF, 0xFF, 0xFF, 0x60, 0x00, 0x00, 0x00, 0x00, 0x4F, 0xFF, 0xFF, 0xFC, 0x00, 0x00, 0x00,
    0x00, 0x0A, 0xFF, 0xFE, 0xFF, 0xF3, 0x00, 0x00, 0x00, 0x01, 0xFF, 0xFE, 0x5F, 0xFF, 0x90, 0x00, 0x00, 0x00, 0x7F, 0xFF,
    0x80, 0xEF, 0xFE, 0x10, 0x00, 0x00, 0x0D, 0xFF, 0xF3, 0x09, 0xFF, 0xF6, 0x00, 0x00, 0x04, 0xFF, 0xFD, 0x00, 0x3F, 0xFF,
    0xC0, 0x00, 0x00, 0xAF, 0xFF, 0x70, 0x00, 0xDF, 0xFF, 0x30, 0x00, 0x2F, 0xFF, 0xF2, 0x00, 0x08, 0xFF, 0xFA, 0x00, 0x07,
    0xFF, 0xFB, 0x00, 0x00, 0x2F, 0xFF, 0xF1, 0x00, 0xCF, 0xFF, 0x50, 0x00, 0x00, 0xBF, 0xFF, 0x60, 0x0D, 0xFF, 0xF6, 0x00,
    0x00, 0x1E, 0xFF, 0xF4, 0x09, 0xFF, 0xFB, 0x00, 0x00, 0x5F, 0xFF, 0xE1, 0x04, 0xFF, 0xFF, 0x10, 0x00, 0x9F, 0xFF, 0xA0,
    0x00, 0xDF, 0xFF, 0x40, 0x00, 0xDF, 0xFF, 0x50, 0x00, 0x9F, 0xFF, 0x80, 0x02, 0xFF, 0xFE, 0x00, 0x00, 0x3F, 0xFF, 0xD0,
    0x07, 0xFF, 0xFA, 0x00, 0x00, 0x0D, 0xFF, 0xF2, 0x0B, 0xFF, 0xF4, 0x00, 0x00, 0x08, 0xFF, 0xF6, 0x0E, 0xFF, 0xE0, 0x00,
    0x00, 0x03, 0xFF, 0xFA, 0x4F, 0xFF, 0x90, 0x00, 0x00, 0x00, 0xDF, 0xFE, 0x9F, 0xFF, 0x40, 0x00, 0x00, 0x00, 0x8F, 0xFF,
    0xFF, 0xFE, 0x00, 0x00, 0x00, 0x00, 0x3F, 0xFF, 0xFF, 0xF9, 0x00, 0x00, 0x00, 0x00, 0x0D, 0xFF, 0xFF, 0xF4, 0x00, 0x00,
    0x00, 0x00, 0x07, 0xFF, 0xFF, 0xD0, 0x00, 0x00, 0x00, 0x00, 0x02, 0xFF, 0xFF, 0x80, 0x00, 0x00, 0x00, 0x00, 0x00, 0xDF,
    0xFF, 0x50, 0x00, 0x00, 0x00, 0x00, 0x00, 0xDF, 0xFF, 0x40, 0x00, 0x00, 0x00, 0x00, 0x00, 0xDF, 0xFF, 0x40, 0x00, 0x00,
    0x00, 0x00, 0x00, 0xDF, 0xFF, 0x40, 0x00, 0x00, 0x00, 0x00, 0x00, 0xDF, 0xFF, 0x40, 0x00, 0x00, 0x00, 0x00, 0x00, 0xDF,
    0xFF, 0x40, 0x00, 0x00, 0x00, 0x00, 0x00, 0xDF, 0xFF, 0x40, 0x00, 0x00, 0x00, 0x00, 0x00, 0xDF, 0xFF, 0x40, 0x00, 0x00,
    0x00, 0x00, 0x00, 0xDF, 0xFF, 0x40, 0x00, 0x00, 0x00, 0x00, 0x00, 0xDF, 0xFF, 0x40, 0x00, 0x00, 0x00, 0x00, 0x00, 0xCF,
    0xFF, 0x40, 0x00, 0x00, 0x1F, 0xFF, 0xFF, 0xFF, 0xFF, 0xFF, 0xF8, 0x01, 0xFF, 0xFF, 0xFF, 0xFF, 0xFF, 0xFF, 0x90, 0x1F,
    0xFF, 0xFF, 0xFF, 0xFF, 0xFF, 0xF9, 0x00, 0x9A, 0xAA, 0xAA, 0xAA, 0xFF, 0xFF, 0x80, 0x00, 0x00, 0x00, 0x00, 0x3F, 0xFF,
    0xF3, 0x00, 0x00, 0x00, 0x00, 0x0A, 0xFF, 0xFB, 0x00, 0x00, 0x00, 0x00, 0x02, 0xFF, 0xFF, 0x50, 0x00, 0x00, 0x00, 0x00,
    0x8F, 0xFF, 0xD0, 0x00, 0x00, 0x00, 0x00, 0x1E, 0xFF, 0xF7, 0x00, 0x00, 0x00, 0x00, 0x06, 0xFF, 0xFE, 0x10, 0x00, 0x00,
    0x00, 0x00, 0xDF, 0xFF, 0x80, 0x00, 0x00, 0x00, 0x00, 0x5F, 0xFF, 0xF2, 0x00, 0x00, 0x00, 0x00, 0x0B, 0xFF, 0xFA, 0x00,
    0x00, 0x00, 0x00, 0x03, 0xFF, 0xFF, 0x30, 0x00, 0x00, 0x00, 0x00, 0xAF, 0xFF, 0xC0, 0x00, 0x00, 0x00, 0x00, 0x1F, 0xFF,
    0xF5, 0x00, 0x00, 0x00, 0x00, 0x08, 0xFF, 0xFD, 0x00, 0x00, 0x00, 0x00, 0x01, 0xEF, 0xFF, 0x70, 0x00, 0x00, 0x00, 0x00,
    0x6F, 0xFF, 0xE1, 0x00, 0x00, 0x00, 0x00, 0x0D, 0xFF, 0xF9, 0x00, 0x00, 0x00, 0x00, 0x04, 0xFF, 0xFF, 0x20, 0x00, 0x00,
    0x00, 0x00, 0xBF, 0xFF, 0xA0, 0x00, 0x00, 0x00, 0x00, 0x1F, 0xFF, 0xFC, 0xAA, 0xAA, 0xAA, 0xA5, 0x01, 0xFF, 0xFF, 0xFF,
    0xFF, 0xFF, 0xFF, 0x90, 0x1F, 0xFF, 0xFF, 0xFF, 0xFF, 0xFF, 0xF9, 0x01, 0xFF, 0xFF, 0xFF, 0xFF, 0xFF, 0xFF, 0x80, 0x0E,
    0xFF, 0xFF, 0xFF, 0x70, 0x00, 0x0F, 0xFF, 0xFF, 0xFF, 0x80, 0x00, 0x0F, 0xFF, 0xFF, 0xFF, 0x80, 0x00, 0x0F, 0xFF, 0xFB,
    0xAA, 0x40, 0x00, 0x0F, 0xFF, 0xF2, 0x00, 0x00, 0x00, 0x0F, 0xFF, 0xF2, 0x00, 0x00, 0x00, 0x0F, 0xFF, 0xF2, 0x00, 0x00,
    0x00, 0x0F, 0xFF, 0xF2, 0x00, 0x00, 0x00, 0x0F, 0xFF, 0xF2, 0x00, 0x00, 0x00, 0x0F, 0xFF, 0xF2, 0x00, 0x00, 0x00, 0x0F,
    0xFF, 0xF2, 0x00, 0x00, 0x00, 0x0F, 0xFF, 0xF2, 0x00, 0x00, 0x00, 0x0F, 0xFF, 0xF2, 0x00, 0x00, 0x00, 0x0F, 0xFF, 0xF2,
    0x00, 0x00, 0x00, 0x0F, 0xFF, 0xF2, 0x00, 0x00, 0x00, 0x0F, 0xFF, 0xF2, 0x00, 0x00, 0x00, 0x0F, 0xFF, 0xF2, 0x00, 0x00,
    0x00, 0x0F, 0xFF, 0xF2, 0x00, 0x00, 0x00, 0x0F, 0xFF, 0xF2, 0x00, 0x00, 0x00, 0x0F, 0xFF, 0xF2, 0x00, 0x00, 0x00, 0x0F,
    0xFF, 0xF2, 0x00, 0x00, 0x00, 0x0F, 0xFF, 0xF2, 0x00, 0x00, 0x00, 0x0F, 0xFF, 0xF2, 0x00, 0x00, 0x00, 0x0F, 0xFF, 0xF2,
    0x00, 0x00, 0x00, 0x0F, 0xFF, 0xF2, 0x00, 0x00, 0x00, 0x0F, 0xFF, 0xF2, 0x00, 0x00, 0x00, 0x0F, 0xFF, 0xF2, 0x00, 0x00,
    0x00, 0x0F, 0xFF, 0xF2, 0x00, 0x00, 0x00, 0x0F, 0xFF, 0xF2, 0x00, 0x00, 0x00, 0x0F, 0xFF, 0xF2, 0x00, 0x00, 0x00, 0x0F,
    0xFF, 0xFB, 0xAA, 0x40, 0x00, 0x0F, 0xFF, 0xFF, 0xFF, 0x80, 0x00, 0x0F, 0xFF, 0xFF, 0xFF, 0x80, 0x00, 0x0E, 0xFF, 0xFF,
    0xFF, 0x70, 0x00, 0x04, 0xFF, 0xFC, 0x00, 0x00, 0x00, 0x00, 0x01, 0xFF, 0xFF, 0x20, 0x00, 0x00, 0x00, 0x00, 0xBF, 0xFF,
    0x60, 0x00, 0x00, 0x00, 0x00, 0x7F, 0xFF, 0xB0, 0x00, 0x00, 0x00, 0x00, 0x3F, 0xFF, 0xF1, 0x00, 0x00, 0x00, 0x00, 0x0D,
    0xFF, 0xF4, 0x00, 0x00, 0x00, 0x00, 0x09, 0xFF, 0xF9, 0x00, 0x00, 0x00, 0x00, 0x04, 0xFF, 0xFD, 0x00, 0x00, 0x00, 0x00,
    0x01, 0xEF, 0xFF, 0x30, 0x00, 0x00, 0x00, 0x00, 0xBF, 0xFF, 0x70, 0x00, 0x00, 0x00, 0x00, 0x6F, 0xFF, 0xC0, 0x00, 0x00,
    0x00, 0x00, 0x2F, 0xFF, 0xF1, 0x00, 0x00, 0x00, 0x00, 0x0C, 0xFF, 0xF5, 0x00, 0x00, 0x00, 0x00, 0x08, 0xFF, 0xFA, 0x00,
    0x00, 0x00, 0x00, 0x04, 0xFF, 0xFE, 0x00, 0x00, 0x00, 0x00, 0x00, 0xEF, 0xFF, 0x40, 0x00, 0x00, 0x00, 0x00, 0xAF, 0xFF,
    0x80, 0x00, 0x00, 0x00, 0x00, 0x5F, 0xFF, 0xC0, 0x00, 0x00, 0x00, 0x00, 0x1F, 0xFF, 0xF2, 0x00, 0x00, 0x00, 0x00, 0x0C,
    0xFF, 0xF6, 0x00, 0x00, 0x00, 0x00, 0x07, 0xFF, 0xFB, 0x00, 0x00, 0x00, 0x00, 0x03, 0xFF, 0xFE, 0x10, 0x00, 0x00, 0x00,
    0x00, 0xDF, 0xFF, 0x40, 0x00, 0x00, 0x00, 0x00, 0x9F, 0xFF, 0x90, 0x00, 0x00, 0x00, 0x00, 0x5F, 0xFF, 0xD0, 0x00, 0x00,
    0x00, 0x00, 0x1E, 0xFF, 0xF2, 0x00, 0x09, 0xFF, 0xFF, 0xFF, 0xC0, 0x00, 0x0A, 0xFF, 0xFF, 0xFF, 0xD0, 0x00, 0x0A, 0xFF,
    0xFF, 0xFF, 0xD0, 0x00, 0x05, 0xAA, 0xBF, 0xFF, 0xD0, 0x00, 0x00, 0x00, 0x4F, 0xFF, 0xD0, 0x00, 0x00, 0x00, 0x4F, 0xFF,
    0xD0, 0x00, 0x00, 0x00, 0x4F, 0xFF, 0xD0, 0x00, 0x00, 0x00, 0x4F, 0xFF, 0xD0, 0x00, 0x00, 0x00, 0x4F, 0xFF, 0xD0, 0x00,
    0x00, 0x00, 0x4F, 0xFF, 0xD0, 0x00, 0x00, 0x00, 0x4F, 0xFF, 0xD0, 0x00, 0x00, 0x00, 0x4F, 0xFF, 0xD0, 0x00, 0x00, 0x00,
    0x4F, 0xFF, 0xD0, 0x00, 0x00, 0x00, 0x4F, 0xFF, 0xD0, 0x00, 0x00, 0x00, 0x4F, 0xFF, 0xD0, 0x00, 0x00, 0x00, 0x4F, 0xFF,
    0xD0, 0x00, 0x00, 0x00, 0x4F, 0xFF, 0xD0, 0x00, 0x00, 0x00, 0x4F, 0xFF, 0xD0, 0x00, 0x00, 0x00, 0x4F, 0xFF, 0xD0, 0x00,
    0x00, 0x00, 0x4F, 0xFF, 0xD0, 0x00, 0x00, 0x00, 0x4F, 0xFF, 0xD0, 0x00, 0x00, 0x00, 0x4F, 0xFF, 0xD0, 0x00, 0x00, 0x00,
    0x4F, 0xFF, 0xD0, 0x00, 0x00, 0x00, 0x4F, 0xFF, 0xD0, 0x00, 0x00, 0x00, 0x4F, 0xFF, 0xD0, 0x00, 0x00, 0x00, 0x4F, 0xFF,
    0xD0, 0x00, 0x00, 0x00, 0x4F, 0xFF, 0xD0, 0x00, 0x00, 0x00, 0x4F, 0xFF, 0xD0, 0x00, 0x00, 0x00, 0x4F, 0xFF, 0xD0, 0x00,
    0x00, 0x00, 0x4F, 0xFF, 0xD0, 0x00, 0x05, 0xAA, 0xBF, 0xFF, 0xD0, 0x00, 0x0A, 0xFF, 0xFF, 0xFF, 0xD0, 0x00, 0x0A, 0xFF,
    0xFF, 0xFF, 0xD0, 0x00, 0x09, 0xFF, 0xFF, 0xFF, 0xC0, 0x00, 0x00, 0x03, 0x78, 0x71, 0x00, 0x00, 0x00, 0x00, 0x00, 0xAF,
    0xFF, 0x70, 0x00, 0x00, 0x00, 0x00, 0x0E, 0xFF, 0xFC, 0x00, 0x00, 0x00, 0x00, 0x05, 0xFF, 0xFF, 0xF2, 0x00, 0x00, 0x00,
    0x00, 0xAF, 0xFF, 0xFF, 0x70, 0x00, 0x00, 0x00, 0x0E, 0xFF, 0xCF, 0xFC, 0x00, 0x00, 0x00, 0x04, 0xFF, 0xF3, 0xFF, 0xF2,
    0x00, 0x00, 0x00, 0x9F, 0xFB, 0x0D, 0xFF, 0x70, 0x00, 0x00, 0x0E, 0xFF, 0x70, 0x8F, 0xFC, 0x00, 0x00, 0x04, 0xFF, 0xF2,
    0x04, 0xFF, 0xF2, 0x00, 0x00, 0x9F, 0xFD, 0x00, 0x0E, 0xFF, 0x70, 0x00, 0x0E, 0xFF, 0x80, 0x00, 0xAF, 0xFC, 0x00, 0x04,
    0xFF, 0xF4, 0x00, 0x06, 0xFF, 0xF2, 0x00, 0x9F, 0xFE, 0x00, 0x00, 0x1F, 0xFF, 0x60, 0x0C, 0xFF, 0x90, 0x00, 0x00, 0xBF,
    0xFA, 0x00, 0x00, 0x00, 0x00, 0x00, 0x00, 0x00, 0x00, 0x00, 0x00, 0x00, 0x00, 0x00, 0x00, 0x00, 0x00, 0x00, 0x00, 0x00,
    0x00, 0x00, 0x00, 0x00, 0x00, 0x00, 0x00, 0x00, 0x00, 0x00, 0x00, 0x00, 0x00, 0x00, 0x00, 0x00, 0x00, 0x00, 0x00, 0x00,
    0x00, 0x00, 0x00, 0x00, 0x00, 0x00, 0x00, 0x00, 0x00, 0x00, 0x00, 0x00, 0x00, 0x00, 0x00, 0x00, 0x00, 0x00, 0x00, 0x00,
    0x00, 0x00, 0x00, 0x00, 0x00, 0x00, 0x00, 0x00, 0x00, 0x00, 0x00, 0x00, 0x00, 0x00, 0x00, 0x00, 0x00, 0x00, 0x00, 0x00,
    0x00, 0x00, 0x00, 0x00, 0x3A, 0xAA, 0xAA, 0xAA, 0xAA, 0xAA, 0xA8, 0x06, 0xFF, 0xFF, 0xFF, 0xFF, 0xFF, 0xFF, 0xF0, 0x6F,
    0xFF, 0xFF, 0xFF, 0xFF, 0xFF, 0xFF, 0x05, 0xFF, 0xFF, 0xFF, 0xFF, 0xFF, 0xFF, 0xE0, 0x1E, 0xFF, 0x70, 0x00, 0x7F, 0xFE,
    0x10, 0x00, 0xCF, 0xF8, 0x00, 0x03, 0xFF, 0xE1, 0x00, 0x08, 0xFF, 0x70, 0x00, 0x00, 0x00, 0x00, 0x00, 0x00, 0x00, 0x00,
    0x00, 0x00, 0x00, 0x00, 0x00, 0x00, 0x00, 0x00, 0x00, 0x00, 0x00, 0x00, 0x00, 0x00, 0x00, 0x00, 0x00, 0x00, 0x00, 0x00,
    0x00, 0x00, 0x00, 0x00, 0x00, 0x00, 0x00, 0x00, 0x00, 0x00, 0x00, 0x00, 0x00, 0x00, 0x00, 0x00, 0x00, 0x00, 0x00, 0x00,
    0x00, 0x00, 0x00, 0x00, 0x00, 0x00, 0x00, 0x00, 0x00, 0x00, 0x00, 0x00, 0x00, 0x00, 0x00, 0x00, 0x00, 0x00, 0x00, 0x00,
    0x00, 0x00, 0x00, 0x00, 0x00, 0x00, 0x00, 0x39, 0xDF, 0xEC, 0x82, 0x00, 0x00, 0x00, 0x07, 0xFF, 0xFF, 0xFF, 0xFE, 0x50,
    0x00, 0x00, 0x6F, 0xFF, 0xFF, 0xFF, 0xFF, 0xF3, 0x00, 0x00, 0xEF, 0xFF, 0xFB, 0xCF, 0xFF, 0xFC, 0x00, 0x04, 0xFF, 0xFF,
    0x50, 0x08, 0xFF, 0xFF, 0x10, 0x03, 0xBB, 0xBA, 0x00, 0x01, 0xFF, 0xFF, 0x40, 0x00, 0x00, 0x00, 0x00, 0x00, 0xEF, 0xFF,
    0x40, 0x00, 0x00, 0x15, 0x89, 0xAA, 0xFF, 0xFF, 0x40, 0x00, 0x19, 0xFF, 0xFF, 0xFF, 0xFF, 0xFF, 0x40, 0x00, 0xBF, 0xFF,
    0xFF, 0xFF, 0xFF, 0xFF, 0x40, 0x06, 0xFF, 0xFF, 0xFF, 0xFF, 0xFF, 0xFF, 0x40, 0x0B, 0xFF, 0xFF, 0x61, 0x00, 0xEF, 0xFF,
    0x40, 0x0D, 0xFF, 0xF8, 0x00, 0x00, 0xDF, 0xFF, 0x40, 0x0E, 0xFF, 0xF6, 0x00, 0x00, 0xFF, 0xFF, 0x40, 0x0D, 0xFF, 0xFA,
    0x00, 0x08, 0xFF, 0xFF, 0x40, 0x0B, 0xFF, 0xFF, 0xDA, 0xDF, 0xFF, 0xFF, 0x40, 0x06, 0xFF, 0xFF, 0xFF, 0xFF, 0xFF, 0xFF,
    0x40, 0x00, 0xAF, 0xFF, 0xFF, 0xFD, 0xEF, 0xFF, 0x40, 0x00, 0x05, 0xBE, 0xFD, 0x91, 0xCF, 0xFF, 0x40, 0x04, 0xFF, 0xFC,
    0x00, 0x00, 0x00, 0x00, 0x00, 0x05, 0xFF, 0xFC, 0x00, 0x00, 0x00, 0x00, 0x00, 0x05, 0xFF, 0xFC, 0x00, 0x00, 0x00, 0x00,
    0x00, 0x05, 0xFF, 0xFC, 0x00, 0x00, 0x00, 0x00, 0x00, 0x05, 0xFF, 0xFC, 0x00, 0x00, 0x00, 0x00, 0x00, 0x05, 0xFF, 0xFC,
    0x00, 0x00, 0x00, 0x00, 0x00, 0x05, 0xFF, 0xFC, 0x00, 0x00, 0x00, 0x00, 0x00, 0x05, 0xFF, 0xFC, 0x29, 0xEF, 0xD8, 0x10,
    0x00, 0x05, 0xFF, 0xFE, 0xEF, 0xFF, 0xFF, 0xD1, 0x00, 0x05, 0xFF, 0xFF, 0xFF, 0xFF, 0xFF, 0xF9, 0x00, 0x05, 0xFF, 0xFF,
    0xFB, 0xBF, 0xFF, 0xFF, 0x10, 0x05, 0xFF, 0xFF, 0x60, 0x05, 0xFF, 0xFF, 0x40, 0x05, 0xFF, 0xFE, 0x00, 0x00, 0xDF, 0xFF,
    0x50, 0x05, 0xFF, 0xFC, 0x00, 0x00, 0xCF, 0xFF, 0x50, 0x05, 0xFF, 0xFC, 0x00, 0x00, 0xCF, 0xFF, 0x50, 0x05, 0xFF, 0xFC,
    0x00, 0x00, 0xCF, 0xFF, 0x50, 0x05, 0xFF, 0xFC, 0x00, 0x00, 0xCF, 0xFF, 0x50, 0x05, 0xFF, 0xFC, 0x00, 0x00, 0xCF, 0xFF,
    0x50, 0x05, 0xFF, 0xFC, 0x00, 0x00, 0xCF, 0xFF, 0x50, 0x05, 0xFF, 0xFC, 0x00, 0x00, 0xCF, 0xFF, 0x50, 0x05, 0xFF, 0xFD,
    0x00, 0x00, 0xDF, 0xFF, 0x50, 0x05, 0xFF, 0xFF, 0x50, 0x05, 0xFF, 0xFF, 0x40, 0x05, 0xFF, 0xFF, 0xFB, 0xBF, 0xFF, 0xFF,
    0x10, 0x05, 0xFF, 0xFF, 0xFF, 0xFF, 0xFF, 0xF9, 0x00, 0x05, 0xFF, 0xFF, 0xFF, 0xFF, 0xFF, 0xD1, 0x00, 0x04, 0xFF, 0xFC,
    0x4B, 0xEF, 0xD8, 0x10, 0x00, 0x00, 0x00, 0x5A, 0xEF, 0xEC, 0x82, 0x00, 0x00, 0x01, 0xBF, 0xFF, 0xFF, 0xFF, 0xE5, 0x00,
    0x00, 0xAF, 0xFF, 0xFF, 0xFF, 0xFF, 0xF3, 0x00, 0x3F, 0xFF, 0xFE, 0xBC, 0xFF, 0xFF, 0xB0, 0x07, 0xFF, 0xFE, 0x20, 0x08,
    0xFF, 0xFF, 0x10, 0x9F, 0xFF, 0xA0, 0x00, 0x1F, 0xFF, 0xF2, 0x09, 0xFF, 0xF8, 0x00, 0x00, 0x89, 0x98, 0x10, 0x9F, 0xFF,
    0x80, 0x00, 0x00, 0x00, 0x00, 0x09, 0xFF, 0xF8, 0x00, 0x00, 0x00, 0x00, 0x00, 0x9F, 0xFF, 0x80, 0x00, 0x00, 0x00, 0x00,
    0x09, 0xFF, 0xF8, 0x00, 0x00, 0x00, 0x00, 0x00, 0x9F, 0xFF, 0x80, 0x00, 0x00, 0x00, 0x00, 0x09, 0xFF, 0xF8, 0x00, 0x00,
    0x9A, 0xAA, 0x10, 0x9F, 0xFF, 0xA0, 0x00, 0x1F, 0xFF, 0xF2, 0x07, 0xFF, 0xFE, 0x20, 0x08, 0xFF, 0xFF, 0x10, 0x3F, 0xFF,
    0xFE, 0xBC, 0xFF, 0xFF, 0xB0, 0x00, 0xAF, 0xFF, 0xFF, 0xFF, 0xFF, 0xF3, 0x00, 0x01, 0xBF, 0xFF, 0xFF, 0xFF, 0xE5, 0x00,
    0x00, 0x00, 0x5B, 0xEF, 0xEC, 0x82, 0x00, 0x00, 0x00, 0x00, 0x00, 0x00, 0x01, 0xFF, 0xFF, 0x10, 0x00, 0x00, 0x00, 0x00,
    0x01, 0xFF, 0xFF, 0x10, 0x00, 0x00, 0x00, 0x00, 0x01, 0xFF, 0xFF, 0x10, 0x00, 0x00, 0x00, 0x00, 0x01, 0xFF, 0xFF, 0x10,
    0x00, 0x00, 0x00, 0x00, 0x01, 0xFF, 0xFF, 0x10, 0x00, 0x00, 0x00, 0x00, 0x01, 0xFF, 0xFF, 0x10, 0x00, 0x00, 0x00, 0x00,
    0x01, 0xFF, 0xFF, 0x10, 0x00, 0x02, 0xAE, 0xFD, 0x72, 0xFF, 0xFF, 0x10, 0x00, 0x4E, 0xFF, 0xFF, 0xFD, 0xFF, 0xFF, 0x10,
    0x00, 0xDF, 0xFF, 0xFF, 0xFF, 0xFF, 0xFF, 0x10, 0x04, 0xFF, 0xFF, 0xEB, 0xCF, 0xFF, 0xFF, 0x10, 0x08, 0xFF, 0xFE, 0x20,
    0x0A, 0xFF, 0xFF, 0x10, 0x09, 0xFF, 0xF9, 0x00, 0x03, 0xFF, 0xFF, 0x10, 0x09, 0xFF, 0xF8, 0x00, 0x01, 0xFF, 0xFF, 0x10,
    0x09, 0xFF, 0xF8, 0x00, 0x01, 0xFF, 0xFF, 0x10, 0x09, 0xFF, 0xF8, 0x00, 0x01, 0xFF, 0xFF, 0x10, 0x09, 0xFF, 0xF8, 0x00,
    0x01, 0xFF, 0xFF, 0x10, 0x09, 0xFF, 0xF8, 0x00, 0x01, 0xFF, 0xFF, 0x10, 0x09, 0xFF, 0xF8, 0x00, 0x01, 0xFF, 0xFF, 0x10,
    0x09, 0xFF, 0xF8, 0x00, 0x01, 0xFF, 0xFF, 0x10, 0x09, 0xFF, 0xF9, 0x00, 0x02, 0xFF, 0xFF, 0x10, 0x08, 0xFF, 0xFE, 0x20,
    0x09, 0xFF, 0xFF, 0x10, 0x04, 0xFF, 0xFF, 0xEA, 0xCF, 0xFF, 0xFF, 0x10, 0x00, 0xDF, 0xFF, 0xFF, 0xFF, 0xFF, 0xFF, 0x10,
    0x00, 0x3E, 0xFF, 0xFF, 0xFF, 0xFF, 0xFF, 0x10, 0x00, 0x02, 0xAE, 0xFD, 0x93, 0xFF, 0xFF, 0x10, 0x00, 0x00, 0x5A, 0xEF,
    0xEC, 0x82, 0x00, 0x00, 0x01, 0xBF, 0xFF, 0xFF, 0xFF, 0xE4, 0x00, 0x00, 0xAF, 0xFF, 0xFF, 0xFF, 0xFF, 0xE3, 0x00, 0x3F,
    0xFF, 0xFE, 0xAC, 0xFF, 0xFF, 0xA0, 0x07, 0xFF, 0xFE, 0x20, 0x08, 0xFF, 0xFE, 0x00, 0x9F, 0xFF, 0x90, 0x00, 0x1F, 0xFF,
    0xF1, 0x09, 0xFF, 0xF8, 0x00, 0x00, 0xFF, 0xFF, 0x20, 0x9F, 0xFF, 0xDA, 0xAA, 0xAF, 0xFF, 0xF2, 0x09, 0xFF, 0xFF, 0xFF,
    0xFF, 0xFF, 0xFF, 0x20, 0x9F, 0xFF, 0xFF, 0xFF, 0xFF, 0xFF, 0xF2, 0x09, 0xFF, 0xFF, 0xFF, 0xFF, 0xFF, 0xFF, 0x10, 0x9F,
    0xFF, 0x80, 0x00, 0x00, 0x00, 0x00, 0x09, 0xFF, 0xF8, 0x00, 0x00, 0x00, 0x00, 0x00, 0x9F, 0xFF, 0xA0, 0x00, 0x1B, 0xCC,
    0xB0, 0x07, 0xFF, 0xFE, 0x20, 0x08, 0xFF, 0xFD, 0x00, 0x3F, 0xFF, 0xFE, 0xBC, 0xFF, 0xFF, 0x90, 0x00, 0xAF, 0xFF, 0xFF,
    0xFF, 0xFF, 0xE2, 0x00, 0x01, 0xBF, 0xFF, 0xFF, 0xFF, 0xE4, 0x00, 0x00, 0x00, 0x5B, 0xEF, 0xEC, 0x82, 0x00, 0x00, 0x00,
    0x00, 0x17, 0xCE, 0xF6, 0x00, 0x02, 0xEF, 0xFF, 0xF7, 0x00, 0x0C, 0xFF, 0xFF, 0xF6, 0x00, 0x2F, 0xFF, 0xFE, 0xA3, 0x00,
    0x5F, 0xFF, 0xF2, 0x00, 0x00, 0x6F, 0xFF, 0xC0, 0x00, 0x00, 0x7F, 0xFF, 0xB0, 0x00, 0x2F, 0xFF, 0xFF, 0xFF, 0xF7, 0x3F,
    0xFF, 0xFF, 0xFF, 0xF8, 0x3F, 0xFF, 0xFF, 0xFF, 0xF8, 0x19, 0xCF, 0xFF, 0xEA, 0xA4, 0x00, 0x7F, 0xFF, 0xB0, 0x00, 0x00,
    0x7F, 0xFF, 0xB0, 0x00, 0x00, 0x7F, 0xFF, 0xB0, 0x00, 0x00, 0x7F, 0xFF, 0xB0, 0x00, 0x00, 0x7F, 0xFF, 0xB0, 0x00, 0x00,
    0x7F, 0xFF, 0xB0, 0x00, 0x00, 0x7F, 0xFF, 0xB0, 0x00, 0x00, 0x7F, 0xFF, 0xB0, 0x00, 0x00, 0x7F, 0xFF, 0xB0, 0x00, 0x00,
    0x7F, 0xFF, 0xB0, 0x00, 0x00, 0x7F, 0xFF, 0xB0, 0x00, 0x00, 0x7F, 0xFF, 0xB0, 0x00, 0x00, 0x7F, 0xFF, 0xB0, 0x00, 0x00,
    0x7F, 0xFF, 0xB0, 0x00, 0x00, 0x6F, 0xFF, 0xA0, 0x00, 0x00, 0x03, 0xAE, 0xFD, 0x81, 0xFF, 0xFF, 0x10, 0x00, 0x4F, 0xFF,
    0xFF, 0xFC, 0xFF, 0xFF, 0x10, 0x00, 0xDF, 0xFF, 0xFF, 0xFF, 0xFF, 0xFF, 0x10, 0x05, 0xFF, 0xFF, 0xEB, 0xCF, 0xFF, 0xFF,
    0x10, 0x08, 0xFF, 0xFF, 0x30, 0x0A, 0xFF, 0xFF, 0x10, 0x09, 0xFF, 0xFA, 0x00, 0x03, 0xFF, 0xFF, 0x10, 0x09, 0xFF, 0xF8,
    0x00, 0x01, 0xFF, 0xFF, 0x10, 0x09, 0xFF, 0xF8, 0x00, 0x01, 0xFF, 0xFF, 0x10, 0x09, 0xFF, 0xF8, 0x00, 0x01, 0xFF, 0xFF,
    0x10, 0x09, 0xFF, 0xF8, 0x00, 0x01, 0xFF, 0xFF, 0x10, 0x09, 0xFF, 0xF8, 0x00, 0x01, 0xFF, 0xFF, 0x10, 0x09, 0xFF, 0xF8,
    0x00, 0x01, 0xFF, 0xFF, 0x10, 0x09, 0xFF, 0xF8, 0x00, 0x01, 0xFF, 0xFF, 0x10, 0x09, 0xFF, 0xFA, 0x00, 0x03, 0xFF, 0xFF,
    0x10, 0x08, 0xFF, 0xFE, 0x20, 0x0A, 0xFF, 0xFF, 0x10, 0x05, 0xFF, 0xFF, 0xEB, 0xCF, 0xFF, 0xFF, 0x10, 0x00, 0xDF, 0xFF,
    0xFF, 0xFF, 0xFF, 0xFF, 0x10, 0x00, 0x4F, 0xFF, 0xFF, 0xFB, 0xFF, 0xFF, 0x10, 0x00, 0x03, 0xBE, 0xFD, 0x72, 0xFF, 0xFF,
    0x10, 0x00, 0x00, 0x00, 0x00, 0x03, 0xFF, 0xFF, 0x00, 0x00, 0x00, 0x00, 0x00, 0x07, 0xFF, 0xFD, 0x00, 0x00, 0x00, 0x00,
    0x00, 0x2E, 0xFF, 0xFA, 0x00, 0x00, 0x00, 0x13, 0x48, 0xEF, 0xFF, 0xF5, 0x00, 0x00, 0x00, 0x9F, 0xFF, 0xFF, 0xFF, 0xC0,
    0x00, 0x00, 0x00, 0x9F, 0xFF, 0xFF, 0xFE, 0x30, 0x00, 0x00, 0x00, 0x9F, 0xFF, 0xFF, 0xA2, 0x00, 0x00, 0x00, 0x00, 0x37,
    0x76, 0x41, 0x00, 0x00, 0x00, 0x04, 0xFF, 0xFC, 0x00, 0x00, 0x00, 0x00, 0x00, 0x05, 0xFF, 0xFC, 0x00, 0x00, 0x00, 0x00,
    0x00, 0x05, 0xFF, 0xFC, 0x00, 0x00, 0x00, 0x00, 0x00, 0x05, 0xFF, 0xFC, 0x00, 0x00, 0x00, 0x00, 0x00, 0x05, 0xFF, 0xFC,
    0x00, 0x00, 0x00, 0x00, 0x00, 0x05, 0xFF, 0xFC, 0x00, 0x00, 0x00, 0x00, 0x00, 0x05, 0xFF, 0xFC, 0x00, 0x00, 0x00, 0x00,
    0x00, 0x05, 0xFF, 0xFC, 0x18, 0xDF, 0xD9, 0x10, 0x00, 0x05, 0xFF, 0xFE, 0xCF, 0xFF, 0xFF, 0xD1, 0x00, 0x05, 0xFF, 0xFF,
    0xFF, 0xFF, 0xFF, 0xF9, 0x00, 0x05, 0xFF, 0xFF, 0xFB, 0xBF, 0xFF, 0xFE, 0x00, 0x05, 0xFF, 0xFF, 0x60, 0x06, 0xFF, 0xFF,
    0x30, 0x05, 0xFF, 0xFE, 0x00, 0x00, 0xFF, 0xFF, 0x40, 0x05, 0xFF, 0xFD, 0x00, 0x00, 0xEF, 0xFF, 0x40, 0x05, 0xFF, 0xFC,
    0x00, 0x00, 0xDF, 0xFF, 0x40, 0x05, 0xFF, 0xFC, 0x00, 0x00, 0xDF, 0xFF, 0x40, 0x05, 0xFF, 0xFC, 0x00, 0x00, 0xDF, 0xFF,
    0x40, 0x05, 0xFF, 0xFC, 0x00, 0x00, 0xDF, 0xFF, 0x40, 0x05, 0xFF, 0xFC, 0x00, 0x00, 0xDF, 0xFF, 0x40, 0x05, 0xFF, 0xFC,
    0x00, 0x00, 0xDF, 0xFF, 0x40, 0x05, 0xFF, 0xFC, 0x00, 0x00, 0xDF, 0xFF, 0x40, 0x05, 0xFF, 0xFC, 0x00, 0x00, 0xDF, 0xFF,
    0x40, 0x05, 0xFF, 0xFC, 0x00, 0x00, 0xDF, 0xFF, 0x40, 0x05, 0xFF, 0xFC, 0x00, 0x00, 0xDF, 0xFF, 0x40, 0x05, 0xFF, 0xFC,
    0x00, 0x00, 0xDF, 0xFF, 0x40, 0x04, 0xFF, 0xFC, 0x00, 0x00, 0xDF, 0xFF, 0x40, 0x00, 0x9E, 0xD6, 0x00, 0x07, 0xFF, 0xFF,
    0x20, 0x0A, 0xFF, 0xFF, 0x50, 0x07, 0xFF, 0xFF, 0x20, 0x00, 0x9E, 0xD5, 0x00, 0x00, 0x00, 0x00, 0x00, 0x00, 0x00, 0x00,
    0x00, 0x02, 0xFF, 0xFE, 0x00, 0x03, 0xFF, 0xFF, 0x00, 0x03, 0xFF, 0xFF, 0x00, 0x03, 0xFF, 0xFF, 0x00, 0x03, 0xFF, 0xFF,
    0x00, 0x03, 0xFF, 0xFF, 0x00, 0x03, 0xFF, 0xFF, 0x00, 0x03, 0xFF, 0xFF, 0x00, 0x03, 0xFF, 0xFF, 0x00, 0x03, 0xFF, 0xFF,
    0x00, 0x03, 0xFF, 0xFF, 0x00, 0x03, 0xFF, 0xFF, 0x00, 0x03, 0xFF, 0xFF, 0x00, 0x03, 0xFF, 0xFF, 0x00, 0x03, 0xFF, 0xFF,
    0x00, 0x03, 0xFF, 0xFF, 0x00, 0x03, 0xFF, 0xFF, 0x00, 0x03, 0xFF, 0xFF, 0x00, 0x02, 0xFF, 0xFE, 0x00, 0x00, 0x01, 0xAE,
    0xD4, 0x00, 0x00, 0x09, 0xFF, 0xFE, 0x10, 0x00, 0x0C, 0xFF, 0xFF, 0x30, 0x00, 0x09, 0xFF, 0xFE, 0x10, 0x00, 0x01, 0xAE,
    0xD4, 0x00, 0x00, 0x00, 0x00, 0x00, 0x00, 0x00, 0x00, 0x00, 0x00, 0x00, 0x00, 0x04, 0xFF, 0xFC, 0x00, 0x00, 0x05, 0xFF,
    0xFC, 0x00, 0x00, 0x05, 0xFF, 0xFC, 0x00, 0x00, 0x05, 0xFF, 0xFC, 0x00, 0x00, 0x05, 0xFF, 0xFC, 0x00, 0x00, 0x05, 0xFF,
    0xFC, 0x00, 0x00, 0x05, 0xFF, 0xFC, 0x00, 0x00, 0x05, 0xFF, 0xFC, 0x00, 0x00, 0x05, 0xFF, 0xFC, 0x00, 0x00, 0x05, 0xFF,
    0xFC, 0x00, 0x00, 0x05, 0xFF, 0xFC, 0x00, 0x00, 0x05, 0xFF, 0xFC, 0x00, 0x00, 0x05, 0xFF, 0xFC, 0x00, 0x00, 0x05, 0xFF,
    0xFC, 0x00, 0x00, 0x05, 0xFF, 0xFC, 0x00, 0x00, 0x05, 0xFF, 0xFC, 0x00, 0x00, 0x05, 0xFF, 0xFC, 0x00, 0x00, 0x05, 0xFF,
    0xFC, 0x00, 0x00, 0x05, 0xFF, 0xFC, 0x00, 0x00, 0x05, 0xFF, 0xFC, 0x00, 0x00, 0x07, 0xFF, 0xFC, 0x00, 0x00, 0x0B, 0xFF,
    0xFB, 0x00, 0x14, 0xAF, 0xFF, 0xF8, 0x00, 0xAF, 0xFF, 0xFF, 0xF5, 0x00, 0xAF, 0xFF, 0xFF, 0xB0, 0x00, 0xAF, 0xFF, 0xE9,
    0x10, 0x00, 0x47, 0x64, 0x10, 0x00, 0x00, 0x04, 0xFF, 0xFC, 0x00, 0x00, 0x00, 0x00, 0x00, 0x05, 0xFF, 0xFC, 0x00, 0x00,
    0x00, 0x00, 0x00, 0x05, 0xFF, 0xFC, 0x00, 0x00, 0x00, 0x00, 0x00, 0x05, 0xFF, 0xFC, 0x00, 0x00, 0x00, 0x00, 0x00, 0x05,
    0xFF, 0xFC, 0x00, 0x00, 0x00, 0x00, 0x00, 0x05, 0xFF, 0xFC, 0x00, 0x00, 0x00, 0x00, 0x00, 0x05, 0xFF, 0xFC, 0x00, 0x00,
    0x00, 0x00, 0x00, 0x05, 0xFF, 0xFC, 0x00, 0x03, 0xEF, 0xFF, 0x20, 0x05, 0xFF, 0xFC, 0x00, 0x0B, 0xFF, 0xF9, 0x00, 0x05,
    0xFF, 0xFC, 0x00, 0x6F, 0xFF, 0xD1, 0x00, 0x05, 0xFF, 0xFC, 0x01, 0xEF, 0xFF, 0x50, 0x00, 0x05, 0xFF, 0xFC, 0x09, 0xFF,
    0xFA, 0x00, 0x00, 0x05, 0xFF, 0xFC, 0x3F, 0xFF, 0xE1, 0x00, 0x00, 0x05, 0xFF, 0xFD, 0xCF, 0xFF, 0x70, 0x00, 0x00, 0x05,
    0xFF, 0xFF, 0xFF, 0xFF, 0xB0, 0x00, 0x00, 0x05, 0xFF, 0xFF, 0xFF, 0xFF, 0xF1, 0x00, 0x00, 0x05, 0xFF, 0xFF, 0xFF, 0xFF,
    0xF7, 0x00, 0x00, 0x05, 0xFF, 0xFF, 0xF9, 0xFF, 0xFC, 0x00, 0x00, 0x05, 0xFF, 0xFF, 0xC0, 0xCF, 0xFF, 0x20, 0x00, 0x05,
    0xFF, 0xFF, 0x20, 0x7F, 0xFF, 0x80, 0x00, 0x05, 0xFF, 0xFC, 0x00, 0x3F, 0xFF, 0xD0, 0x00, 0x05, 0xFF, 0xFC, 0x00, 0x0D,
    0xFF, 0xF4, 0x00, 0x05, 0xFF, 0xFC, 0x00, 0x08, 0xFF, 0xF9, 0x00, 0x05, 0xFF, 0xFC, 0x00, 0x03, 0xFF, 0xFE, 0x10, 0x05,
    0xFF, 0xFC, 0x00, 0x00, 0xDF, 0xFF, 0x50, 0x04, 0xFF, 0xFC, 0x00, 0x00, 0x8F, 0xFF, 0xA0, 0x06, 0xFF, 0xF9, 0x00, 0x7F,
    0xFF, 0xA0, 0x07, 0xFF, 0xFA, 0x00, 0x7F, 0xFF, 0xA0, 0x07, 0xFF, 0xFA, 0x00, 0x7F, 0xFF, 0xA0, 0x07, 0xFF, 0xFA, 0x00,
    0x7F, 0xFF, 0xA0, 0x07, 0xFF, 0xFA, 0x00, 0x7F, 0xFF, 0xA0, 0x07, 0xFF, 0xFA, 0x00, 0x7F, 0xFF, 0xA0, 0x07, 0xFF, 0xFA,
    0x00, 0x7F, 0xFF, 0xA0, 0x07, 0xFF, 0xFA, 0x00, 0x7F, 0xFF, 0xA0, 0x07, 0xFF, 0xFA, 0x00, 0x7F, 0xFF, 0xA0, 0x07, 0xFF,
    0xFA, 0x00, 0x7F, 0xFF, 0xA0, 0x07, 0xFF, 0xFA, 0x00, 0x7F, 0xFF, 0xA0, 0x07, 0xFF, 0xFA, 0x00, 0x7F, 0xFF, 0xA0, 0x07,
    0xFF, 0xFA, 0x00, 0x6F, 0xFF, 0xA0, 0x04, 0xFF, 0xFB, 0x3A, 0xEF, 0xD8, 0x00, 0x17, 0xDF, 0xEA, 0x20, 0x00, 0x05, 0xFF,
    0xFE, 0xFF, 0xFF, 0xFF, 0xC1, 0xCF, 0xFF, 0xFF, 0xE2, 0x00, 0x05, 0xFF, 0xFF, 0xFF, 0xFF, 0xFF, 0xFE, 0xFF, 0xFF, 0xFF,
    0xFA, 0x00, 0x05, 0xFF, 0xFF, 0xFB, 0xCF, 0xFF, 0xFF, 0xFD, 0xBF, 0xFF, 0xFF, 0x10, 0x05, 0xFF, 0xFF, 0x60, 0x09, 0xFF,
    0xFF, 0xA0, 0x04, 0xFF, 0xFF, 0x40, 0x05, 0xFF, 0xFE, 0x00, 0x03, 0xFF, 0xFF, 0x40, 0x00, 0xDF, 0xFF, 0x60, 0x05, 0xFF,
    0xFC, 0x00, 0x01, 0xFF, 0xFF, 0x20, 0x00, 0xBF, 0xFF, 0x60, 0x05, 0xFF, 0xFC, 0x00, 0x00, 0xFF, 0xFF, 0x20, 0x00, 0xBF,
    0xFF, 0x60, 0x05, 0xFF, 0xFC, 0x00, 0x00, 0xFF, 0xFF, 0x20, 0x00, 0xBF, 0xFF, 0x60, 0x05, 0xFF, 0xFC, 0x00, 0x00, 0xFF,
    0xFF, 0x20, 0x00, 0xBF, 0xFF, 0x60, 0x05, 0xFF, 0xFC, 0x00, 0x00, 0xFF, 0xFF, 0x20, 0x00, 0xBF, 0xFF, 0x60, 0x05, 0xFF,
    0xFC, 0x00, 0x00, 0xFF, 0xFF, 0x20, 0x00, 0xBF, 0xFF, 0x60, 0x05, 0xFF, 0xFC, 0x00, 0x00, 0xFF, 0xFF, 0x20, 0x00, 0xBF,
    0xFF, 0x60, 0x05, 0xFF, 0xFC, 0x00, 0x00, 0xFF, 0xFF, 0x20, 0x00, 0xBF, 0xFF, 0x60, 0x05, 0xFF, 0xFC, 0x00, 0x00, 0xFF,
    0xFF, 0x20, 0x00, 0xBF, 0xFF, 0x60, 0x05, 0xFF, 0xFC, 0x00, 0x00, 0xFF, 0xFF, 0x20, 0x00, 0xBF, 0xFF, 0x60, 0x05, 0xFF,
    0xFC, 0x00, 0x00, 0xFF, 0xFF, 0x20, 0x00, 0xBF, 0xFF, 0x60, 0x05, 0xFF, 0xFC, 0x00, 0x00, 0xFF, 0xFF, 0x20, 0x00, 0xBF,
    0xFF, 0x60, 0x04, 0xFF, 0xFB, 0x00, 0x00, 0xEF, 0xFF, 0x10, 0x00, 0xAF, 0xFF, 0x60, 0x04, 0xFF, 0xFC, 0x29, 0xDF, 0xD9,
    0x10, 0x00, 0x05, 0xFF, 0xFE, 0xEF, 0xFF, 0xFF, 0xD1, 0x00, 0x05, 0xFF, 0xFF, 0xFF, 0xFF, 0xFF, 0xF9, 0x00, 0x05, 0xFF,
    0xFF, 0xFB, 0xBF, 0xFF, 0xFE, 0x00, 0x05, 0xFF, 0xFF, 0x60, 0x06, 0xFF, 0xFF, 0x30, 0x05, 0xFF, 0xFE, 0x00, 0x00, 0xFF,
    0xFF, 0x40, 0x05, 0xFF, 0xFD, 0x00, 0x00, 0xEF, 0xFF, 0x40, 0x05, 0xFF, 0xFC, 0x00, 0x00, 0xDF, 0xFF, 0x40, 0x05, 0xFF,
    0xFC, 0x00, 0x00, 0xDF, 0xFF, 0x40, 0x05, 0xFF, 0xFC, 0x00, 0x00, 0xDF, 0xFF, 0x40, 0x05, 0xFF, 0xFC, 0x00, 0x00, 0xDF,
    0xFF, 0x40, 0x05, 0xFF, 0xFC, 0x00, 0x00, 0xDF, 0xFF, 0x40, 0x05, 0xFF, 0xFC, 0x00, 0x00, 0xDF, 0xFF, 0x40, 0x05, 0xFF,
    0xFC, 0x00, 0x00, 0xDF, 0xFF, 0x40, 0x05, 0xFF, 0xFC, 0x00, 0x00, 0xDF, 0xFF, 0x40, 0x05, 0xFF, 0xFC, 0x00, 0x00, 0xDF,
    0xFF, 0x40, 0x05, 0xFF, 0xFC, 0x00, 0x00, 0xDF, 0xFF, 0x40, 0x05, 0xFF, 0xFC, 0x00, 0x00, 0xDF, 0xFF, 0x40, 0x04, 0xFF,
    0xFC, 0x00, 0x00, 0xDF, 0xFF, 0x40, 0x00, 0x00, 0x5A, 0xDF, 0xEC, 0x82, 0x00, 0x00, 0x00, 0x0A, 0xFF, 0xFF, 0xFF, 0xFE,
    0x50, 0x00, 0x00, 0xAF, 0xFF, 0xFF, 0xFF, 0xFF, 0xF4, 0x00, 0x03, 0xFF, 0xFF, 0xEB, 0xCF, 0xFF, 0xFB, 0x00, 0x07, 0xFF,
    0xFE, 0x20, 0x08, 0xFF, 0xFF, 0x10, 0x09, 0xFF, 0xFA, 0x00, 0x01, 0xFF, 0xFF, 0x30, 0x09, 0xFF, 0xF8, 0x00, 0x00, 0xEF,
    0xFF, 0x30, 0x09, 0xFF, 0xF8, 0x00, 0x00, 0xEF, 0xFF, 0x30, 0x09, 0xFF, 0xF8, 0x00, 0x00, 0xEF, 0xFF, 0x30, 0x09, 0xFF,
    0xF8, 0x00, 0x00, 0xEF, 0xFF, 0x30, 0x09, 0xFF, 0xF8, 0x00, 0x00, 0xEF, 0xFF, 0x30, 0x09, 0xFF, 0xF8, 0x00, 0x00, 0xEF,
    0xFF, 0x30, 0x09, 0xFF, 0xF8, 0x00, 0x00, 0xEF, 0xFF, 0x30, 0x09, 0xFF, 0xFA, 0x00, 0x01, 0xFF, 0xFF, 0x30, 0x07, 0xFF,
    0xFE, 0x20, 0x08, 0xFF, 0xFF, 0x10, 0x03, 0xFF, 0xFF, 0xEB, 0xCF, 0xFF, 0xFC, 0x00, 0x00, 0xAF, 0xFF, 0xFF, 0xFF, 0xFF,
    0xF4, 0x00, 0x00, 0x1B, 0xFF, 0xFF, 0xFF, 0xFF, 0x60, 0x00, 0x00, 0x00, 0x5A, 0xEF, 0xEC, 0x92, 0x00, 0x00, 0x02, 0xFF,
    0xFE, 0x2A, 0xDF, 0xD9, 0x20, 0x00, 0x03, 0xFF, 0xFF, 0xFF, 0xFF, 0xFF, 0xE2, 0x00, 0x03, 0xFF, 0xFF, 0xFF, 0xFF, 0xFF,
    0xFB, 0x00, 0x03, 0xFF, 0xFF, 0xFC, 0xBF, 0xFF, 0xFF, 0x30, 0x03, 0xFF, 0xFF, 0x80, 0x03, 0xFF, 0xFF, 0x60, 0x03, 0xFF,
    0xFF, 0x10, 0x00, 0xBF, 0xFF, 0x70, 0x03, 0xFF, 0xFF, 0x00, 0x00, 0x9F, 0xFF, 0x80, 0x03, 0xFF, 0xFF, 0x00, 0x00, 0x9F,
    0xFF, 0x80, 0x03, 0xFF, 0xFF, 0x00, 0x00, 0x9F, 0xFF, 0x80, 0x03, 0xFF, 0xFF, 0x00, 0x00, 0x9F, 0xFF, 0x80, 0x03, 0xFF,
    0xFF, 0x00, 0x00, 0x9F, 0xFF, 0x80, 0x03, 0xFF, 0xFF, 0x00, 0x00, 0x9F, 0xFF, 0x80, 0x03, 0xFF, 0xFF, 0x00, 0x00, 0x9F,
    0xFF, 0x80, 0x03, 0xFF, 0xFF, 0x10, 0x00, 0xBF, 0xFF, 0x70, 0x03, 0xFF, 0xFF, 0x80, 0x03, 0xFF, 0xFF, 0x60, 0x03, 0xFF,
    0xFF, 0xFC, 0xBF, 0xFF, 0xFF, 0x30, 0x03, 0xFF, 0xFF, 0xFF, 0xFF, 0xFF, 0xFC, 0x00, 0x03, 0xFF, 0xFF, 0xDF, 0xFF, 0xFF,
    0xE2, 0x00, 0x03, 0xFF, 0xFF, 0x19, 0xDF, 0xD9, 0x20, 0x00, 0x03, 0xFF, 0xFF, 0x00, 0x00, 0x00, 0x00, 0x00, 0x03, 0xFF,
    0xFF, 0x00, 0x00, 0x00, 0x00, 0x00, 0x03, 0xFF, 0xFF, 0x00, 0x00, 0x00, 0x00, 0x00, 0x03, 0xFF, 0xFF, 0x00, 0x00, 0x00,
    0x00, 0x00, 0x03, 0xFF, 0xFF, 0x00, 0x00, 0x00, 0x00, 0x00, 0x03, 0xFF, 0xFF, 0x00, 0x00, 0x00, 0x00, 0x00, 0x02, 0xFF,
    0xFE, 0x00, 0x00, 0x00, 0x00, 0x00, 0x00, 0x02, 0xAE, 0xFD, 0x93, 0xFF, 0xFF, 0x10, 0x00, 0x3E, 0xFF, 0xFF, 0xFF, 0xFF,
    0xFF, 0x10, 0x00, 0xDF, 0xFF, 0xFF, 0xFF, 0xFF, 0xFF, 0x10, 0x04, 0xFF, 0xFF, 0xEB, 0xCF, 0xFF, 0xFF, 0x10, 0x08, 0xFF,
    0xFE, 0x20, 0x0A, 0xFF, 0xFF, 0x10, 0x09, 0xFF, 0xF9, 0x00, 0x03, 0xFF, 0xFF, 0x10, 0x09, 0xFF, 0xF8, 0x00, 0x01, 0xFF,
    0xFF, 0x10, 0x09, 0xFF, 0xF8, 0x00, 0x01, 0xFF, 0xFF, 0x10, 0x09, 0xFF, 0xF8, 0x00, 0x01, 0xFF, 0xFF, 0x10, 0x09, 0xFF,
    0xF8, 0x00, 0x01, 0xFF, 0xFF, 0x10, 0x09, 0xFF, 0xF8, 0x00, 0x01, 0xFF, 0xFF, 0x10, 0x09, 0xFF, 0xF8, 0x00, 0x01, 0xFF,
    0xFF, 0x10, 0x09, 0xFF, 0xF8, 0x00, 0x01, 0xFF, 0xFF, 0x10, 0x09, 0xFF, 0xF9, 0x00, 0x02, 0xFF, 0xFF, 0x10, 0x08, 0xFF,
    0xFE, 0x20, 0x09, 0xFF, 0xFF, 0x10, 0x04, 0xFF, 0xFF, 0xEA, 0xCF, 0xFF, 0xFF, 0x10, 0x00, 0xDF, 0xFF, 0xFF, 0xFF, 0xFF,
    0xFF, 0x10, 0x00, 0x3E, 0xFF, 0xFF, 0xFD, 0xFF, 0xFF, 0x10, 0x00, 0x02, 0xAE, 0xFD, 0x82, 0xFF, 0xFF, 0x10, 0x00, 0x00,
    0x00, 0x00, 0x01, 0xFF, 0xFF, 0x10, 0x00, 0x00, 0x00, 0x00, 0x01, 0xFF, 0xFF, 0x10, 0x00, 0x00, 0x00, 0x00, 0x01, 0xFF,
    0xFF, 0x10, 0x00, 0x00, 0x00, 0x00, 0x01, 0xFF, 0xFF, 0x10, 0x00, 0x00, 0x00, 0x00, 0x01, 0xFF, 0xFF, 0x10, 0x00, 0x00,
    0x00, 0x00, 0x01, 0xFF, 0xFF, 0x10, 0x00, 0x00, 0x00, 0x00, 0x01, 0xFF, 0xFF, 0x10, 0x04, 0xFF, 0xFC, 0x19, 0xEF, 0xA0,
    0x5F, 0xFF, 0xDB, 0xFF, 0xFB, 0x05, 0xFF, 0xFF, 0xFF, 0xFF, 0x80, 0x5F, 0xFF, 0xFF, 0xEA, 0xB4, 0x05, 0xFF, 0xFF, 0xC1,
    0x00, 0x00, 0x5F, 0xFF, 0xF4, 0x00, 0x00, 0x05, 0xFF, 0xFE, 0x00, 0x00, 0x00, 0x5F, 0xFF, 0xD0, 0x00, 0x00, 0x05, 0xFF,
    0xFC, 0x00, 0x00, 0x00, 0x5F, 0xFF, 0xC0, 0x00, 0x00, 0x05, 0xFF, 0xFC, 0x00, 0x00, 0x00, 0x5F, 0xFF, 0xC0, 0x00, 0x00,
    0x05, 0xFF, 0xFC, 0x00, 0x00, 0x00, 0x5F, 0xFF, 0xC0, 0x00, 0x00, 0x05, 0xFF, 0xFC, 0x00, 0x00, 0x00, 0x5F, 0xFF, 0xC0,
    0x00, 0x00, 0x05, 0xFF, 0xFC, 0x00, 0x00, 0x00, 0x5F, 0xFF, 0xC0, 0x00, 0x00, 0x04, 0xFF, 0xFC, 0x00, 0x00, 0x00, 0x00,
    0x02, 0x8C, 0xEF, 0xDA, 0x40, 0x00, 0x00, 0x4E, 0xFF, 0xFF, 0xFF, 0xF8, 0x00, 0x01, 0xEF, 0xFF, 0xFF, 0xFF, 0xFF, 0x60,
    0x07, 0xFF, 0xFF, 0xCA, 0xEF, 0xFF, 0xD0, 0x0A, 0xFF, 0xFA, 0x00, 0x1E, 0xFF, 0xF2, 0x0B, 0xFF, 0xF4, 0x00, 0x09, 0xFF,
    0xF4, 0x09, 0xFF, 0xF8, 0x00, 0x01, 0x22, 0x20, 0x05, 0xFF, 0xFF, 0x92, 0x00, 0x00, 0x00, 0x00, 0xAF, 0xFF, 0xFF, 0xA4,
    0x00, 0x00, 0x00, 0x07, 0xFF, 0xFF, 0xFF, 0xB3, 0x00, 0x00, 0x00, 0x29, 0xEF, 0xFF, 0xFE, 0x40, 0x00, 0x00, 0x00, 0x16,
    0xEF, 0xFF, 0xE1, 0x01, 0x22, 0x10, 0x00, 0x2E, 0xFF, 0xF6, 0x0D, 0xFF, 0xF1, 0x00, 0x0A, 0xFF, 0xF8, 0x0D, 0xFF, 0xF7,
    0x00, 0x1E, 0xFF, 0xF8, 0x09, 0xFF, 0xFF, 0xCA, 0xEF, 0xFF, 0xF5, 0x02, 0xFF, 0xFF, 0xFF, 0xFF, 0xFF, 0xC0, 0x00, 0x4E,
    0xFF, 0xFF, 0xFF, 0xFD, 0x20, 0x00, 0x02, 0x8C, 0xEF, 0xEB, 0x60, 0x00, 0x00, 0x38, 0x88, 0x30, 0x00, 0x00, 0x8F, 0xFF,
    0x80, 0x00, 0x00, 0x8F, 0xFF, 0x80, 0x00, 0x00, 0x8F, 0xFF, 0x80, 0x00, 0x00, 0x8F, 0xFF, 0x80, 0x00, 0x5F, 0xFF, 0xFF,
    0xFF, 0xF5, 0x6F, 0xFF, 0xFF, 0xFF, 0xF5, 0x5F, 0xFF, 0xFF, 0xFF, 0xF5, 0x00, 0x8F, 0xFF, 0x80, 0x00, 0x00, 0x8F, 0xFF,
    0x80, 0x00, 0x00, 0x8F, 0xFF, 0x80, 0x00, 0x00, 0x8F, 0xFF, 0x80, 0x00, 0x00, 0x8F, 0xFF, 0x80, 0x00, 0x00, 0x8F, 0xFF,
    0x80, 0x00, 0x00, 0x8F, 0xFF, 0x80, 0x00, 0x00, 0x8F, 0xFF, 0x80, 0x00, 0x00, 0x8F, 0xFF, 0x80, 0x00, 0x00, 0x8F, 0xFF,
    0x80, 0x00, 0x00, 0x8F, 0xFF, 0x80, 0x00, 0x00, 0x8F, 0xFF, 0xC0, 0x00, 0x00, 0x7F, 0xFF, 0xFD, 0x90, 0x00, 0x4F, 0xFF,
    0xFF, 0xF1, 0x00, 0x0C, 0xFF, 0xFF, 0xF1, 0x00, 0x01, 0x7C, 0xEF, 0xF1, 0x06, 0xFF, 0xF9, 0x00, 0x00, 0xEF, 0xFF, 0x10,
    0x07, 0xFF, 0xFA, 0x00, 0x00, 0xFF, 0xFF, 0x20, 0x07, 0xFF, 0xFA, 0x00, 0x00, 0xFF, 0xFF, 0x20, 0x07, 0xFF, 0xFA, 0x00,
    0x00, 0xFF, 0xFF, 0x20, 0x07, 0xFF, 0xFA, 0x00, 0x00, 0xFF, 0xFF, 0x20, 0x07, 0xFF, 0xFA, 0x00, 0x00, 0xFF, 0xFF, 0x20,
    0x07, 0xFF, 0xFA, 0x00, 0x00, 0xFF, 0xFF, 0x20, 0x07, 0xFF, 0xFA, 0x00, 0x00, 0xFF, 0xFF, 0x20, 0x07, 0xFF, 0xFA, 0x00,
    0x00, 0xFF, 0xFF, 0x20, 0x07, 0xFF, 0xFA, 0x00, 0x00, 0xFF, 0xFF, 0x20, 0x07, 0xFF, 0xFA, 0x00, 0x00, 0xFF, 0xFF, 0x20,
    0x07, 0xFF, 0xFA, 0x00, 0x00, 0xFF, 0xFF, 0x20, 0x07, 0xFF, 0xFA, 0x00, 0x01, 0xFF, 0xFF, 0x20, 0x07, 0xFF, 0xFC, 0x00,
    0x03, 0xFF, 0xFF, 0x20, 0x06, 0xFF, 0xFF, 0x30, 0x09, 0xFF, 0xFF, 0x20, 0x04, 0xFF, 0xFF, 0xEB, 0xCF, 0xFF, 0xFF, 0x20,
    0x00, 0xDF, 0xFF, 0xFF, 0xFF, 0xFF, 0xFF, 0x20, 0x00, 0x4F, 0xFF, 0xFF, 0xFC, 0xFF, 0xFF, 0x20, 0x00, 0x03, 0xAE, 0xFD,
    0x91, 0xEF, 0xFF, 0x10, 0x4F, 0xFF, 0xF3, 0x00, 0x04, 0xFF, 0xFF, 0x32, 0xFF, 0xFF, 0x60, 0x00, 0x7F, 0xFF, 0xF0, 0x0D,
    0xFF, 0xF9, 0x00, 0x0A, 0xFF, 0xFC, 0x00, 0xAF, 0xFF, 0xC0, 0x00, 0xDF, 0xFF, 0x80, 0x06, 0xFF, 0xFE, 0x00, 0x1F, 0xFF,
    0xF4, 0x00, 0x2F, 0xFF, 0xF2, 0x03, 0xFF, 0xFF, 0x10, 0x00, 0xEF, 0xFF, 0x50, 0x6F, 0xFF, 0xC0, 0x00, 0x0A, 0xFF, 0xF8,
    0x09, 0xFF, 0xF9, 0x00, 0x00, 0x6F, 0xFF, 0xB0, 0xBF, 0xFF, 0x50, 0x00, 0x02, 0xFF, 0xFE, 0x0E, 0xFF, 0xF1, 0x00, 0x00,
    0x0E, 0xFF, 0xF3, 0xFF, 0xFD, 0x00, 0x00, 0x00, 0xAF, 0xFF, 0x9F, 0xFF, 0x90, 0x00, 0x00, 0x06, 0xFF, 0xFF, 0xFF, 0xF6,
    0x00, 0x00, 0x00, 0x3F, 0xFF, 0xFF, 0xFF, 0x20, 0x00, 0x00, 0x00, 0xEF, 0xFF, 0xFF, 0xD0, 0x00, 0x00, 0x00, 0x0A, 0xFF,
    0xFF, 0xFA, 0x00, 0x00, 0x00, 0x00, 0x7F, 0xFF, 0xFF, 0x60, 0x00, 0x00, 0x00, 0x03, 0xFF, 0xFF, 0xF3, 0x00, 0x00, 0x00,
    0x00, 0x0E, 0xFF, 0xFD, 0x00, 0x00, 0x00, 0x4F, 0xFF, 0xA0, 0x00, 0x3F, 0xFF, 0x80, 0x00, 0x5F, 0xFF, 0x82, 0xFF, 0xFD,
    0x00, 0x06, 0xFF, 0xFB, 0x00, 0x08, 0xFF, 0xF6, 0x0E, 0xFF, 0xF1, 0x00, 0x9F, 0xFF, 0xD0, 0x00, 0xAF, 0xFF, 0x30, 0xBF,
    0xFF, 0x30, 0x0B, 0xFF, 0xFF, 0x10, 0x0D, 0xFF, 0xE0, 0x08, 0xFF, 0xF6, 0x00, 0xEF, 0xFF, 0xF4, 0x00, 0xFF, 0xFC, 0x00,
    0x4F, 0xFF, 0x80, 0x1F, 0xFF, 0xFF, 0x60, 0x2F, 0xFF, 0x80, 0x01, 0xFF, 0xFA, 0x04, 0xFF, 0xFF, 0xF9, 0x05, 0xFF, 0xF5,
    0x00, 0x0D, 0xFF, 0xD0, 0x6F, 0xFF, 0xFF, 0xB0, 0x7F, 0xFF, 0x20, 0x00, 0xAF, 0xFF, 0x09, 0xFF, 0x9F, 0xFE, 0x0A, 0xFF,
    0xE0, 0x00, 0x06, 0xFF, 0xF3, 0xCF, 0xF3, 0xFF, 0xF1, 0xCF, 0xFB, 0x00, 0x00, 0x3F, 0xFF, 0x5E, 0xFF, 0x0D, 0xFF, 0x4F,
    0xFF, 0x70, 0x00, 0x00, 0xFF, 0xF9, 0xFF, 0xD0, 0xAF, 0xF9, 0xFF, 0xF4, 0x00, 0x00, 0x0C, 0xFF, 0xFF, 0xFA, 0x07, 0xFF,
    0xFF, 0xFF, 0x10, 0x00, 0x00, 0x9F, 0xFF, 0xFF, 0x70, 0x5F, 0xFF, 0xFF, 0xD0, 0x00, 0x00, 0x05, 0xFF, 0xFF, 0xF5, 0x02,
    0xFF, 0xFF, 0xFA, 0x00, 0x00, 0x00, 0x2F, 0xFF, 0xFF, 0x20, 0x0E, 0xFF, 0xFF, 0x70, 0x00, 0x00, 0x00, 0xEF, 0xFF, 0xE0,
    0x00, 0xCF, 0xFF, 0xF3, 0x00, 0x00, 0x00, 0x0B, 0xFF, 0xFC, 0x00, 0x09, 0xFF, 0xFF, 0x00, 0x00, 0x00, 0x00, 0x7F, 0xFF,
    0x90, 0x00, 0x6F, 0xFF, 0xB0, 0x00, 0x00, 0x3F, 0xFF, 0xF3, 0x00, 0x03, 0xFF, 0xFF, 0x30, 0xCF, 0xFF, 0xA0, 0x00, 0xAF,
    0xFF, 0xC0, 0x05, 0xFF, 0xFF, 0x20, 0x2F, 0xFF, 0xF5, 0x00, 0x0D, 0xFF, 0xF9, 0x09, 0xFF, 0xFD, 0x00, 0x00, 0x6F, 0xFF,
    0xE3, 0xFF, 0xFF, 0x60, 0x00, 0x00, 0xEF, 0xFF, 0xEF, 0xFF, 0xE0, 0x00, 0x00, 0x07, 0xFF, 0xFF, 0xFF, 0xF7, 0x00, 0x00,
    0x00, 0x1E, 0xFF, 0xFF, 0xFE, 0x10, 0x00, 0x00, 0x00, 0x8F, 0xFF, 0xFF, 0x80, 0x00, 0x00, 0x00, 0x03, 0xFF, 0xFF, 0xF3,
    0x00, 0x00, 0x00, 0x00, 0x8F, 0xFF, 0xFF, 0x80, 0x00, 0x00, 0x00, 0x1E, 0xFF, 0xFF, 0xFE, 0x10, 0x00, 0x00, 0x07, 0xFF,
    0xFF, 0xFF, 0xF7, 0x00, 0x00, 0x00, 0xEF, 0xFF, 0xDF, 0xFF, 0xE0, 0x00, 0x00, 0x6F, 0xFF, 0xE2, 0xEF, 0xFF, 0x60, 0x00,
    0x0D, 0xFF, 0xF8, 0x09, 0xFF, 0xFD, 0x00, 0x05, 0xFF, 0xFF, 0x20, 0x2F, 0xFF, 0xF5, 0x00, 0xCF, 0xFF, 0xA0, 0x00, 0xAF,
    0xFF, 0xC0, 0x3F, 0xFF, 0xF3, 0x00, 0x03, 0xFF, 0xFF, 0x40, 0x5F, 0xFF, 0xE0, 0x00, 0x07, 0xFF, 0xFD, 0x03, 0xFF, 0xFF,
    0x20, 0x00, 0xAF, 0xFF, 0xA0, 0x0E, 0xFF, 0xF5, 0x00, 0x0D, 0xFF, 0xF7, 0x00, 0xAF, 0xFF, 0x80, 0x01, 0xFF, 0xFF, 0x30,
    0x07, 0xFF, 0xFA, 0x00, 0x3F, 0xFF, 0xE0, 0x00, 0x3F, 0xFF, 0xD0, 0x06, 0xFF, 0xFB, 0x00, 0x00, 0xEF, 0xFF, 0x10, 0x8F,
    0xFF, 0x70, 0x00, 0x0B, 0xFF, 0xF3, 0x0B, 0xFF, 0xF3, 0x00, 0x00, 0x7F, 0xFF, 0x60, 0xDF, 0xFE, 0x00, 0x00, 0x03, 0xFF,
    0xF9, 0x1F, 0xFF, 0xB0, 0x00, 0x00, 0x0E, 0xFF, 0xB4, 0xFF, 0xF7, 0x00, 0x00, 0x00, 0xBF, 0xFE, 0x6F, 0xFF, 0x30, 0x00,
    0x00, 0x07, 0xFF, 0xFB, 0xFF, 0xE0, 0x00, 0x00, 0x00, 0x4F, 0xFF, 0xFF, 0xFB, 0x00, 0x00, 0x00, 0x00, 0xEF, 0xFF, 0xFF,
    0x70, 0x00, 0x00, 0x00, 0x0B, 0xFF, 0xFF, 0xF4, 0x00, 0x00, 0x00, 0x00, 0x7F, 0xFF, 0xFF, 0x00, 0x00, 0x00, 0x00, 0x04,
    0xFF, 0xFF, 0xB0, 0x00, 0x00, 0x00, 0x00, 0x0F, 0xFF, 0xF8, 0x00, 0x00, 0x00, 0x00, 0x00, 0xEF, 0xFF, 0x40, 0x00, 0x00,
    0x00, 0x00, 0x2F, 0xFF, 0xE0, 0x00, 0x00, 0x00, 0x00, 0x07, 0xFF, 0xFB, 0x00, 0x00, 0x00, 0x01, 0x37, 0xFF, 0xFF, 0x50,
    0x00, 0x00, 0x00, 0xBF, 0xFF, 0xFF, 0xE0, 0x00, 0x00, 0x00, 0x0C, 0xFF, 0xFF, 0xF5, 0x00, 0x00, 0x00, 0x00, 0xCF, 0xFF,
    0xD5, 0x00, 0x00, 0x00, 0x00, 0x05, 0x76, 0x40, 0x00, 0x00, 0x00, 0x00, 0x00, 0x0E, 0xFF, 0xFF, 0xFF, 0xFF, 0xFF, 0x30,
    0xFF, 0xFF, 0xFF, 0xFF, 0xFF, 0xF4, 0x0F, 0xFF, 0xFF, 0xFF, 0xFF, 0xFF, 0x40, 0x9A, 0xAA, 0xAA, 0xEF, 0xFF, 0xF3, 0x00,
    0x00, 0x00, 0x2F, 0xFF, 0xFC, 0x00, 0x00, 0x00, 0x0A, 0xFF, 0xFF, 0x40, 0x00, 0x00, 0x04, 0xFF, 0xFF, 0xA0, 0x00, 0x00,
    0x00, 0xCF, 0xFF, 0xF2, 0x00, 0x00, 0x00, 0x5F, 0xFF, 0xF8, 0x00, 0x00, 0x00, 0x0D, 0xFF, 0xFE, 0x10, 0x00, 0x00, 0x07,
    0xFF, 0xFF, 0x60, 0x00, 0x00, 0x01, 0xEF, 0xFF, 0xC0, 0x00, 0x00, 0x00, 0x8F, 0xFF, 0xF4, 0x00, 0x00, 0x00, 0x2F, 0xFF,
    0xFA, 0x00, 0x00, 0x00, 0x0A, 0xFF, 0xFF, 0x20, 0x00, 0x00, 0x01, 0xFF, 0xFF, 0xEA, 0xAA, 0xAA, 0xA4, 0x2F, 0xFF, 0xFF,
    0xFF, 0xFF, 0xFF, 0x72, 0xFF, 0xFF, 0xFF, 0xFF, 0xFF, 0xF7, 0x2F, 0xFF, 0xFF, 0xFF, 0xFF, 0xFF, 0x60, 0x00, 0x00, 0x19,
    0xEF, 0xFF, 0x60, 0x00, 0x0C, 0xFF, 0xFF, 0xF7, 0x00, 0x05, 0xFF, 0xFF, 0xFF, 0x70, 0x00, 0x9F, 0xFF, 0xFD, 0xA4, 0x00,
    0x0A, 0xFF, 0xFE, 0x10, 0x00, 0x00, 0xAF, 0xFF, 0x90, 0x00, 0x00, 0x0A, 0xFF, 0xF8, 0x00, 0x00, 0x00, 0xAF, 0xFF, 0x80,
    0x00, 0x00, 0x0A, 0xFF, 0xF8, 0x00, 0x00, 0x00, 0xAF, 0xFF, 0x80, 0x00, 0x00, 0x0A, 0xFF, 0xF8, 0x00, 0x00, 0x00, 0xAF,
    0xFF, 0x80, 0x00, 0x00, 0x0B, 0xFF, 0xF8, 0x00, 0x00, 0x00, 0xDF, 0xFF, 0x70, 0x00, 0x00, 0x7F, 0xFF, 0xF4, 0x00, 0x00,
    0xDF, 0xFF, 0xFD, 0x00, 0x00, 0x0F, 0xFF, 0xFD, 0x30, 0x00, 0x00, 0xFF, 0xFF, 0xE3, 0x00, 0x00, 0x09, 0xFF, 0xFF, 0xD0,
    0x00, 0x00, 0x04, 0xFF, 0xFF, 0x40, 0x00, 0x00, 0x0D, 0xFF, 0xF7, 0x00, 0x00, 0x00, 0xAF, 0xFF, 0x80, 0x00, 0x00, 0x0A,
    0xFF, 0xF8, 0x00, 0x00, 0x00, 0xAF, 0xFF, 0x80, 0x00, 0x00, 0x0A, 0xFF, 0xF8, 0x00, 0x00, 0x00, 0xAF, 0xFF, 0x80, 0x00,
    0x00, 0x0A, 0xFF, 0xF8, 0x00, 0x00, 0x00, 0xAF, 0xFF, 0x80, 0x00, 0x00, 0x0A, 0xFF, 0xF9, 0x00, 0x00, 0x00, 0xAF, 0xFF,
    0xD1, 0x00, 0x00, 0x09, 0xFF, 0xFF, 0xDA, 0x40, 0x00, 0x6F, 0xFF, 0xFF, 0xF7, 0x00, 0x00, 0xDF, 0xFF, 0xFF, 0x70, 0x00,
    0x01, 0x9E, 0xFF, 0xF6, 0x0E, 0xFF, 0xF2, 0x0F, 0xFF, 0xF2, 0x0F, 0xFF, 0xF2, 0x0F, 0xFF, 0xF2, 0x0F, 0xFF, 0xF2, 0x0F,
    0xFF, 0xF2, 0x0F, 0xFF, 0xF2, 0x0F, 0xFF, 0xF2, 0x0F, 0xFF, 0xF2, 0x0F, 0xFF, 0xF2, 0x0F, 0xFF, 0xF2, 0x0F, 0xFF, 0xF2,
    0x0F, 0xFF, 0xF2, 0x0F, 0xFF, 0xF2, 0x0F, 0xFF, 0xF2, 0x0F, 0xFF, 0xF2, 0x0F, 0xFF, 0xF2, 0x0F, 0xFF, 0xF2, 0x0F, 0xFF,
    0xF2, 0x0F, 0xFF, 0xF2, 0x0F, 0xFF, 0xF2, 0x0F, 0xFF, 0xF2, 0x0F, 0xFF, 0xF2, 0x0F, 0xFF, 0xF2, 0x0F, 0xFF, 0xF2, 0x0F,
    0xFF, 0xF2, 0x0F, 0xFF, 0xF2, 0x0F, 0xFF, 0xF2, 0x0F, 0xFF, 0xF2, 0x0F, 0xFF, 0xF2, 0x0E, 0xFF, 0xF2, 0x0E, 0xFF, 0xEC,
    0x50, 0x00, 0x00, 0xFF, 0xFF, 0xFF, 0x50, 0x00, 0x0F, 0xFF, 0xFF, 0xFD, 0x00, 0x00, 0x9B, 0xFF, 0xFF, 0xF1, 0x00, 0x00,
    0x07, 0xFF, 0xFF, 0x20, 0x00, 0x00, 0x2F, 0xFF, 0xF2, 0x00, 0x00, 0x01, 0xFF, 0xFF, 0x20, 0x00, 0x00, 0x1F, 0xFF, 0xF2,
    0x00, 0x00, 0x01, 0xFF, 0xFF, 0x20, 0x00, 0x00, 0x1F, 0xFF, 0xF2, 0x00, 0x00, 0x01, 0xFF, 0xFF, 0x20, 0x00, 0x00, 0x1F,
    0xFF, 0xF2, 0x00, 0x00, 0x01, 0xFF, 0xFF, 0x30, 0x00, 0x00, 0x0F, 0xFF, 0xF6, 0x00, 0x00, 0x00, 0xCF, 0xFF, 0xD2, 0x00,
    0x00, 0x06, 0xFF, 0xFF, 0xF5, 0x00, 0x00, 0x09, 0xFF, 0xFF, 0x70, 0x00, 0x00, 0xAF, 0xFF, 0xF7, 0x00, 0x00, 0x7F, 0xFF,
    0xFC, 0x30, 0x00, 0x0C, 0xFF, 0xFB, 0x00, 0x00, 0x00, 0xFF, 0xFF, 0x50, 0x00, 0x00, 0x1F, 0xFF, 0xF3, 0x00, 0x00, 0x01,
    0xFF, 0xFF, 0x20, 0x00, 0x00, 0x1F, 0xFF, 0xF2, 0x00, 0x00, 0x01, 0xFF, 0xFF, 0x20, 0x00, 0x00, 0x1F, 0xFF, 0xF2, 0x00,
    0x00, 0x01, 0xFF, 0xFF, 0x20, 0x00, 0x00, 0x1F, 0xFF, 0xF2, 0x00, 0x00, 0x02, 0xFF, 0xFF, 0x20, 0x00, 0x00, 0x7F, 0xFF,
    0xF2, 0x00, 0x09, 0xBF, 0xFF, 0xFF, 0x10, 0x00, 0xFF, 0xFF, 0xFF, 0xD0, 0x00, 0x0F, 0xFF, 0xFF, 0xF5, 0x00, 0x00, 0xEF,
    0xFE, 0xC5, 0x00, 0x00, 0x00, 0x01, 0x69, 0x73, 0x00, 0x00, 0x01, 0x00, 0x00, 0x04, 0xEF, 0xFF, 0xFB, 0x30, 0x01, 0xDC,
    0x30, 0x03, 0xEF, 0xFF, 0xFF, 0xFF, 0xCA, 0xEF, 0xFF, 0x10, 0xBF, 0xFF, 0xFF, 0xFF, 0xFF, 0xFF, 0xFF, 0x90, 0x08, 0xFF,
    0x81, 0x26, 0xEF, 0xFF, 0xFF, 0xB0, 0x00, 0x03, 0x60, 0x00, 0x01, 0x7C, 0xED, 0x70, 0x00, 0x00, 0x00, 0x00, 0x00, 0x00,
    0x00, 0x00, 0x00, 0x00, 0x00, 0x00, 0x00, 0x00, 0x00, 0x00, 0x00, 0x00, 0x00, 0x00, 0x00, 0x00, 0x00, 0x00, 0x00, 0x00,
    0x00, 0x00, 0x00, 0x00, 0x00, 0x00, 0x00, 0x00, 0x00, 0x00, 0x00, 0x00, 0x00, 0x00, 0x00, 0x00, 0x00, 0x00, 0x00, 0x00,
    0x00, 0x00, 0x00, 0x00, 0x00, 0x00, 0x00, 0x00, 0x00, 0x00, 0x00, 0x00, 0x00, 0x00, 0x00, 0x00, 0x00, 0x00, 0x00, 0x00,
    0x00, 0x00, 0x00
}};

const DeckFont kTitleFont{kTitleGlyphs, kTitlePixels, 32, 126, 44};

constexpr std::array<DeckGlyph, 95> kCompactTitleGlyphs{{
    {0, 6, 0, 0, 28, 6}, {0, 8, 20, 0, 8, 8},
    {80, 9, 20, 0, 8, 9}, {170, 17, 20, 0, 8, 17},
    {340, 12, 25, 0, 5, 12}, {490, 22, 20, 0, 8, 22},
    {710, 16, 20, 0, 8, 16}, {870, 4, 20, 0, 8, 4},
    {910, 8, 25, 0, 6, 8}, {1010, 8, 25, 0, 6, 8},
    {1110, 10, 21, 0, 7, 10}, {1215, 12, 15, 0, 13, 12},
    {1305, 6, 7, 0, 24, 6}, {1326, 9, 10, 0, 18, 9},
    {1371, 6, 5, 0, 23, 6}, {1386, 11, 20, 0, 8, 11},
    {1496, 13, 20, 0, 8, 13}, {1626, 8, 20, 0, 8, 8},
    {1706, 12, 20, 0, 8, 12}, {1826, 12, 20, 0, 8, 12},
    {1946, 13, 20, 0, 8, 13}, {2076, 12, 20, 0, 8, 12},
    {2196, 12, 20, 0, 8, 12}, {2316, 11, 20, 0, 8, 11},
    {2426, 12, 20, 0, 8, 12}, {2546, 12, 20, 0, 8, 12},
    {2666, 7, 14, 0, 14, 7}, {2715, 6, 16, 0, 15, 6},
    {2763, 12, 15, 0, 13, 12}, {2853, 12, 14, 0, 14, 12},
    {2937, 12, 15, 0, 13, 12}, {3027, 12, 20, 0, 8, 12},
    {3147, 21, 21, 0, 9, 21}, {3368, 13, 20, 0, 8, 13},
    {3498, 13, 20, 0, 8, 13}, {3628, 13, 20, 0, 8, 13},
    {3758, 13, 20, 0, 8, 13}, {3888, 12, 20, 0, 8, 12},
    {4008, 12, 20, 0, 8, 12}, {4128, 13, 20, 0, 8, 13},
    {4258, 13, 20, 0, 8, 13}, {4388, 6, 20, 0, 8, 6},
    {4448, 12, 20, 0, 8, 12}, {4568, 13, 20, 0, 8, 13},
    {4698, 12, 20, 0, 8, 12}, {4818, 15, 20, 0, 8, 15},
    {4968, 14, 20, 0, 8, 14}, {5108, 13, 20, 0, 8, 13},
    {5238, 13, 20, 0, 8, 13}, {5368, 13, 24, 0, 8, 13},
    {5524, 13, 20, 0, 8, 13}, {5654, 12, 20, 0, 8, 12},
    {5774, 13, 20, 0, 8, 13}, {5904, 13, 20, 0, 8, 13},
    {6034, 13, 20, 0, 8, 13}, {6164, 19, 20, 0, 8, 19},
    {6354, 13, 20, 0, 8, 13}, {6484, 13, 20, 0, 8, 13},
    {6614, 11, 20, 0, 8, 11}, {6724, 9, 27, 0, 5, 9},
    {6846, 11, 20, 0, 8, 11}, {6956, 9, 27, 0, 5, 9},
    {7078, 12, 21, 0, 7, 12}, {7204, 11, 3, 0, 25, 11},
    {7221, 6, 21, 0, 7, 6}, {7284, 12, 15, 0, 13, 12},
    {7374, 12, 20, 0, 8, 12}, {7494, 12, 15, 0, 13, 12},
    {7584, 12, 20, 0, 8, 12}, {7704, 12, 15, 0, 13, 12},
    {7794, 8, 20, 0, 8, 8}, {7874, 12, 20, 0, 13, 12},
    {7994, 12, 20, 0, 8, 12}, {8114, 6, 21, 0, 7, 6},
    {8177, 8, 26, -2, 7, 6}, {8281, 12, 20, 0, 8, 12},
    {8401, 6, 20, 0, 8, 6}, {8461, 19, 15, 0, 13, 19},
    {8604, 12, 15, 0, 13, 12}, {8694, 12, 15, 0, 13, 12},
    {8784, 12, 20, 0, 13, 12}, {8904, 12, 20, 0, 13, 12},
    {9024, 9, 15, 0, 13, 9}, {9092, 11, 15, 0, 13, 11},
    {9175, 8, 19, 0, 9, 8}, {9251, 12, 15, 0, 13, 12},
    {9341, 12, 15, 0, 13, 12}, {9431, 17, 15, 0, 13, 17},
    {9559, 12, 15, 0, 13, 12}, {9649, 11, 20, 0, 13, 11},
    {9759, 10, 15, 0, 13, 10}, {9834, 9, 27, 0, 5, 9},
    {9956, 5, 24, 0, 6, 5}, {10016, 9, 27, 0, 5, 9},
    {10138, 13, 11, 0, 17, 13}
}};

constexpr std::array<std::uint8_t, 10210> kCompactTitlePixels{{
    0x00, 0xDF, 0xF5, 0x00, 0x00, 0xDF, 0xF5, 0x00, 0x00, 0xCF, 0xF5, 0x00, 0x00, 0xCF, 0xF4, 0x00, 0x00, 0xBF, 0xF4, 0x00,
    0x00, 0xBF, 0xF4, 0x00, 0x00, 0xBF, 0xF3, 0x00, 0x00, 0xAF, 0xF3, 0x00, 0x00, 0xAF, 0xF2, 0x00, 0x00, 0x9F, 0xF2, 0x00,
    0x00, 0x9F, 0xF2, 0x00, 0x00, 0x8F, 0xF1, 0x00, 0x00, 0x8F, 0xF1, 0x00, 0x00, 0x00, 0x00, 0x00, 0x00, 0x00, 0x00, 0x00,
    0x00, 0x00, 0x00, 0x00, 0x00, 0x7E, 0xC2, 0x00, 0x02, 0xFF, 0xFA, 0x00, 0x02, 0xFF, 0xF9, 0x00, 0x00, 0x7E, 0xC2, 0x00,
    0x7F, 0xF8, 0x0F, 0xFF, 0x07, 0xFF, 0x70, 0xEF, 0xF0, 0x6F, 0xF7, 0x0E, 0xFE, 0x05, 0xFF, 0x60, 0xDF, 0xD0, 0x4F, 0xF5,
    0x0C, 0xFC, 0x03, 0xFF, 0x40, 0xBF, 0xB0, 0x00, 0x00, 0x00, 0x00, 0x00, 0x00, 0x00, 0x00, 0x00, 0x00, 0x00, 0x00, 0x00,
    0x00, 0x00, 0x00, 0x00, 0x00, 0x00, 0x00, 0x00, 0x00, 0x00, 0x00, 0x00, 0x00, 0x00, 0x00, 0x00, 0x00, 0x00, 0x00, 0x00,
    0x00, 0x00, 0x00, 0x00, 0x00, 0x00, 0x00, 0x00, 0x00, 0x00, 0x00, 0x00, 0x00, 0x00, 0x00, 0x00, 0x00, 0x00, 0x00, 0x00,
    0x00, 0x00, 0x00, 0x00, 0x00, 0x00, 0x00, 0x00, 0x00, 0x00, 0x00, 0x00, 0x09, 0x99, 0x10, 0x05, 0x99, 0x60, 0x00, 0x00,
    0x02, 0xFF, 0xF1, 0x00, 0xAF, 0xF8, 0x00, 0x00, 0x00, 0x5F, 0xFE, 0x00, 0x0D, 0xFF, 0x60, 0x00, 0x00, 0x07, 0xFF, 0xC0,
    0x00, 0xEF, 0xF4, 0x00, 0x00, 0x00, 0x9F, 0xFA, 0x00, 0x2F, 0xFF, 0x20, 0x00, 0x0D, 0xFF, 0xFF, 0xFF, 0xFF, 0xFF, 0xFF,
    0xC0, 0x00, 0xDF, 0xFF, 0xFF, 0xFF, 0xFF, 0xFF, 0xFC, 0x00, 0x0B, 0xDF, 0xFF, 0xED, 0xDE, 0xFF, 0xED, 0xA0, 0x00, 0x03,
    0xFF, 0xF1, 0x00, 0xBF, 0xF8, 0x00, 0x00, 0x00, 0x4F, 0xFE, 0x00, 0x0C, 0xFF, 0x60, 0x00, 0x00, 0x06, 0xFF, 0xC0, 0x00,
    0xEF, 0xF4, 0x00, 0x00, 0x00, 0x8F, 0xFB, 0x00, 0x1F, 0xFF, 0x30, 0x00, 0x0C, 0xFF, 0xFF, 0xFF, 0xFF, 0xFF, 0xFF, 0xD0,
    0x00, 0xCF, 0xFF, 0xFF, 0xFF, 0xFF, 0xFF, 0xFD, 0x00, 0x0A, 0xDF, 0xFF, 0xED, 0xDE, 0xFF, 0xFD, 0xB0, 0x00, 0x02, 0xFF,
    0xF2, 0x00, 0xAF, 0xF9, 0x00, 0x00, 0x00, 0x5F, 0xFE, 0x00, 0x0D, 0xFF, 0x60, 0x00, 0x00, 0x07, 0xFF, 0xC0, 0x00, 0xFF,
    0xF4, 0x00, 0x00, 0x00, 0x8D, 0xD8, 0x00, 0x2D, 0xDD, 0x10, 0x00, 0x00, 0x00, 0x00, 0x00, 0x00, 0x00, 0x00, 0x00, 0x00,
    0x00, 0x00, 0x1F, 0xF4, 0x00, 0x00, 0x00, 0x00, 0x2F, 0xF4, 0x00, 0x00, 0x00, 0x03, 0x9F, 0xF9, 0x20, 0x00, 0x00, 0x7F,
    0xFF, 0xFF, 0xF6, 0x00, 0x05, 0xFF, 0xFF, 0xFF, 0xFF, 0x50, 0x0C, 0xFF, 0xC2, 0x2B, 0xFF, 0xC0, 0x1F, 0xFF, 0x40, 0x03,
    0xFF, 0xF1, 0x1F, 0xFF, 0x20, 0x00, 0xFF, 0xF2, 0x0F, 0xFF, 0x50, 0x00, 0x9A, 0xA1, 0x0B, 0xFF, 0xD2, 0x00, 0x00, 0x00,
    0x04, 0xFF, 0xFD, 0x30, 0x00, 0x00, 0x00, 0x9F, 0xFF, 0xF6, 0x00, 0x00, 0x00, 0x09, 0xFF, 0xFF, 0x90, 0x00, 0x00, 0x00,
    0x6F, 0xFF, 0xFA, 0x00, 0x00, 0x00, 0x03, 0xDF, 0xFF, 0x70, 0x00, 0x00, 0x00, 0x1D, 0xFF, 0xE0, 0x06, 0x77, 0x10, 0x02,
    0xFF, 0xF3, 0x1F, 0xFF, 0x30, 0x00, 0xEF, 0xF4, 0x0F, 0xFF, 0x50, 0x01, 0xFF, 0xF3, 0x0B, 0xFF, 0xD3, 0x1A, 0xFF, 0xE1,
    0x05, 0xFF, 0xFF, 0xFF, 0xFF, 0x80, 0x00, 0x7F, 0xFF, 0xFF, 0xFB, 0x10, 0x00, 0x04, 0xAF, 0xFC, 0x60, 0x00, 0x00, 0x00,
    0x1F, 0xF5, 0x00, 0x00, 0x00, 0x00, 0x1F, 0xF5, 0x00, 0x00, 0x00, 0x05, 0xCE, 0xD9, 0x10, 0x00, 0x00, 0x6F, 0xD0, 0x00,
    0x00, 0x00, 0x8F, 0xFD, 0xFF, 0xD1, 0x00, 0x01, 0xDF, 0x60, 0x00, 0x00, 0x02, 0xFD, 0x30, 0x1A, 0xF8, 0x00, 0x07, 0xFD,
    0x00, 0x00, 0x00, 0x06, 0xF6, 0x00, 0x01, 0xFC, 0x00, 0x1E, 0xF6, 0x00, 0x00, 0x00, 0x06, 0xF6, 0x00, 0x01, 0xFC, 0x00,
    0x8F, 0xC0, 0x00, 0x00, 0x00, 0x02, 0xFD, 0x30, 0x19, 0xF8, 0x01, 0xEF, 0x50, 0x00, 0x00, 0x00, 0x00, 0x8F, 0xFD, 0xFF,
    0xD1, 0x09, 0xFC, 0x00, 0x00, 0x00, 0x00, 0x00, 0x06, 0xCE, 0xE9, 0x10, 0x2F, 0xF4, 0x00, 0x00, 0x00, 0x00, 0x00, 0x00,
    0x00, 0x00, 0x00, 0x9F, 0xB0, 0x00, 0x00, 0x00, 0x00, 0x00, 0x00, 0x00, 0x00, 0x02, 0xFF, 0x30, 0x00, 0x00, 0x00, 0x00,
    0x00, 0x00, 0x00, 0x00, 0x0A, 0xFA, 0x00, 0x00, 0x00, 0x00, 0x00, 0x00, 0x00, 0x00, 0x00, 0x3F, 0xF2, 0x01, 0x8C, 0xB7,
    0x10, 0x00, 0x00, 0x00, 0x00, 0x00, 0xBF, 0x90, 0x2D, 0xFF, 0xFF, 0xC1, 0x00, 0x00, 0x00, 0x00, 0x04, 0xFF, 0x20, 0xBF,
    0x81, 0x2A, 0xF8, 0x00, 0x00, 0x00, 0x00, 0x0C, 0xF9, 0x02, 0xFB, 0x00, 0x01, 0xEE, 0x00, 0x00, 0x00, 0x00, 0x5F, 0xE1,
    0x04, 0xF8, 0x00, 0x00, 0xBF, 0x10, 0x00, 0x00, 0x00, 0xCF, 0x80, 0x02, 0xFB, 0x00, 0x00, 0xDE, 0x00, 0x00, 0x00, 0x06,
    0xFE, 0x10, 0x00, 0xCF, 0x60, 0x09, 0xF9, 0x00, 0x00, 0x00, 0x0D, 0xF7, 0x00, 0x00, 0x3E, 0xFE, 0xEF, 0xD1, 0x00, 0x00,
    0x00, 0x6F, 0xD1, 0x00, 0x00, 0x03, 0xBE, 0xE9, 0x10, 0x00, 0x00, 0x01, 0x8D, 0xFE, 0xA3, 0x00, 0x00, 0x00, 0x00, 0x1D,
    0xFF, 0xFF, 0xFF, 0x50, 0x00, 0x00, 0x00, 0x9F, 0xFF, 0xEF, 0xFF, 0xE2, 0x00, 0x00, 0x00, 0xEF, 0xFA, 0x02, 0xEF, 0xF7,
    0x00, 0x00, 0x01, 0xFF, 0xF4, 0x00, 0xAF, 0xF9, 0x00, 0x00, 0x00, 0xFF, 0xF5, 0x00, 0xBF, 0xF8, 0x00, 0x00, 0x00, 0xBF,
    0xFA, 0x03, 0xFF, 0xF5, 0x00, 0x00, 0x00, 0x3F, 0xFF, 0x7E, 0xFF, 0xD0, 0x00, 0x00, 0x00, 0x09, 0xFF, 0xFF, 0xFE, 0x30,
    0x00, 0x00, 0x00, 0x01, 0xFF, 0xFF, 0xE3, 0x00, 0x00, 0x00, 0x00, 0x1C, 0xFF, 0xFF, 0x80, 0x00, 0x00, 0x00, 0x00, 0xCF,
    0xFF, 0xFF, 0xF3, 0x00, 0x62, 0x00, 0x07, 0xFF, 0xF5, 0xAF, 0xFD, 0x13, 0xFF, 0x80, 0x0D, 0xFF, 0x80, 0x1C, 0xFF, 0xAC,
    0xFF, 0x80, 0x0F, 0xFF, 0x30, 0x02, 0xEF, 0xFF, 0xFE, 0x10, 0x1F, 0xFF, 0x40, 0x00, 0x5F, 0xFF, 0xF5, 0x00, 0x0E, 0xFF,
    0xB1, 0x02, 0xAF, 0xFF, 0xE1, 0x00, 0x0A, 0xFF, 0xFF, 0xEF, 0xFF, 0xFF, 0xFA, 0x00, 0x01, 0xDF, 0xFF, 0xFF, 0xFF, 0xBF,
    0xFF, 0x60, 0x00, 0x18, 0xCF, 0xFD, 0x93, 0x07, 0xFF, 0xE1, 0x7F, 0xFA, 0x7F, 0xFA, 0x6F, 0xF9, 0x5F, 0xF8, 0x4F, 0xF7,
    0x3F, 0xF6, 0x00, 0x00, 0x00, 0x00, 0x00, 0x00, 0x00, 0x00, 0x00, 0x00, 0x00, 0x00, 0x00, 0x00, 0x00, 0x00, 0x00, 0x00,
    0x00, 0x00, 0x00, 0x00, 0x00, 0x00, 0x00, 0x00, 0x00, 0x00, 0x00, 0x3F, 0xFE, 0x00, 0x00, 0xBF, 0xFA, 0x00, 0x03, 0xFF,
    0xF5, 0x00, 0x08, 0xFF, 0xE0, 0x00, 0x0D, 0xFF, 0xB0, 0x00, 0x2F, 0xFF, 0x70, 0x00, 0x5F, 0xFF, 0x40, 0x00, 0x8F, 0xFF,
    0x10, 0x00, 0xBF, 0xFE, 0x00, 0x00, 0xDF, 0xFC, 0x00, 0x00, 0xDF, 0xFB, 0x00, 0x00, 0xEF, 0xFA, 0x00, 0x00, 0xFF, 0xFA,
    0x00, 0x00, 0xEF, 0xFA, 0x00, 0x00, 0xDF, 0xFB, 0x00, 0x00, 0xDF, 0xFC, 0x00, 0x00, 0xBF, 0xFE, 0x00, 0x00, 0x8F, 0xFF,
    0x10, 0x00, 0x6F, 0xFF, 0x30, 0x00, 0x3F, 0xFF, 0x60, 0x00, 0x0D, 0xFF, 0xA0, 0x00, 0x09, 0xFF, 0xE0, 0x00, 0x03, 0xFF,
    0xF4, 0x00, 0x00, 0xBF, 0xFA, 0x00, 0x00, 0x4F, 0xFF, 0x00, 0x02, 0xFF, 0xE2, 0x00, 0x00, 0xDF, 0xF8, 0x00, 0x00, 0x7F,
    0xFE, 0x10, 0x00, 0x2F, 0xFF, 0x60, 0x00, 0x0D, 0xFF, 0xB0, 0x00, 0x09, 0xFF, 0xF1, 0x00, 0x06, 0xFF, 0xF3, 0x00, 0x04,
    0xFF, 0xF6, 0x00, 0x01, 0xFF, 0xF9, 0x00, 0x00, 0xFF, 0xFA, 0x00, 0x00, 0xEF, 0xFB, 0x00, 0x00, 0xDF, 0xFC, 0x00, 0x00,
    0xDF, 0xFC, 0x00, 0x00, 0xDF, 0xFC, 0x00, 0x00, 0xEF, 0xFB, 0x00, 0x00, 0xFF, 0xFA, 0x00, 0x02, 0xFF, 0xF8, 0x00, 0x04,
    0xFF, 0xF6, 0x00, 0x06, 0xFF, 0xF3, 0x00, 0x09, 0xFF, 0xE0, 0x00, 0x0D, 0xFF, 0xA0, 0x00, 0x2F, 0xFF, 0x60, 0x00, 0x7F,
    0xFE, 0x10, 0x00, 0xDF, 0xF8, 0x00, 0x02, 0xFF, 0xE1, 0x00, 0x00, 0x00, 0xDF, 0x00, 0x00, 0x02, 0x00, 0xDF, 0x00, 0x20,
    0x2F, 0xB2, 0xDF, 0x2A, 0xF3, 0x3E, 0xFF, 0xFF, 0xEF, 0xE4, 0x01, 0x8F, 0xFF, 0xF9, 0x10, 0x01, 0x8F, 0xFF, 0xF9, 0x10,
    0x3D, 0xFF, 0xFF, 0xEF, 0xE4, 0x2E, 0xB2, 0xDF, 0x2A, 0xF3, 0x02, 0x00, 0xDF, 0x00, 0x20, 0x00, 0x00, 0xDF, 0x00, 0x00,
    0x00, 0x00, 0x00, 0x00, 0x00, 0x00, 0x00, 0x00, 0x00, 0x00, 0x00, 0x00, 0x00, 0x00, 0x00, 0x00, 0x00, 0x00, 0x00, 0x00,
    0x00, 0x00, 0x00, 0x00, 0x00, 0x00, 0x00, 0x00, 0x00, 0x00, 0x00, 0x00, 0x00, 0x00, 0x00, 0x00, 0x00, 0x00, 0x00, 0x00,
    0x00, 0x00, 0x00, 0x00, 0x00, 0x00, 0x00, 0x00, 0x00, 0x00, 0x00, 0x00, 0x00, 0x00, 0x00, 0x00, 0x00, 0x1F, 0xF5, 0x00,
    0x00, 0x00, 0x00, 0x1F, 0xF6, 0x00, 0x00, 0x00, 0x00, 0x1F, 0xF6, 0x00, 0x00, 0x00, 0x00, 0x1F, 0xF6, 0x00, 0x00, 0x3F,
    0xFF, 0xFF, 0xFF, 0xFF, 0xF8, 0x4F, 0xFF, 0xFF, 0xFF, 0xFF, 0xF8, 0x3D, 0xDD, 0xDF, 0xFE, 0xDD, 0xD7, 0x00, 0x00, 0x1F,
    0xF6, 0x00, 0x00, 0x00, 0x00, 0x1F, 0xF6, 0x00, 0x00, 0x00, 0x00, 0x1F, 0xF6, 0x00, 0x00, 0x00, 0x00, 0x1F, 0xF5, 0x00,
    0x00, 0x00, 0x00, 0x00, 0x00, 0x00, 0x00, 0x00, 0x00, 0x00, 0x00, 0x00, 0x00, 0x00, 0x00, 0x00, 0x00, 0x00, 0x00, 0x00,
    0x00, 0x00, 0x00, 0x00, 0x00, 0x05, 0xFF, 0x70, 0x07, 0xFF, 0x40, 0x09, 0xFF, 0x10, 0x0B, 0xFD, 0x00, 0x0D, 0xF9, 0x00,
    0x0E, 0xF6, 0x00, 0x1F, 0xF2, 0x00, 0x3D, 0xDD, 0xDD, 0xDD, 0x44, 0xFF, 0xFF, 0xFF, 0xF5, 0x3F, 0xFF, 0xFF, 0xFF, 0x50,
    0x00, 0x00, 0x00, 0x00, 0x00, 0x00, 0x00, 0x00, 0x00, 0x00, 0x00, 0x00, 0x00, 0x00, 0x00, 0x00, 0x00, 0x00, 0x00, 0x00,
    0x00, 0x00, 0x00, 0x00, 0x00, 0x00, 0x00, 0x00, 0x00, 0x00, 0x00, 0x05, 0xED, 0x40, 0x0E, 0xFF, 0xC0, 0x0E, 0xFF, 0xC0,
    0x05, 0xED, 0x40, 0x00, 0x00, 0x00, 0x00, 0x00, 0x00, 0xBF, 0xF7, 0x00, 0x00, 0x00, 0x1F, 0xFF, 0x30, 0x00, 0x00, 0x05,
    0xFF, 0xE0, 0x00, 0x00, 0x00, 0x9F, 0xF9, 0x00, 0x00, 0x00, 0x0E, 0xFF, 0x50, 0x00, 0x00, 0x03, 0xFF, 0xF1, 0x00, 0x00,
    0x00, 0x8F, 0xFB, 0x00, 0x00, 0x00, 0x0C, 0xFF, 0x70, 0x00, 0x00, 0x02, 0xFF, 0xF2, 0x00, 0x00, 0x00, 0x6F, 0xFD, 0x00,
    0x00, 0x00, 0x0B, 0xFF, 0x80, 0x00, 0x00, 0x01, 0xEF, 0xF4, 0x00, 0x00, 0x00, 0x5F, 0xFE, 0x00, 0x00, 0x00, 0x09, 0xFF,
    0xA0, 0x00, 0x00, 0x00, 0xDF, 0xF5, 0x00, 0x00, 0x00, 0x3F, 0xFF, 0x10, 0x00, 0x00, 0x07, 0xFF, 0xC0, 0x00, 0x00, 0x00,
    0xCF, 0xF7, 0x00, 0x00, 0x00, 0x1F, 0xFF, 0x30, 0x00, 0x00, 0x05, 0xFF, 0xD0, 0x00, 0x00, 0x00, 0x00, 0x04, 0xBE, 0xFD,
    0x81, 0x00, 0x00, 0x07, 0xFF, 0xFF, 0xFF, 0xE2, 0x00, 0x04, 0xFF, 0xFF, 0xEF, 0xFF, 0xC0, 0x00, 0xAF, 0xFD, 0x20, 0x6F,
    0xFF, 0x40, 0x0D, 0xFF, 0x60, 0x00, 0xDF, 0xF7, 0x00, 0xEF, 0xF5, 0x00, 0x0B, 0xFF, 0x80, 0x0E, 0xFF, 0x50, 0x00, 0xBF,
    0xF8, 0x00, 0xEF, 0xF5, 0x00, 0x0B, 0xFF, 0x80, 0x0E, 0xFF, 0x50, 0x00, 0xBF, 0xF8, 0x00, 0xEF, 0xF5, 0x00, 0x0B, 0xFF,
    0x80, 0x0E, 0xFF, 0x50, 0x00, 0xBF, 0xF8, 0x00, 0xEF, 0xF5, 0x00, 0x0B, 0xFF, 0x80, 0x0E, 0xFF, 0x50, 0x00, 0xBF, 0xF8,
    0x00, 0xEF, 0xF5, 0x00, 0x0B, 0xFF, 0x80, 0x0E, 0xFF, 0x50, 0x00, 0xBF, 0xF8, 0x00, 0xDF, 0xF6, 0x00, 0x0D, 0xFF, 0x70,
    0x0A, 0xFF, 0xD2, 0x06, 0xFF, 0xF4, 0x00, 0x4F, 0xFF, 0xFE, 0xFF, 0xFC, 0x00, 0x00, 0x7F, 0xFF, 0xFF, 0xFE, 0x20, 0x00,
    0x00, 0x4B, 0xEF, 0xD9, 0x10, 0x00, 0x03, 0xAF, 0xFF, 0x60, 0x8F, 0xFF, 0xFF, 0x70, 0xAF, 0xFF, 0xFF, 0x70, 0x8B, 0x8D,
    0xFF, 0x70, 0x00, 0x0C, 0xFF, 0x70, 0x00, 0x0C, 0xFF, 0x70, 0x00, 0x0C, 0xFF, 0x70, 0x00, 0x0C, 0xFF, 0x70, 0x00, 0x0C,
    0xFF, 0x70, 0x00, 0x0C, 0xFF, 0x70, 0x00, 0x0C, 0xFF, 0x70, 0x00, 0x0C, 0xFF, 0x70, 0x00, 0x0C, 0xFF, 0x70, 0x00, 0x0C,
    0xFF, 0x70, 0x00, 0x0C, 0xFF, 0x70, 0x00, 0x0C, 0xFF, 0x70, 0x00, 0x0C, 0xFF, 0x70, 0x00, 0x0C, 0xFF, 0x70, 0x00, 0x0C,
    0xFF, 0x70, 0x00, 0x0C, 0xFF, 0x60, 0x00, 0x06, 0xCE, 0xEC, 0x50, 0x00, 0x00, 0xBF, 0xFF, 0xFF, 0xF8, 0x00, 0x07, 0xFF,
    0xFE, 0xFF, 0xFF, 0x40, 0x0E, 0xFF, 0xA0, 0x1D, 0xFF, 0xA0, 0x2F, 0xFF, 0x30, 0x07, 0xFF, 0xD0, 0x3F, 0xFF, 0x20, 0x06,
    0xFF, 0xD0, 0x19, 0x99, 0x10, 0x08, 0xFF, 0xC0, 0x00, 0x00, 0x00, 0x0D, 0xFF, 0x90, 0x00, 0x00, 0x00, 0x4F, 0xFF, 0x40,
    0x00, 0x00, 0x00, 0xCF, 0xFC, 0x00, 0x00, 0x00, 0x07, 0xFF, 0xF4, 0x00, 0x00, 0x00, 0x2E, 0xFF, 0x90, 0x00, 0x00, 0x00,
    0xBF, 0xFD, 0x10, 0x00, 0x00, 0x07, 0xFF, 0xF4, 0x00, 0x00, 0x00, 0x3F, 0xFF, 0x80, 0x00, 0x00, 0x01, 0xDF, 0xFC, 0x00,
    0x00, 0x00, 0x09, 0xFF, 0xE2, 0x00, 0x00, 0x00, 0x1F, 0xFF, 0xFD, 0xDD, 0xDD, 0xD4, 0x2F, 0xFF, 0xFF, 0xFF, 0xFF, 0xF5,
    0x2F, 0xFF, 0xFF, 0xFF, 0xFF, 0xF4, 0x0E, 0xFF, 0xFF, 0xFF, 0xFF, 0xB0, 0x0F, 0xFF, 0xFF, 0xFF, 0xFF, 0xC0, 0x0C, 0xDD,
    0xDD, 0xDF, 0xFF, 0xB0, 0x00, 0x00, 0x00, 0x8F, 0xFF, 0x50, 0x00, 0x00, 0x04, 0xFF, 0xF9, 0x00, 0x00, 0x00, 0x1E, 0xFF,
    0xC0, 0x00, 0x00, 0x00, 0xBF, 0xFE, 0x30, 0x00, 0x00, 0x07, 0xFF, 0xFA, 0x10, 0x00, 0x00, 0x06, 0xFF, 0xFF, 0xE4, 0x00,
    0x00, 0x00, 0x67, 0x8F, 0xFD, 0x10, 0x00, 0x00, 0x00, 0x09, 0xFF, 0x60, 0x00, 0x00, 0x00, 0x06, 0xFF, 0xA0, 0x00, 0x00,
    0x00, 0x04, 0xFF, 0xC0, 0x16, 0x66, 0x00, 0x04, 0xFF, 0xC0, 0x3F, 0xFF, 0x10, 0x05, 0xFF, 0xC0, 0x2F, 0xFF, 0x30, 0x07,
    0xFF, 0xB0, 0x0E, 0xFF, 0xA0, 0x1C, 0xFF, 0x70, 0x09, 0xFF, 0xFE, 0xEF, 0xFF, 0x20, 0x01, 0xDF, 0xFF, 0xFF, 0xF7, 0x00,
    0x00, 0x18, 0xDF, 0xEC, 0x50, 0x00, 0x00, 0x00, 0x9F, 0xFC, 0x00, 0x00, 0x00, 0x00, 0x0E, 0xFF, 0x80, 0x00, 0x00, 0x00,
    0x05, 0xFF, 0xF3, 0x00, 0x00, 0x00, 0x00, 0x9F, 0xFD, 0x00, 0x00, 0x00, 0x00, 0x0E, 0xFF, 0x90, 0x00, 0x00, 0x00, 0x04,
    0xFF, 0xF4, 0x00, 0x00, 0x00, 0x00, 0x9F, 0xFE, 0x00, 0x00, 0x00, 0x00, 0x0E, 0xFF, 0xA0, 0x00, 0x00, 0x00, 0x04, 0xFF,
    0xF5, 0x02, 0xFF, 0xF1, 0x00, 0x9F, 0xFF, 0x10, 0x2F, 0xFF, 0x10, 0x0D, 0xFF, 0xA0, 0x02, 0xFF, 0xF1, 0x03, 0xFF, 0xF6,
    0x00, 0x2F, 0xFF, 0x20, 0x7F, 0xFF, 0xFF, 0xFF, 0xFF, 0xFF, 0x68, 0xFF, 0xFF, 0xFF, 0xFF, 0xFF, 0xF6, 0x6D, 0xDD, 0xDD,
    0xDE, 0xFF, 0xFD, 0x50, 0x00, 0x00, 0x00, 0x2F, 0xFF, 0x10, 0x00, 0x00, 0x00, 0x02, 0xFF, 0xF1, 0x00, 0x00, 0x00, 0x00,
    0x2F, 0xFF, 0x10, 0x00, 0x00, 0x00, 0x02, 0xFF, 0xF1, 0x00, 0x00, 0x00, 0x00, 0x2F, 0xFF, 0x10, 0x0D, 0xFF, 0xFF, 0xFF,
    0xFF, 0xD0, 0x0E, 0xFF, 0xFF, 0xFF, 0xFF, 0xD0, 0x0E, 0xFF, 0xED, 0xDD, 0xDD, 0xB0, 0x0E, 0xFF, 0x50, 0x00, 0x00, 0x00,
    0x0E, 0xFF, 0x50, 0x00, 0x00, 0x00, 0x0E, 0xFF, 0x50, 0x00, 0x00, 0x00, 0x0E, 0xFF, 0x50, 0x00, 0x00, 0x00, 0x0E, 0xFF,
    0x56, 0xCD, 0x92, 0x00, 0x0E, 0xFF, 0xEF, 0xFF, 0xFD, 0x10, 0x0E, 0xFF, 0xFF, 0xFF, 0xFF, 0x80, 0x0E, 0xFF, 0xC2, 0x1B,
    0xFF, 0xD0, 0x09, 0xAA, 0x40, 0x04, 0xFF, 0xF1, 0x00, 0x00, 0x00, 0x02, 0xFF, 0xF2, 0x00, 0x00, 0x00, 0x01, 0xFF, 0xF3,
    0x07, 0x88, 0x30, 0x01, 0xFF, 0xF3, 0x0C, 0xFF, 0x80, 0x03, 0xFF, 0xF1, 0x09, 0xFF, 0xD1, 0x0A, 0xFF, 0xE0, 0x04, 0xFF,
    0xFE, 0xEF, 0xFF, 0x90, 0x00, 0x9F, 0xFF, 0xFF, 0xFD, 0x10, 0x00, 0x06, 0xCE, 0xFD, 0x81, 0x00, 0x00, 0x06, 0xCE, 0xFC,
    0x70, 0x00, 0x00, 0xAF, 0xFF, 0xFF, 0xFB, 0x00, 0x05, 0xFF, 0xFF, 0xEF, 0xFF, 0x70, 0x0B, 0xFF, 0xD1, 0x1C, 0xFF, 0xC0,
    0x0D, 0xFF, 0x70, 0x05, 0xFF, 0xE0, 0x0E, 0xFF, 0x60, 0x03, 0xBB, 0xA0, 0x0E, 0xFF, 0x60, 0x00, 0x00, 0x00, 0x0E, 0xFF,
    0x8B, 0xED, 0x81, 0x00, 0x0D, 0xFF, 0xFF, 0xFF, 0xFC, 0x00, 0x0D, 0xFF, 0xFF, 0xEF, 0xFF, 0x70, 0x0D, 0xFF, 0xD1, 0x0A,
    0xFF, 0xC0, 0x0D, 0xFF, 0x80, 0x03, 0xFF, 0xF1, 0x0D, 0xFF, 0x60, 0x01, 0xFF, 0xF2, 0x0D, 0xFF, 0x60, 0x01, 0xFF, 0xF3,
    0x0D, 0xFF, 0x60, 0x01, 0xFF, 0xF3, 0x0B, 0xFF, 0x80, 0x03, 0xFF, 0xF2, 0x08, 0xFF, 0xD1, 0x0A, 0xFF, 0xF0, 0x03, 0xFF,
    0xFF, 0xEF, 0xFF, 0xA0, 0x00, 0x8F, 0xFF, 0xFF, 0xFD, 0x20, 0x00, 0x05, 0xCE, 0xFD, 0x81, 0x00, 0x7F, 0xFF, 0xFF, 0xFF,
    0xFF, 0x98, 0xFF, 0xFF, 0xFF, 0xFF, 0xFA, 0x8F, 0xFE, 0xDD, 0xDF, 0xFF, 0x98, 0xFF, 0x20, 0x00, 0xEF, 0xF7, 0x36, 0x50,
    0x00, 0x4F, 0xFF, 0x30, 0x00, 0x00, 0x08, 0xFF, 0xD0, 0x00, 0x00, 0x00, 0xCF, 0xF9, 0x00, 0x00, 0x00, 0x2F, 0xFF, 0x50,
    0x00, 0x00, 0x06, 0xFF, 0xF1, 0x00, 0x00, 0x00, 0xAF, 0xFC, 0x00, 0x00, 0x00, 0x0E, 0xFF, 0x70, 0x00, 0x00, 0x03, 0xFF,
    0xF3, 0x00, 0x00, 0x00, 0x7F, 0xFE, 0x00, 0x00, 0x00, 0x0C, 0xFF, 0xA0, 0x00, 0x00, 0x01, 0xFF, 0xF6, 0x00, 0x00, 0x00,
    0x5F, 0xFF, 0x10, 0x00, 0x00, 0x09, 0xFF, 0xC0, 0x00, 0x00, 0x00, 0xDF, 0xF8, 0x00, 0x00, 0x00, 0x3F, 0xFF, 0x40, 0x00,
    0x00, 0x06, 0xFF, 0xE0, 0x00, 0x00, 0x00, 0x06, 0xCE, 0xEC, 0x60, 0x00, 0x00, 0x9F, 0xFF, 0xFF, 0xFB, 0x00, 0x05, 0xFF,
    0xFE, 0xEF, 0xFF, 0x60, 0x0B, 0xFF, 0xD1, 0x0B, 0xFF, 0xC0, 0x0D, 0xFF, 0x60, 0x04, 0xFF, 0xF0, 0x0E, 0xFF, 0x40, 0x02,
    0xFF, 0xF1, 0x0C, 0xFF, 0x60, 0x05, 0xFF, 0xE0, 0x07, 0xFF, 0xE2, 0x1C, 0xFF, 0xA0, 0x01, 0xDF, 0xFF, 0xFF, 0xFE, 0x20,
    0x00, 0x3F, 0xFF, 0xFF, 0xF4, 0x00, 0x01, 0xDF, 0xFE, 0xEF, 0xFD, 0x10, 0x07, 0xFF, 0xD1, 0x1B, 0xFF, 0x80, 0x0B, 0xFF,
    0x70, 0x05, 0xFF, 0xD0, 0x0D, 0xFF, 0x50, 0x02, 0xFF, 0xF0, 0x0E, 0xFF, 0x50, 0x03, 0xFF, 0xF1, 0x0C, 0xFF, 0x70, 0x04,
    0xFF, 0xF0, 0x09, 0xFF, 0xC1, 0x1B, 0xFF, 0xB0, 0x02, 0xFF, 0xFE, 0xEF, 0xFF, 0x40, 0x00, 0x7F, 0xFF, 0xFF, 0xF8, 0x00,
    0x00, 0x04, 0xBE, 0xEC, 0x50, 0x00, 0x00, 0x29, 0xDF, 0xEB, 0x40, 0x00, 0x03, 0xEF, 0xFF, 0xFF, 0xF6, 0x00, 0x0C, 0xFF,
    0xFE, 0xFF, 0xFE, 0x10, 0x2F, 0xFF, 0x80, 0x2E, 0xFF, 0x60, 0x4F, 0xFF, 0x10, 0x0A, 0xFF, 0x90, 0x5F, 0xFE, 0x00, 0x09,
    0xFF, 0xA0, 0x6F, 0xFE, 0x00, 0x08, 0xFF, 0xB0, 0x5F, 0xFF, 0x00, 0x09, 0xFF, 0xB0, 0x3F, 0xFF, 0x20, 0x0A, 0xFF, 0xB0,
    0x0E, 0xFF, 0x91, 0x4F, 0xFF, 0xB0, 0x09, 0xFF, 0xFF, 0xFF, 0xFF, 0xB0, 0x01, 0xDF, 0xFF, 0xFF, 0xFF, 0xB0, 0x00, 0x18,
    0xCC, 0x99, 0xFF, 0xB0, 0x00, 0x00, 0x00, 0x08, 0xFF, 0xB0, 0x1D, 0xDD, 0x10, 0x08, 0xFF, 0xB0, 0x1F, 0xFF, 0x30, 0x09,
    0xFF, 0xB0, 0x0E, 0xFF, 0xA0, 0x3E, 0xFF, 0x80, 0x09, 0xFF, 0xFF, 0xFF, 0xFF, 0x30, 0x01, 0xDF, 0xFF, 0xFF, 0xF7, 0x00,
    0x00, 0x18, 0xDF, 0xEB, 0x40, 0x00, 0x00, 0xAE, 0xB1, 0x00, 0x5F, 0xFF, 0x70, 0x05, 0xFF, 0xF6, 0x00, 0x0A, 0xEB, 0x10,
    0x00, 0x00, 0x00, 0x00, 0x00, 0x00, 0x00, 0x00, 0x00, 0x00, 0x00, 0x00, 0x00, 0x00, 0x00, 0x00, 0x00, 0x00, 0x0A, 0xEB,
    0x10, 0x05, 0xFF, 0xF7, 0x00, 0x5F, 0xFF, 0x60, 0x00, 0xAE, 0xB1, 0x00, 0x00, 0x00, 0x00, 0x04, 0xDE, 0x50, 0x0E, 0xFF,
    0xF1, 0x0E, 0xFF, 0xF1, 0x05, 0xDE, 0x60, 0x00, 0x00, 0x00, 0x00, 0x00, 0x00, 0x00, 0x00, 0x00, 0x00, 0x00, 0x00, 0x00,
    0x00, 0x00, 0x05, 0xFF, 0x70, 0x07, 0xFF, 0x50, 0x08, 0xFF, 0x20, 0x09, 0xFE, 0x00, 0x0A, 0xFB, 0x00, 0x0C, 0xF8, 0x00,
    0x0D, 0xF5, 0x00, 0x00, 0x00, 0x00, 0x00, 0x00, 0x02, 0x00, 0x00, 0x00, 0x00, 0x17, 0xE8, 0x00, 0x00, 0x00, 0x18, 0xEF,
    0xF8, 0x00, 0x00, 0x29, 0xEF, 0xFF, 0xF6, 0x00, 0x3A, 0xFF, 0xFF, 0xE9, 0x20, 0x1A, 0xFF, 0xFF, 0xD7, 0x10, 0x00, 0x4F,
    0xFF, 0xC5, 0x00, 0x00, 0x00, 0x4F, 0xFF, 0xA4, 0x00, 0x00, 0x00, 0x2C, 0xFF, 0xFF, 0xC5, 0x00, 0x00, 0x00, 0x4B, 0xFF,
    0xFF, 0xD7, 0x10, 0x00, 0x00, 0x3A, 0xFF, 0xFF, 0xE5, 0x00, 0x00, 0x00, 0x29, 0xFF, 0xF8, 0x00, 0x00, 0x00, 0x00, 0x28,
    0xE8, 0x00, 0x00, 0x00, 0x00, 0x00, 0x13, 0x00, 0x00, 0x00, 0x00, 0x00, 0x00, 0x02, 0x22, 0x22, 0x22, 0x22, 0x21, 0x4F,
    0xFF, 0xFF, 0xFF, 0xFF, 0xF8, 0x3F, 0xFF, 0xFF, 0xFF, 0xFF, 0xF8, 0x00, 0x00, 0x00, 0x00, 0x00, 0x00, 0x00, 0x00, 0x00,
    0x00, 0x00, 0x00, 0x02, 0x22, 0x22, 0x22, 0x22, 0x21, 0x4F, 0xFF, 0xFF, 0xFF, 0xFF, 0xF8, 0x3F, 0xFF, 0xFF, 0xFF, 0xFF,
    0xF8, 0x00, 0x00, 0x00, 0x00, 0x00, 0x00, 0x00, 0x00, 0x00, 0x00, 0x00, 0x00, 0x00, 0x00, 0x00, 0x00, 0x00, 0x00, 0x00,
    0x00, 0x00, 0x00, 0x00, 0x00, 0x00, 0x00, 0x00, 0x00, 0x00, 0x00, 0x00, 0x00, 0x00, 0x00, 0x00, 0x00, 0x12, 0x00, 0x00,
    0x00, 0x00, 0x00, 0x4F, 0x92, 0x00, 0x00, 0x00, 0x00, 0x4F, 0xFF, 0xA3, 0x00, 0x00, 0x00, 0x2E, 0xFF, 0xFF, 0xB4, 0x00,
    0x00, 0x01, 0x6D, 0xFF, 0xFF, 0xC5, 0x00, 0x00, 0x00, 0x5B, 0xFF, 0xFF, 0xD4, 0x00, 0x00, 0x00, 0x39, 0xFF, 0xF8, 0x00,
    0x00, 0x00, 0x28, 0xEF, 0xF8, 0x00, 0x00, 0x3A, 0xFF, 0xFF, 0xE5, 0x00, 0x5C, 0xFF, 0xFF, 0xD7, 0x10, 0x2D, 0xFF, 0xFF,
    0xD6, 0x00, 0x00, 0x4F, 0xFF, 0xC5, 0x00, 0x00, 0x00, 0x4F, 0xB4, 0x00, 0x00, 0x00, 0x00, 0x13, 0x00, 0x00, 0x00, 0x00,
    0x00, 0x00, 0x00, 0x00, 0x00, 0x00, 0x00, 0x00, 0x07, 0xCE, 0xEC, 0x50, 0x00, 0x01, 0xCF, 0xFF, 0xFF, 0xF9, 0x00, 0x09,
    0xFF, 0xFE, 0xFF, 0xFF, 0x40, 0x1F, 0xFF, 0x80, 0x1D, 0xFF, 0xB0, 0x5F, 0xFE, 0x00, 0x07, 0xFF, 0xD0, 0x6F, 0xFD, 0x00,
    0x05, 0xFF, 0xE0, 0x13, 0x32, 0x00, 0x09, 0xFF, 0xD0, 0x00, 0x00, 0x00, 0x4F, 0xFF, 0x80, 0x00, 0x00, 0x03, 0xEF, 0xFE,
    0x20, 0x00, 0x00, 0x3E, 0xFF, 0xE4, 0x00, 0x00, 0x00, 0xCF, 0xFE, 0x30, 0x00, 0x00, 0x02, 0xFF, 0xF5, 0x00, 0x00, 0x00,
    0x03, 0xFF, 0xF1, 0x00, 0x00, 0x00, 0x03, 0xEE, 0xD0, 0x00, 0x00, 0x00, 0x00, 0x00, 0x00, 0x00, 0x00, 0x00, 0x00, 0x00,
    0x00, 0x00, 0x00, 0x00, 0x01, 0xBE, 0xA0, 0x00, 0x00, 0x00, 0x07, 0xFF, 0xF4, 0x00, 0x00, 0x00, 0x07, 0xFF, 0xF4, 0x00,
    0x00, 0x00, 0x01, 0xBE, 0xA0, 0x00, 0x00, 0x00, 0x00, 0x00, 0x01, 0x6B, 0xDF, 0xED, 0x94, 0x00, 0x00, 0x00, 0x00, 0x00,
    0x06, 0xEF, 0xFF, 0xFF, 0xFF, 0xFA, 0x10, 0x00, 0x00, 0x00, 0x1A, 0xFF, 0xD7, 0x43, 0x47, 0xCF, 0xFD, 0x10, 0x00, 0x00,
    0x0B, 0xFF, 0x80, 0x00, 0x00, 0x00, 0x7F, 0xFB, 0x00, 0x00, 0x08, 0xFF, 0x50, 0x00, 0x00, 0x00, 0x00, 0x7F, 0xF6, 0x00,
    0x03, 0xFF, 0x70, 0x05, 0xCD, 0x8D, 0xE2, 0x00, 0xDF, 0xB0, 0x00, 0xAF, 0xC0, 0x04, 0xFF, 0xFF, 0xFF, 0x10, 0x07, 0xFF,
    0x00, 0x2F, 0xF5, 0x00, 0xBF, 0xA1, 0x9F, 0xF0, 0x00, 0x4F, 0xF2, 0x06, 0xFE, 0x00, 0x0F, 0xF4, 0x06, 0xFD, 0x00, 0x03,
    0xFF, 0x30, 0xAF, 0xA0, 0x02, 0xFF, 0x10, 0x7F, 0xB0, 0x00, 0x3F, 0xF2, 0x0C, 0xF7, 0x00, 0x4F, 0xE0, 0x09, 0xF9, 0x00,
    0x06, 0xFF, 0x10, 0xDF, 0x50, 0x05, 0xFD, 0x00, 0xAF, 0x80, 0x00, 0x9F, 0xC0, 0x0E, 0xF6, 0x00, 0x7F, 0xB0, 0x0C, 0xFA,
    0x00, 0x1E, 0xF7, 0x00, 0xDF, 0x70, 0x05, 0xFE, 0x14, 0xFF, 0xF5, 0x3C, 0xFE, 0x10, 0x0B, 0xFB, 0x00, 0x1E, 0xFF, 0xFF,
    0xFF, 0xFF, 0xFE, 0x40, 0x00, 0x7F, 0xF2, 0x00, 0x3C, 0xED, 0x44, 0xCF, 0xEA, 0x20, 0x00, 0x02, 0xFF, 0xB0, 0x00, 0x00,
    0x00, 0x00, 0x00, 0x00, 0x00, 0x00, 0x08, 0xFF, 0xA0, 0x00, 0x00, 0x01, 0x30, 0x00, 0x00, 0x00, 0x00, 0x0B, 0xFF, 0xD7,
    0x43, 0x48, 0xEE, 0x10, 0x00, 0x00, 0x00, 0x00, 0x09, 0xFF, 0xFF, 0xFF, 0xFF, 0xD2, 0x00, 0x00, 0x00, 0x00, 0x00, 0x04,
    0x9D, 0xFE, 0xDA, 0x50, 0x00, 0x00, 0x00, 0x00, 0x00, 0x00, 0x7F, 0xFF, 0x40, 0x00, 0x00, 0x00, 0x0B, 0xFF, 0xF7, 0x00,
    0x00, 0x00, 0x00, 0xEF, 0xFF, 0xB0, 0x00, 0x00, 0x00, 0x2F, 0xFF, 0xFE, 0x00, 0x00, 0x00, 0x06, 0xFF, 0xFF, 0xF2, 0x00,
    0x00, 0x00, 0x9F, 0xF9, 0xFF, 0x50, 0x00, 0x00, 0x0C, 0xFE, 0x5F, 0xF8, 0x00, 0x00, 0x00, 0xFF, 0xC2, 0xFF, 0xC0, 0x00,
    0x00, 0x3F, 0xF9, 0x0E, 0xFF, 0x00, 0x00, 0x07, 0xFF, 0x60, 0xBF, 0xF3, 0x00, 0x00, 0xAF, 0xF4, 0x09, 0xFF, 0x60, 0x00,
    0x0D, 0xFF, 0x10, 0x6F, 0xF9, 0x00, 0x01, 0xFF, 0xD0, 0x03, 0xFF, 0xD0, 0x00, 0x4F, 0xFB, 0x00, 0x1F, 0xFF, 0x10, 0x08,
    0xFF, 0xFF, 0xFF, 0xFF, 0xF4, 0x00, 0xBF, 0xFF, 0xFF, 0xFF, 0xFF, 0x70, 0x0E, 0xFF, 0xA9, 0x99, 0xCF, 0xFA, 0x02, 0xFF,
    0xF0, 0x00, 0x05, 0xFF, 0xE0, 0x6F, 0xFC, 0x00, 0x00, 0x2F, 0xFF, 0x28, 0xFF, 0x90, 0x00, 0x00, 0xEF, 0xF5, 0x07, 0xFF,
    0xFF, 0xFD, 0xA4, 0x00, 0x00, 0x7F, 0xFF, 0xFF, 0xFF, 0xF8, 0x00, 0x07, 0xFF, 0xFD, 0xEF, 0xFF, 0xF4, 0x00, 0x7F, 0xFC,
    0x00, 0x3D, 0xFF, 0xB0, 0x07, 0xFF, 0xC0, 0x00, 0x6F, 0xFD, 0x00, 0x7F, 0xFC, 0x00, 0x04, 0xFF, 0xE0, 0x07, 0xFF, 0xC0,
    0x00, 0x6F, 0xFC, 0x00, 0x7F, 0xFC, 0x00, 0x3D, 0xFF, 0x80, 0x07, 0xFF, 0xFD, 0xEF, 0xFF, 0xD1, 0x00, 0x7F, 0xFF, 0xFF,
    0xFF, 0xF2, 0x00, 0x07, 0xFF, 0xFF, 0xFF, 0xFF, 0xC0, 0x00, 0x7F, 0xFC, 0x00, 0x4E, 0xFF, 0x70, 0x07, 0xFF, 0xC0, 0x00,
    0x6F, 0xFD, 0x00, 0x7F, 0xFC, 0x00, 0x02, 0xFF, 0xF1, 0x07, 0xFF, 0xC0, 0x00, 0x2F, 0xFF, 0x20, 0x7F, 0xFC, 0x00, 0x05,
    0xFF, 0xF1, 0x07, 0xFF, 0xC0, 0x02, 0xDF, 0xFD, 0x00, 0x7F, 0xFF, 0xDD, 0xFF, 0xFF, 0x70, 0x07, 0xFF, 0xFF, 0xFF, 0xFF,
    0xA0, 0x00, 0x7F, 0xFF, 0xFF, 0xEB, 0x60, 0x00, 0x00, 0x04, 0xAE, 0xFE, 0xA3, 0x00, 0x00, 0x06, 0xFF, 0xFF, 0xFF, 0xF5,
    0x00, 0x03, 0xFF, 0xFF, 0xEF, 0xFF, 0xF2, 0x00, 0x9F, 0xFE, 0x20, 0x3E, 0xFF, 0x80, 0x0C, 0xFF, 0x80, 0x00, 0x9F, 0xFB,
    0x00, 0xCF, 0xF6, 0x00, 0x07, 0xFF, 0xB0, 0x0C, 0xFF, 0x60, 0x00, 0x00, 0x00, 0x00, 0xCF, 0xF6, 0x00, 0x00, 0x00, 0x00,
    0x0C, 0xFF, 0x60, 0x00, 0x00, 0x00, 0x00, 0xCF, 0xF6, 0x00, 0x00, 0x00, 0x00, 0x0C, 0xFF, 0x60, 0x00, 0x00, 0x00, 0x00,
    0xCF, 0xF6, 0x00, 0x00, 0x00, 0x00, 0x0C, 0xFF, 0x60, 0x00, 0x00, 0x00, 0x00, 0xCF, 0xF6, 0x00, 0x00, 0x00, 0x00, 0x0C,
    0xFF, 0x60, 0x00, 0x7F, 0xFB, 0x00, 0xCF, 0xF8, 0x00, 0x09, 0xFF, 0xA0, 0x09, 0xFF, 0xE2, 0x03, 0xEF, 0xF7, 0x00, 0x3F,
    0xFF, 0xFE, 0xFF, 0xFE, 0x10, 0x00, 0x6F, 0xFF, 0xFF, 0xFF, 0x50, 0x00, 0x00, 0x3A, 0xEF, 0xEA, 0x30, 0x00, 0x07, 0xFF,
    0xFF, 0xFE, 0xB4, 0x00, 0x00, 0x7F, 0xFF, 0xFF, 0xFF, 0xF7, 0x00, 0x07, 0xFF, 0xFD, 0xDF, 0xFF, 0xF3, 0x00, 0x7F, 0xFC,
    0x00, 0x3E, 0xFF, 0x90, 0x07, 0xFF, 0xC0, 0x00, 0x8F, 0xFD, 0x00, 0x7F, 0xFC, 0x00, 0x05, 0xFF, 0xE0, 0x07, 0xFF, 0xC0,
    0x00, 0x5F, 0xFE, 0x00, 0x7F, 0xFC, 0x00, 0x05, 0xFF, 0xE0, 0x07, 0xFF, 0xC0, 0x00, 0x5F, 0xFE, 0x00, 0x7F, 0xFC, 0x00,
    0x05, 0xFF, 0xE0, 0x07, 0xFF, 0xC0, 0x00, 0x5F, 0xFE, 0x00, 0x7F, 0xFC, 0x00, 0x05, 0xFF, 0xE0, 0x07, 0xFF, 0xC0, 0x00,
    0x5F, 0xFE, 0x00, 0x7F, 0xFC, 0x00, 0x05, 0xFF, 0xE0, 0x07, 0xFF, 0xC0, 0x00, 0x5F, 0xFE, 0x00, 0x7F, 0xFC, 0x00, 0x08,
    0xFF, 0xD0, 0x07, 0xFF, 0xC0, 0x03, 0xEF, 0xF9, 0x00, 0x7F, 0xFF, 0xDD, 0xFF, 0xFF, 0x30, 0x07, 0xFF, 0xFF, 0xFF, 0xFF,
    0x70, 0x00, 0x7F, 0xFF, 0xFF, 0xEB, 0x40, 0x00, 0x07, 0xFF, 0xFF, 0xFF, 0xFF, 0xF4, 0x07, 0xFF, 0xFF, 0xFF, 0xFF, 0xF4,
    0x07, 0xFF, 0xFD, 0xDD, 0xDD, 0xD3, 0x07, 0xFF, 0xC0, 0x00, 0x00, 0x00, 0x07, 0xFF, 0xC0, 0x00, 0x00, 0x00, 0x07, 0xFF,
    0xC0, 0x00, 0x00, 0x00, 0x07, 0xFF, 0xC0, 0x00, 0x00, 0x00, 0x07, 0xFF, 0xC0, 0x00, 0x00, 0x00, 0x07, 0xFF, 0xFD, 0xDD,
    0xA0, 0x00, 0x07, 0xFF, 0xFF, 0xFF, 0xC0, 0x00, 0x07, 0xFF, 0xFF, 0xFF, 0xC0, 0x00, 0x07, 0xFF, 0xC0, 0x00, 0x00, 0x00,
    0x07, 0xFF, 0xC0, 0x00, 0x00, 0x00, 0x07, 0xFF, 0xC0, 0x00, 0x00, 0x00, 0x07, 0xFF, 0xC0, 0x00, 0x00, 0x00, 0x07, 0xFF,
    0xC0, 0x00, 0x00, 0x00, 0x07, 0xFF, 0xC0, 0x00, 0x00, 0x00, 0x07, 0xFF, 0xFD, 0xDD, 0xDD, 0xD3, 0x07, 0xFF, 0xFF, 0xFF,
    0xFF, 0xF4, 0x07, 0xFF, 0xFF, 0xFF, 0xFF, 0xF4, 0x07, 0xFF, 0xFF, 0xFF, 0xFF, 0xF3, 0x07, 0xFF, 0xFF, 0xFF, 0xFF, 0xF4,
    0x07, 0xFF, 0xFD, 0xDD, 0xDD, 0xD3, 0x07, 0xFF, 0xC0, 0x00, 0x00, 0x00, 0x07, 0xFF, 0xC0, 0x00, 0x00, 0x00, 0x07, 0xFF,
    0xC0, 0x00, 0x00, 0x00, 0x07, 0xFF, 0xC0, 0x00, 0x00, 0x00, 0x07, 0xFF, 0xC0, 0x00, 0x00, 0x00, 0x07, 0xFF, 0xFD, 0xDD,
    0xA0, 0x00, 0x07, 0xFF, 0xFF, 0xFF, 0xC0, 0x00, 0x07, 0xFF, 0xFF, 0xFF, 0xB0, 0x00, 0x07, 0xFF, 0xC0, 0x00, 0x00, 0x00,
    0x07, 0xFF, 0xC0, 0x00, 0x00, 0x00, 0x07, 0xFF, 0xC0, 0x00, 0x00, 0x00, 0x07, 0xFF, 0xC0, 0x00, 0x00, 0x00, 0x07, 0xFF,
    0xC0, 0x00, 0x00, 0x00, 0x07, 0xFF, 0xC0, 0x00, 0x00, 0x00, 0x07, 0xFF, 0xC0, 0x00, 0x00, 0x00, 0x07, 0xFF, 0xC0, 0x00,
    0x00, 0x00, 0x07, 0xFF, 0xB0, 0x00, 0x00, 0x00, 0x00, 0x04, 0xAE, 0xFE, 0xA3, 0x00, 0x00, 0x07, 0xFF, 0xFF, 0xFF, 0xF6,
    0x00, 0x03, 0xFF, 0xFF, 0xEF, 0xFF, 0xF2, 0x00, 0x9F, 0xFD, 0x20, 0x3E, 0xFF, 0x80, 0x0C, 0xFF, 0x70, 0x00, 0x9F, 0xFB,
    0x00, 0xCF, 0xF6, 0x00, 0x07, 0xFF, 0xC0, 0x0C, 0xFF, 0x60, 0x00, 0x26, 0x64, 0x00, 0xCF, 0xF6, 0x00, 0x00, 0x00, 0x00,
    0x0C, 0xFF, 0x60, 0x00, 0x00, 0x00, 0x00, 0xCF, 0xF6, 0x08, 0xDD, 0xDD, 0x90, 0x0C, 0xFF, 0x60, 0xAF, 0xFF, 0xFC, 0x00,
    0xCF, 0xF6, 0x0A, 0xFF, 0xFF, 0xC0, 0x0C, 0xFF, 0x60, 0x00, 0x7F, 0xFC, 0x00, 0xCF, 0xF6, 0x00, 0x07, 0xFF, 0xC0, 0x0C,
    0xFF, 0x60, 0x00, 0x7F, 0xFB, 0x00, 0xCF, 0xF7, 0x00, 0x09, 0xFF, 0xB0, 0x09, 0xFF, 0xD2, 0x03, 0xEF, 0xF8, 0x00, 0x3F,
    0xFF, 0xFE, 0xFF, 0xFF, 0x20, 0x00, 0x7F, 0xFF, 0xFF, 0xFF, 0x50, 0x00, 0x00, 0x4B, 0xEF, 0xEA, 0x30, 0x00, 0x07, 0xFF,
    0xB0, 0x00, 0x6F, 0xFC, 0x00, 0x7F, 0xFC, 0x00, 0x06, 0xFF, 0xD0, 0x07, 0xFF, 0xC0, 0x00, 0x6F, 0xFD, 0x00, 0x7F, 0xFC,
    0x00, 0x06, 0xFF, 0xD0, 0x07, 0xFF, 0xC0, 0x00, 0x6F, 0xFD, 0x00, 0x7F, 0xFC, 0x00, 0x06, 0xFF, 0xD0, 0x07, 0xFF, 0xC0,
    0x00, 0x6F, 0xFD, 0x00, 0x7F, 0xFC, 0x00, 0x06, 0xFF, 0xD0, 0x07, 0xFF, 0xFD, 0xDD, 0xEF, 0xFD, 0x00, 0x7F, 0xFF, 0xFF,
    0xFF, 0xFF, 0xD0, 0x07, 0xFF, 0xFF, 0xFF, 0xFF, 0xFD, 0x00, 0x7F, 0xFC, 0x00, 0x06, 0xFF, 0xD0, 0x07, 0xFF, 0xC0, 0x00,
    0x6F, 0xFD, 0x00, 0x7F, 0xFC, 0x00, 0x06, 0xFF, 0xD0, 0x07, 0xFF, 0xC0, 0x00, 0x6F, 0xFD, 0x00, 0x7F, 0xFC, 0x00, 0x06,
    0xFF, 0xD0, 0x07, 0xFF, 0xC0, 0x00, 0x6F, 0xFD, 0x00, 0x7F, 0xFC, 0x00, 0x06, 0xFF, 0xD0, 0x07, 0xFF, 0xC0, 0x00, 0x6F,
    0xFD, 0x00, 0x7F, 0xFB, 0x00, 0x06, 0xFF, 0xC0, 0x07, 0xFF, 0xB0, 0x07, 0xFF, 0xC0, 0x07, 0xFF, 0xC0, 0x07, 0xFF, 0xC0,
    0x07, 0xFF, 0xC0, 0x07, 0xFF, 0xC0, 0x07, 0xFF, 0xC0, 0x07, 0xFF, 0xC0, 0x07, 0xFF, 0xC0, 0x07, 0xFF, 0xC0, 0x07, 0xFF,
    0xC0, 0x07, 0xFF, 0xC0, 0x07, 0xFF, 0xC0, 0x07, 0xFF, 0xC0, 0x07, 0xFF, 0xC0, 0x07, 0xFF, 0xC0, 0x07, 0xFF, 0xC0, 0x07,
    0xFF, 0xC0, 0x07, 0xFF, 0xC0, 0x07, 0xFF, 0xB0, 0x00, 0x00, 0x00, 0x05, 0xFF, 0xC0, 0x00, 0x00, 0x00, 0x06, 0xFF, 0xD0,
    0x00, 0x00, 0x00, 0x06, 0xFF, 0xD0, 0x00, 0x00, 0x00, 0x06, 0xFF, 0xD0, 0x00, 0x00, 0x00, 0x06, 0xFF, 0xD0, 0x00, 0x00,
    0x00, 0x06, 0xFF, 0xD0, 0x00, 0x00, 0x00, 0x06, 0xFF, 0xD0, 0x00, 0x00, 0x00, 0x06, 0xFF, 0xD0, 0x00, 0x00, 0x00, 0x06,
    0xFF, 0xD0, 0x00, 0x00, 0x00, 0x06, 0xFF, 0xD0, 0x00, 0x00, 0x00, 0x06, 0xFF, 0xD0, 0x00, 0x00, 0x00, 0x06, 0xFF, 0xD0,
    0x48, 0x86, 0x00, 0x06, 0xFF, 0xD0, 0x8F, 0xFB, 0x00, 0x06, 0xFF, 0xD0, 0x8F, 0xFB, 0x00, 0x06, 0xFF, 0xD0, 0x7F, 0xFC,
    0x00, 0x07, 0xFF, 0xC0, 0x5F, 0xFF, 0x50, 0x2D, 0xFF, 0x90, 0x0D, 0xFF, 0xFE, 0xFF, 0xFF, 0x30, 0x03, 0xEF, 0xFF, 0xFF,
    0xF7, 0x00, 0x00, 0x29, 0xDF, 0xEB, 0x40, 0x00, 0x07, 0xFF, 0xB0, 0x00, 0x1E, 0xFF, 0x70, 0x7F, 0xFC, 0x00, 0x08, 0xFF,
    0xE1, 0x07, 0xFF, 0xC0, 0x01, 0xEF, 0xF7, 0x00, 0x7F, 0xFC, 0x00, 0x8F, 0xFE, 0x10, 0x07, 0xFF, 0xC0, 0x2F, 0xFF, 0x60,
    0x00, 0x7F, 0xFC, 0x09, 0xFF, 0xD0, 0x00, 0x07, 0xFF, 0xC2, 0xFF, 0xF6, 0x00, 0x00, 0x7F, 0xFC, 0xAF, 0xFD, 0x00, 0x00,
    0x07, 0xFF, 0xEF, 0xFF, 0x60, 0x00, 0x00, 0x7F, 0xFF, 0xFF, 0xFA, 0x00, 0x00, 0x07, 0xFF, 0xFF, 0xFF, 0xF1, 0x00, 0x00,
    0x7F, 0xFF, 0xED, 0xFF, 0x70, 0x00, 0x07, 0xFF, 0xF5, 0x7F, 0xFD, 0x00, 0x00, 0x7F, 0xFD, 0x01, 0xFF, 0xF5, 0x00, 0x07,
    0xFF, 0xC0, 0x0A, 0xFF, 0xB0, 0x00, 0x7F, 0xFC, 0x00, 0x4F, 0xFF, 0x20, 0x07, 0xFF, 0xC0, 0x00, 0xDF, 0xF9, 0x00, 0x7F,
    0xFC, 0x00, 0x07, 0xFF, 0xE1, 0x07, 0xFF, 0xC0, 0x00, 0x1F, 0xFF, 0x60, 0x7F, 0xFB, 0x00, 0x00, 0x9F, 0xFC, 0x07, 0xFF,
    0xB0, 0x00, 0x00, 0x00, 0x07, 0xFF, 0xC0, 0x00, 0x00, 0x00, 0x07, 0xFF, 0xC0, 0x00, 0x00, 0x00, 0x07, 0xFF, 0xC0, 0x00,
    0x00, 0x00, 0x07, 0xFF, 0xC0, 0x00, 0x00, 0x00, 0x07, 0xFF, 0xC0, 0x00, 0x00, 0x00, 0x07, 0xFF, 0xC0, 0x00, 0x00, 0x00,
    0x07, 0xFF, 0xC0, 0x00, 0x00, 0x00, 0x07, 0xFF, 0xC0, 0x00, 0x00, 0x00, 0x07, 0xFF, 0xC0, 0x00, 0x00, 0x00, 0x07, 0xFF,
    0xC0, 0x00, 0x00, 0x00, 0x07, 0xFF, 0xC0, 0x00, 0x00, 0x00, 0x07, 0xFF, 0xC0, 0x00, 0x00, 0x00, 0x07, 0xFF, 0xC0, 0x00,
    0x00, 0x00, 0x07, 0xFF, 0xC0, 0x00, 0x00, 0x00, 0x07, 0xFF, 0xC0, 0x00, 0x00, 0x00, 0x07, 0xFF, 0xC0, 0x00, 0x00, 0x00,
    0x07, 0xFF, 0xFD, 0xDD, 0xDD, 0xD3, 0x07, 0xFF, 0xFF, 0xFF, 0xFF, 0xF4, 0x07, 0xFF, 0xFF, 0xFF, 0xFF, 0xF4, 0x08, 0xFF,
    0xD0, 0x00, 0x00, 0xCF, 0xF9, 0x00, 0x9F, 0xFF, 0x70, 0x00, 0x6F, 0xFF, 0xA0, 0x09, 0xFF, 0xFE, 0x10, 0x0D, 0xFF, 0xFA,
    0x00, 0x9F, 0xFF, 0xF8, 0x07, 0xFF, 0xFF, 0xA0, 0x09, 0xFF, 0xFF, 0xF3, 0xEF, 0xFF, 0xFA, 0x00, 0x9F, 0xFF, 0xFF, 0xEF,
    0xFF, 0xFF, 0xA0, 0x09, 0xFF, 0xBE, 0xFF, 0xFE, 0xBF, 0xFA, 0x00, 0x9F, 0xFA, 0x7F, 0xFF, 0x89, 0xFF, 0xA0, 0x09, 0xFF,
    0xA0, 0xDF, 0xE1, 0x9F, 0xFA, 0x00, 0x9F, 0xFA, 0x06, 0xF6, 0x09, 0xFF, 0xA0, 0x09, 0xFF, 0xA0, 0x0A, 0x00, 0x9F, 0xFA,
    0x00, 0x9F, 0xFA, 0x00, 0x00, 0x09, 0xFF, 0xA0, 0x09, 0xFF, 0xA0, 0x00, 0x00, 0x9F, 0xFA, 0x00, 0x9F, 0xFA, 0x00, 0x00,
    0x09, 0xFF, 0xA0, 0x09, 0xFF, 0xA0, 0x00, 0x00, 0x9F, 0xFA, 0x00, 0x9F, 0xFA, 0x00, 0x00, 0x09, 0xFF, 0xA0, 0x09, 0xFF,
    0xA0, 0x00, 0x00, 0x9F, 0xFA, 0x00, 0x9F, 0xFA, 0x00, 0x00, 0x09, 0xFF, 0xA0, 0x09, 0xFF, 0xA0, 0x00, 0x00, 0x9F, 0xFA,
    0x00, 0x8F, 0xFA, 0x00, 0x00, 0x09, 0xFF, 0x90, 0x07, 0xFF, 0xF2, 0x00, 0x07, 0xFF, 0xA0, 0x07, 0xFF, 0xF8, 0x00, 0x08,
    0xFF, 0xA0, 0x07, 0xFF, 0xFD, 0x00, 0x08, 0xFF, 0xA0, 0x07, 0xFF, 0xFF, 0x30, 0x08, 0xFF, 0xA0, 0x07, 0xFF, 0xFF, 0x80,
    0x08, 0xFF, 0xA0, 0x07, 0xFF, 0xFF, 0xE0, 0x08, 0xFF, 0xA0, 0x07, 0xFF, 0xFF, 0xF4, 0x08, 0xFF, 0xA0, 0x07, 0xFF, 0xEF,
    0xF9, 0x08, 0xFF, 0xA0, 0x07, 0xFF, 0xBD, 0xFE, 0x08, 0xFF, 0xA0, 0x07, 0xFF, 0xB7, 0xFF, 0x48, 0xFF, 0xA0, 0x07, 0xFF,
    0xB2, 0xFF, 0xA8, 0xFF, 0xA0, 0x07, 0xFF, 0xB0, 0xCF, 0xE9, 0xFF, 0xA0, 0x07, 0xFF, 0xB0, 0x7F, 0xFE, 0xFF, 0xA0, 0x07,
    0xFF, 0xB0, 0x2F, 0xFF, 0xFF, 0xA0, 0x07, 0xFF, 0xB0, 0x0B, 0xFF, 0xFF, 0xA0, 0x07, 0xFF, 0xB0, 0x06, 0xFF, 0xFF, 0xA0,
    0x07, 0xFF, 0xB0, 0x01, 0xFF, 0xFF, 0xA0, 0x07, 0xFF, 0xB0, 0x00, 0xBF, 0xFF, 0xA0, 0x07, 0xFF, 0xB0, 0x00, 0x6F, 0xFF,
    0xA0, 0x07, 0xFF, 0xA0, 0x00, 0x1E, 0xFF, 0xA0, 0x00, 0x03, 0xAE, 0xFE, 0xA3, 0x00, 0x00, 0x06, 0xFF, 0xFF, 0xFF, 0xF6,
    0x00, 0x02, 0xFF, 0xFF, 0xEF, 0xFF, 0xF3, 0x00, 0x8F, 0xFE, 0x30, 0x2E, 0xFF, 0x90, 0x0B, 0xFF, 0x80, 0x00, 0x7F, 0xFD,
    0x00, 0xCF, 0xF6, 0x00, 0x05, 0xFF, 0xE0, 0x0C, 0xFF, 0x60, 0x00, 0x5F, 0xFE, 0x00, 0xCF, 0xF6, 0x00, 0x05, 0xFF, 0xE0,
    0x0C, 0xFF, 0x60, 0x00, 0x5F, 0xFE, 0x00, 0xCF, 0xF6, 0x00, 0x05, 0xFF, 0xE0, 0x0C, 0xFF, 0x60, 0x00, 0x5F, 0xFE, 0x00,
    0xCF, 0xF6, 0x00, 0x05, 0xFF, 0xE0, 0x0C, 0xFF, 0x60, 0x00, 0x5F, 0xFE, 0x00, 0xCF, 0xF6, 0x00, 0x05, 0xFF, 0xE0, 0x0C,
    0xFF, 0x60, 0x00, 0x5F, 0xFE, 0x00, 0xBF, 0xF8, 0x00, 0x07, 0xFF, 0xD0, 0x08, 0xFF, 0xE3, 0x02, 0xEF, 0xF9, 0x00, 0x2F,
    0xFF, 0xFE, 0xFF, 0xFF, 0x30, 0x00, 0x6F, 0xFF, 0xFF, 0xFF, 0x60, 0x00, 0x00, 0x3A, 0xEF, 0xEA, 0x30, 0x00, 0x07, 0xFF,
    0xFF, 0xFE, 0xB5, 0x00, 0x00, 0x8F, 0xFF, 0xFF, 0xFF, 0xF7, 0x00, 0x08, 0xFF, 0xFD, 0xDF, 0xFF, 0xF3, 0x00, 0x8F, 0xFB,
    0x00, 0x3E, 0xFF, 0xA0, 0x08, 0xFF, 0xB0, 0x00, 0x6F, 0xFE, 0x00, 0x8F, 0xFB, 0x00, 0x03, 0xFF, 0xF1, 0x08, 0xFF, 0xB0,
    0x00, 0x3F, 0xFF, 0x10, 0x8F, 0xFB, 0x00, 0x07, 0xFF, 0xE0, 0x08, 0xFF, 0xB0, 0x04, 0xEF, 0xFB, 0x00, 0x8F, 0xFF, 0xFF,
    0xFF, 0xFF, 0x40, 0x08, 0xFF, 0xFF, 0xFF, 0xFF, 0x80, 0x00, 0x8F, 0xFF, 0xDD, 0xDB, 0x40, 0x00, 0x08, 0xFF, 0xB0, 0x00,
    0x00, 0x00, 0x00, 0x8F, 0xFB, 0x00, 0x00, 0x00, 0x00, 0x08, 0xFF, 0xB0, 0x00, 0x00, 0x00, 0x00, 0x8F, 0xFB, 0x00, 0x00,
    0x00, 0x00, 0x08, 0xFF, 0xB0, 0x00, 0x00, 0x00, 0x00, 0x8F, 0xFB, 0x00, 0x00, 0x00, 0x00, 0x08, 0xFF, 0xB0, 0x00, 0x00,
    0x00, 0x00, 0x7F, 0xFB, 0x00, 0x00, 0x00, 0x00, 0x00, 0x03, 0xAE, 0xFD, 0x81, 0x00, 0x00, 0x04, 0xFF, 0xFF, 0xFF, 0xD2,
    0x00, 0x01, 0xEF, 0xFF, 0xEF, 0xFF, 0xB0, 0x00, 0x7F, 0xFE, 0x20, 0x6F, 0xFF, 0x30, 0x0B, 0xFF, 0x80, 0x00, 0xCF, 0xF7,
    0x00, 0xCF, 0xF6, 0x00, 0x0A, 0xFF, 0x80, 0x0C, 0xFF, 0x60, 0x00, 0xAF, 0xF8, 0x00, 0xCF, 0xF6, 0x00, 0x0A, 0xFF, 0x80,
    0x0C, 0xFF, 0x60, 0x00, 0xAF, 0xF8, 0x00, 0xCF, 0xF6, 0x00, 0x0A, 0xFF, 0x80, 0x0C, 0xFF, 0x60, 0x00, 0xAF, 0xF8, 0x00,
    0xCF, 0xF6, 0x00, 0x0A, 0xFF, 0x80, 0x0C, 0xFF, 0x60, 0x00, 0xAF, 0xF8, 0x00, 0xCF, 0xF6, 0x00, 0x0A, 0xFF, 0x80, 0x0C,
    0xFF, 0x60, 0x00, 0xAF, 0xF8, 0x00, 0xCF, 0xF7, 0x00, 0x0B, 0xFF, 0x80, 0x0A, 0xFF, 0x90, 0x00, 0xDF, 0xF6, 0x00, 0x7F,
    0xFE, 0x41, 0x7F, 0xFF, 0x30, 0x01, 0xEF, 0xFF, 0xFF, 0xFF, 0xC0, 0x00, 0x05, 0xFF, 0xFF, 0xFF, 0xE2, 0x00, 0x00, 0x03,
    0xCF, 0xFF, 0x92, 0x00, 0x00, 0x00, 0x04, 0xFF, 0xF0, 0x00, 0x00, 0x00, 0x00, 0x4F, 0xFF, 0x00, 0x00, 0x00, 0x00, 0x03,
    0xFF, 0xE0, 0x00, 0x00, 0x07, 0xFF, 0xFF, 0xFE, 0xC5, 0x00, 0x00, 0x7F, 0xFF, 0xFF, 0xFF, 0xF8, 0x00, 0x07, 0xFF, 0xFD,
    0xDF, 0xFF, 0xF4, 0x00, 0x7F, 0xFC, 0x00, 0x2D, 0xFF, 0xA0, 0x07, 0xFF, 0xC0, 0x00, 0x6F, 0xFE, 0x00, 0x7F, 0xFC, 0x00,
    0x03, 0xFF, 0xF1, 0x07, 0xFF, 0xC0, 0x00, 0x3F, 0xFF, 0x10, 0x7F, 0xFC, 0x00, 0x07, 0xFF, 0xF0, 0x07, 0xFF, 0xC0, 0x04,
    0xEF, 0xFB, 0x00, 0x7F, 0xFF, 0xFF, 0xFF, 0xFF, 0x40, 0x07, 0xFF, 0xFF, 0xFF, 0xFF, 0x70, 0x00, 0x7F, 0xFF, 0xDE, 0xFF,
    0x90, 0x00, 0x07, 0xFF, 0xC0, 0x5F, 0xFD, 0x00, 0x00, 0x7F, 0xFC, 0x01, 0xEF, 0xF3, 0x00, 0x07, 0xFF, 0xC0, 0x0B, 0xFF,
    0x80, 0x00, 0x7F, 0xFC, 0x00, 0x6F, 0xFD, 0x00, 0x07, 0xFF, 0xC0, 0x01, 0xFF, 0xF3, 0x00, 0x7F, 0xFC, 0x00, 0x0C, 0xFF,
    0x80, 0x07, 0xFF, 0xC0, 0x00, 0x7F, 0xFD, 0x00, 0x7F, 0xFB, 0x00, 0x02, 0xFF, 0xF2, 0x00, 0x07, 0xCE, 0xEC, 0x60, 0x00,
    0x00, 0xBF, 0xFF, 0xFF, 0xFB, 0x00, 0x08, 0xFF, 0xFE, 0xEF, 0xFF, 0x70, 0x0E, 0xFF, 0xA0, 0x0A, 0xFF, 0xE0, 0x1F, 0xFF,
    0x30, 0x02, 0xFF, 0xF2, 0x1F, 0xFF, 0x20, 0x00, 0xFF, 0xF2, 0x0E, 0xFF, 0x70, 0x00, 0x45, 0x50, 0x08, 0xFF, 0xF6, 0x00,
    0x00, 0x00, 0x01, 0xDF, 0xFF, 0x90, 0x00, 0x00, 0x00, 0x2D, 0xFF, 0xFC, 0x20, 0x00, 0x00, 0x01, 0xBF, 0xFF, 0xE3, 0x00,
    0x00, 0x00, 0x07, 0xFF, 0xFE, 0x30, 0x00, 0x00, 0x00, 0x4E, 0xFF, 0xC0, 0x02, 0x32, 0x00, 0x05, 0xFF, 0xF2, 0x1F, 0xFF,
    0x30, 0x00, 0xEF, 0xF4, 0x0F, 0xFF, 0x40, 0x00, 0xFF, 0xF4, 0x0C, 0xFF, 0xC1, 0x08, 0xFF, 0xF1, 0x06, 0xFF, 0xFF, 0xEF,
    0xFF, 0xA0, 0x00, 0xAF, 0xFF, 0xFF, 0xFC, 0x10, 0x00, 0x06, 0xCE, 0xFD, 0x81, 0x00, 0x3F, 0xFF, 0xFF, 0xFF, 0xFF, 0xFD,
    0x03, 0xFF, 0xFF, 0xFF, 0xFF, 0xFF, 0xE0, 0x2D, 0xDD, 0xEF, 0xFF, 0xDD, 0xDB, 0x00, 0x00, 0x06, 0xFF, 0xD0, 0x00, 0x00,
    0x00, 0x00, 0x6F, 0xFD, 0x00, 0x00, 0x00, 0x00, 0x06, 0xFF, 0xD0, 0x00, 0x00, 0x00, 0x00, 0x6F, 0xFD, 0x00, 0x00, 0x00,
    0x00, 0x06, 0xFF, 0xD0, 0x00, 0x00, 0x00, 0x00, 0x6F, 0xFD, 0x00, 0x00, 0x00, 0x00, 0x06, 0xFF, 0xD0, 0x00, 0x00, 0x00,
    0x00, 0x6F, 0xFD, 0x00, 0x00, 0x00, 0x00, 0x06, 0xFF, 0xD0, 0x00, 0x00, 0x00, 0x00, 0x6F, 0xFD, 0x00, 0x00, 0x00, 0x00,
    0x06, 0xFF, 0xD0, 0x00, 0x00, 0x00, 0x00, 0x6F, 0xFD, 0x00, 0x00, 0x00, 0x00, 0x06, 0xFF, 0xD0, 0x00, 0x00, 0x00, 0x00,
    0x6F, 0xFD, 0x00, 0x00, 0x00, 0x00, 0x06, 0xFF, 0xD0, 0x00, 0x00, 0x00, 0x00, 0x6F, 0xFD, 0x00, 0x00, 0x00, 0x00, 0x05,
    0xFF, 0xD0, 0x00, 0x00, 0x08, 0xFF, 0x90, 0x00, 0x3F, 0xFE, 0x00, 0x9F, 0xFA, 0x00, 0x04, 0xFF, 0xF0, 0x09, 0xFF, 0xA0,
    0x00, 0x4F, 0xFF, 0x00, 0x9F, 0xFA, 0x00, 0x04, 0xFF, 0xF0, 0x09, 0xFF, 0xA0, 0x00, 0x4F, 0xFF, 0x00, 0x9F, 0xFA, 0x00,
    0x04, 0xFF, 0xF0, 0x09, 0xFF, 0xA0, 0x00, 0x4F, 0xFF, 0x00, 0x9F, 0xFA, 0x00, 0x04, 0xFF, 0xF0, 0x09, 0xFF, 0xA0, 0x00,
    0x4F, 0xFF, 0x00, 0x9F, 0xFA, 0x00, 0x04, 0xFF, 0xF0, 0x09, 0xFF, 0xA0, 0x00, 0x4F, 0xFF, 0x00, 0x9F, 0xFA, 0x00, 0x04,
    0xFF, 0xF0, 0x09, 0xFF, 0xA0, 0x00, 0x4F, 0xFF, 0x00, 0x9F, 0xFA, 0x00, 0x04, 0xFF, 0xF0, 0x09, 0xFF, 0xA0, 0x00, 0x4F,
    0xFF, 0x00, 0x7F, 0xFC, 0x00, 0x06, 0xFF, 0xD0, 0x04, 0xFF, 0xF5, 0x02, 0xDF, 0xF9, 0x00, 0x0C, 0xFF, 0xFE, 0xFF, 0xFF,
    0x30, 0x00, 0x2E, 0xFF, 0xFF, 0xFF, 0x60, 0x00, 0x00, 0x19, 0xDF, 0xEB, 0x40, 0x00, 0x3F, 0xFF, 0x40, 0x00, 0x0E, 0xFF,
    0x50, 0xFF, 0xF7, 0x00, 0x03, 0xFF, 0xF3, 0x0C, 0xFF, 0x90, 0x00, 0x5F, 0xFE, 0x00, 0x9F, 0xFC, 0x00, 0x08, 0xFF, 0xB0,
    0x05, 0xFF, 0xE0, 0x00, 0xAF, 0xF8, 0x00, 0x2F, 0xFF, 0x20, 0x0D, 0xFF, 0x50, 0x00, 0xEF, 0xF4, 0x00, 0xFF, 0xF2, 0x00,
    0x0B, 0xFF, 0x70, 0x3F, 0xFE, 0x00, 0x00, 0x8F, 0xFA, 0x05, 0xFF, 0xB0, 0x00, 0x05, 0xFF, 0xC0, 0x8F, 0xF8, 0x00, 0x00,
    0x2F, 0xFE, 0x0A, 0xFF, 0x40, 0x00, 0x00, 0xEF, 0xF2, 0xCF, 0xF1, 0x00, 0x00, 0x0B, 0xFF, 0x5F, 0xFD, 0x00, 0x00, 0x00,
    0x8F, 0xFA, 0xFF, 0xA0, 0x00, 0x00, 0x04, 0xFF, 0xFF, 0xF7, 0x00, 0x00, 0x00, 0x1F, 0xFF, 0xFF, 0x40, 0x00, 0x00, 0x00,
    0xDF, 0xFF, 0xF1, 0x00, 0x00, 0x00, 0x0A, 0xFF, 0xFC, 0x00, 0x00, 0x00, 0x00, 0x7F, 0xFF, 0x90, 0x00, 0x00, 0x00, 0x04,
    0xFF, 0xF6, 0x00, 0x00, 0x4F, 0xFF, 0x10, 0x02, 0xFF, 0xD0, 0x00, 0x5F, 0xFE, 0x02, 0xFF, 0xF3, 0x00, 0x4F, 0xFF, 0x10,
    0x07, 0xFF, 0xB0, 0x0E, 0xFF, 0x50, 0x07, 0xFF, 0xF3, 0x00, 0x9F, 0xF9, 0x00, 0xBF, 0xF8, 0x00, 0x9F, 0xFF, 0x50, 0x0C,
    0xFF, 0x60, 0x08, 0xFF, 0xA0, 0x0B, 0xFF, 0xF8, 0x00, 0xEF, 0xF3, 0x00, 0x5F, 0xFD, 0x00, 0xDF, 0xFF, 0xA0, 0x1F, 0xFF,
    0x10, 0x02, 0xFF, 0xF0, 0x0F, 0xFF, 0xFD, 0x03, 0xFF, 0xD0, 0x00, 0x0E, 0xFF, 0x33, 0xFF, 0xEF, 0xF0, 0x5F, 0xFA, 0x00,
    0x00, 0xCF, 0xF5, 0x5F, 0xF9, 0xFF, 0x28, 0xFF, 0x70, 0x00, 0x09, 0xFF, 0x87, 0xFF, 0x5F, 0xF5, 0xAF, 0xF4, 0x00, 0x00,
    0x6F, 0xFA, 0x9F, 0xD2, 0xFF, 0x7C, 0xFF, 0x20, 0x00, 0x03, 0xFF, 0xDB, 0xFB, 0x0F, 0xFA, 0xEF, 0xE0, 0x00, 0x00, 0x0F,
    0xFF, 0xEF, 0x90, 0xCF, 0xEF, 0xFB, 0x00, 0x00, 0x00, 0xCF, 0xFF, 0xF6, 0x0A, 0xFF, 0xFF, 0x80, 0x00, 0x00, 0x09, 0xFF,
    0xFF, 0x40, 0x8F, 0xFF, 0xF6, 0x00, 0x00, 0x00, 0x6F, 0xFF, 0xF2, 0x05, 0xFF, 0xFF, 0x30, 0x00, 0x00, 0x03, 0xFF, 0xFF,
    0x00, 0x3F, 0xFF, 0xF0, 0x00, 0x00, 0x00, 0x1F, 0xFF, 0xD0, 0x01, 0xFF, 0xFC, 0x00, 0x00, 0x00, 0x00, 0xDF, 0xFB, 0x00,
    0x0D, 0xFF, 0xA0, 0x00, 0x00, 0x00, 0x09, 0xFF, 0x80, 0x00, 0xAF, 0xF7, 0x00, 0x00, 0x1F, 0xFF, 0x30, 0x00, 0x4F, 0xFE,
    0x00, 0xAF, 0xF9, 0x00, 0x0A, 0xFF, 0x90, 0x04, 0xFF, 0xE0, 0x01, 0xFF, 0xF3, 0x00, 0x0D, 0xFF, 0x40, 0x6F, 0xFC, 0x00,
    0x00, 0x7F, 0xFA, 0x0B, 0xFF, 0x50, 0x00, 0x01, 0xFF, 0xE2, 0xFF, 0xE0, 0x00, 0x00, 0x0A, 0xFF, 0xCF, 0xF8, 0x00, 0x00,
    0x00, 0x4F, 0xFF, 0xFF, 0x20, 0x00, 0x00, 0x00, 0xDF, 0xFF, 0xB0, 0x00, 0x00, 0x00, 0x07, 0xFF, 0xF5, 0x00, 0x00, 0x00,
    0x00, 0x7F, 0xFF, 0x50, 0x00, 0x00, 0x00, 0x0D, 0xFF, 0xFB, 0x00, 0x00, 0x00, 0x04, 0xFF, 0xFF, 0xF2, 0x00, 0x00, 0x00,
    0xAF, 0xFD, 0xFF, 0x80, 0x00, 0x00, 0x1F, 0xFF, 0x3F, 0xFE, 0x00, 0x00, 0x07, 0xFF, 0xA0, 0xBF, 0xF5, 0x00, 0x00, 0xDF,
    0xF5, 0x06, 0xFF, 0xB0, 0x00, 0x4F, 0xFE, 0x00, 0x1F, 0xFF, 0x20, 0x0A, 0xFF, 0x90, 0x00, 0xAF, 0xF9, 0x01, 0xFF, 0xF3,
    0x00, 0x04, 0xFF, 0xE0, 0x1F, 0xFF, 0x40, 0x00, 0x7F, 0xFD, 0x00, 0xCF, 0xF8, 0x00, 0x0C, 0xFF, 0x80, 0x07, 0xFF, 0xC0,
    0x01, 0xFF, 0xF3, 0x00, 0x2F, 0xFF, 0x20, 0x5F, 0xFD, 0x00, 0x00, 0xBF, 0xF6, 0x09, 0xFF, 0x80, 0x00, 0x06, 0xFF, 0xA0,
    0xEF, 0xF3, 0x00, 0x00, 0x1F, 0xFE, 0x3F, 0xFC, 0x00, 0x00, 0x00, 0xBF, 0xFB, 0xFF, 0x70, 0x00, 0x00, 0x06, 0xFF, 0xFF,
    0xF2, 0x00, 0x00, 0x00, 0x1F, 0xFF, 0xFC, 0x00, 0x00, 0x00, 0x00, 0xAF, 0xFF, 0x70, 0x00, 0x00, 0x00, 0x05, 0xFF, 0xF2,
    0x00, 0x00, 0x00, 0x00, 0x4F, 0xFF, 0x00, 0x00, 0x00, 0x00, 0x04, 0xFF, 0xF0, 0x00, 0x00, 0x00, 0x00, 0x4F, 0xFF, 0x00,
    0x00, 0x00, 0x00, 0x04, 0xFF, 0xF0, 0x00, 0x00, 0x00, 0x00, 0x4F, 0xFF, 0x00, 0x00, 0x00, 0x00, 0x04, 0xFF, 0xF0, 0x00,
    0x00, 0x00, 0x00, 0x4F, 0xFF, 0x00, 0x00, 0x00, 0x00, 0x03, 0xFF, 0xF0, 0x00, 0x00, 0x4F, 0xFF, 0xFF, 0xFF, 0xFF, 0x84,
    0xFF, 0xFF, 0xFF, 0xFF, 0xF8, 0x3D, 0xDD, 0xDD, 0xDF, 0xFF, 0x80, 0x00, 0x00, 0x02, 0xFF, 0xF4, 0x00, 0x00, 0x00, 0x9F,
    0xFC, 0x00, 0x00, 0x00, 0x1F, 0xFF, 0x50, 0x00, 0x00, 0x08, 0xFF, 0xD0, 0x00, 0x00, 0x01, 0xEF, 0xF7, 0x00, 0x00, 0x00,
    0x6F, 0xFE, 0x10, 0x00, 0x00, 0x0D, 0xFF, 0x80, 0x00, 0x00, 0x05, 0xFF, 0xF2, 0x00, 0x00, 0x00, 0xCF, 0xFA, 0x00, 0x00,
    0x00, 0x3F, 0xFF, 0x30, 0x00, 0x00, 0x0A, 0xFF, 0xB0, 0x00, 0x00, 0x02, 0xFF, 0xF5, 0x00, 0x00, 0x00, 0x9F, 0xFD, 0x00,
    0x00, 0x00, 0x1E, 0xFF, 0x60, 0x00, 0x00, 0x04, 0xFF, 0xFE, 0xDD, 0xDD, 0xD7, 0x4F, 0xFF, 0xFF, 0xFF, 0xFF, 0x84, 0xFF,
    0xFF, 0xFF, 0xFF, 0xF8, 0x3D, 0xDD, 0xDD, 0x80, 0x04, 0xFF, 0xFF, 0xFA, 0x00, 0x4F, 0xFF, 0xFF, 0x90, 0x04, 0xFF, 0xF0,
    0x00, 0x00, 0x4F, 0xFF, 0x00, 0x00, 0x04, 0xFF, 0xF0, 0x00, 0x00, 0x4F, 0xFF, 0x00, 0x00, 0x04, 0xFF, 0xF0, 0x00, 0x00,
    0x4F, 0xFF, 0x00, 0x00, 0x04, 0xFF, 0xF0, 0x00, 0x00, 0x4F, 0xFF, 0x00, 0x00, 0x04, 0xFF, 0xF0, 0x00, 0x00, 0x4F, 0xFF,
    0x00, 0x00, 0x04, 0xFF, 0xF0, 0x00, 0x00, 0x4F, 0xFF, 0x00, 0x00, 0x04, 0xFF, 0xF0, 0x00, 0x00, 0x4F, 0xFF, 0x00, 0x00,
    0x04, 0xFF, 0xF0, 0x00, 0x00, 0x4F, 0xFF, 0x00, 0x00, 0x04, 0xFF, 0xF0, 0x00, 0x00, 0x4F, 0xFF, 0x00, 0x00, 0x04, 0xFF,
    0xF0, 0x00, 0x00, 0x4F, 0xFF, 0x00, 0x00, 0x04, 0xFF, 0xF0, 0x00, 0x00, 0x4F, 0xFF, 0xDD, 0x80, 0x04, 0xFF, 0xFF, 0xFA,
    0x00, 0x3F, 0xFF, 0xFF, 0x90, 0x00, 0x0A, 0xFF, 0x80, 0x00, 0x00, 0x00, 0x6F, 0xFD, 0x00, 0x00, 0x00, 0x01, 0xFF, 0xF3,
    0x00, 0x00, 0x00, 0x0C, 0xFF, 0x70, 0x00, 0x00, 0x00, 0x8F, 0xFC, 0x00, 0x00, 0x00, 0x03, 0xFF, 0xF1, 0x00, 0x00, 0x00,
    0x0E, 0xFF, 0x50, 0x00, 0x00, 0x00, 0x9F, 0xFA, 0x00, 0x00, 0x00, 0x05, 0xFF, 0xE0, 0x00, 0x00, 0x00, 0x1F, 0xFF, 0x40,
    0x00, 0x00, 0x00, 0xBF, 0xF8, 0x00, 0x00, 0x00, 0x06, 0xFF, 0xD0, 0x00, 0x00, 0x00, 0x2F, 0xFF, 0x20, 0x00, 0x00, 0x00,
    0xCF, 0xF7, 0x00, 0x00, 0x00, 0x08, 0xFF, 0xB0, 0x00, 0x00, 0x00, 0x3F, 0xFF, 0x10, 0x00, 0x00, 0x00, 0xEF, 0xF5, 0x00,
    0x00, 0x00, 0x0A, 0xFF, 0x90, 0x00, 0x00, 0x00, 0x5F, 0xFE, 0x00, 0x00, 0x00, 0x01, 0xEF, 0xF3, 0x00, 0x5D, 0xDD, 0xDD,
    0x50, 0x06, 0xFF, 0xFF, 0xF7, 0x00, 0x5F, 0xFF, 0xFF, 0x70, 0x00, 0x00, 0xCF, 0xF7, 0x00, 0x00, 0x0C, 0xFF, 0x70, 0x00,
    0x00, 0xCF, 0xF7, 0x00, 0x00, 0x0C, 0xFF, 0x70, 0x00, 0x00, 0xCF, 0xF7, 0x00, 0x00, 0x0C, 0xFF, 0x70, 0x00, 0x00, 0xCF,
    0xF7, 0x00, 0x00, 0x0C, 0xFF, 0x70, 0x00, 0x00, 0xCF, 0xF7, 0x00, 0x00, 0x0C, 0xFF, 0x70, 0x00, 0x00, 0xCF, 0xF7, 0x00,
    0x00, 0x0C, 0xFF, 0x70, 0x00, 0x00, 0xCF, 0xF7, 0x00, 0x00, 0x0C, 0xFF, 0x70, 0x00, 0x00, 0xCF, 0xF7, 0x00, 0x00, 0x0C,
    0xFF, 0x70, 0x00, 0x00, 0xCF, 0xF7, 0x00, 0x00, 0x0C, 0xFF, 0x70, 0x00, 0x00, 0xCF, 0xF7, 0x00, 0x00, 0x0C, 0xFF, 0x70,
    0x00, 0x00, 0xCF, 0xF7, 0x00, 0x5D, 0xDF, 0xFF, 0x70, 0x06, 0xFF, 0xFF, 0xF7, 0x00, 0x5F, 0xFF, 0xFF, 0x60, 0x00, 0x00,
    0x58, 0x71, 0x00, 0x00, 0x00, 0x00, 0xEF, 0xF7, 0x00, 0x00, 0x00, 0x04, 0xFF, 0xFC, 0x00, 0x00, 0x00, 0x08, 0xFF, 0xFF,
    0x10, 0x00, 0x00, 0x0D, 0xFD, 0xFF, 0x60, 0x00, 0x00, 0x3F, 0xF7, 0xDF, 0xB0, 0x00, 0x00, 0x8F, 0xF2, 0x8F, 0xF1, 0x00,
    0x00, 0xCF, 0xD0, 0x4F, 0xF6, 0x00, 0x02, 0xFF, 0x80, 0x0E, 0xFB, 0x00, 0x07, 0xFF, 0x40, 0x0A, 0xFF, 0x10, 0x0C, 0xFE,
    0x00, 0x06, 0xFF, 0x50, 0x1F, 0xF9, 0x00, 0x01, 0xFF, 0x90, 0x00, 0x00, 0x00, 0x00, 0x00, 0x00, 0x00, 0x00, 0x00, 0x00,
    0x00, 0x00, 0x00, 0x00, 0x00, 0x00, 0x00, 0x00, 0x00, 0x00, 0x00, 0x00, 0x00, 0x00, 0x00, 0x00, 0x00, 0x00, 0x00, 0x00,
    0x00, 0x00, 0x00, 0x00, 0x00, 0x00, 0x00, 0x00, 0x00, 0x00, 0x00, 0x00, 0x00, 0x00, 0x00, 0x00, 0x00, 0x00, 0x00, 0x00,
    0x00, 0x00, 0x00, 0x00, 0x6D, 0xDD, 0xDD, 0xDD, 0xDD, 0xB8, 0xFF, 0xFF, 0xFF, 0xFF, 0xFD, 0x7F, 0xFF, 0xFF, 0xFF, 0xFF,
    0xC0, 0x3F, 0xF7, 0x00, 0x0A, 0xFE, 0x10, 0x01, 0xEF, 0x80, 0x00, 0x5F, 0xE0, 0x00, 0x00, 0x00, 0x00, 0x00, 0x00, 0x00,
    0x00, 0x00, 0x00, 0x00, 0x00, 0x00, 0x00, 0x00, 0x00, 0x00, 0x00, 0x00, 0x00, 0x00, 0x00, 0x00, 0x00, 0x00, 0x00, 0x00,
    0x00, 0x00, 0x00, 0x00, 0x00, 0x00, 0x00, 0x00, 0x00, 0x00, 0x00, 0x00, 0x00, 0x00, 0x00, 0x00, 0x00, 0x00, 0x00, 0x00,
    0x00, 0x00, 0x00, 0x00, 0x00, 0x05, 0xBE, 0xFD, 0x71, 0x00, 0x00, 0x8F, 0xFF, 0xFF, 0xFC, 0x10, 0x04, 0xFF, 0xFF, 0xEF,
    0xFF, 0x90, 0x09, 0xFF, 0xE1, 0x0A, 0xFF, 0xE0, 0x06, 0x99, 0x60, 0x03, 0xFF, 0xF1, 0x00, 0x00, 0x00, 0x02, 0xFF, 0xF2,
    0x00, 0x18, 0xCE, 0xFF, 0xFF, 0xF2, 0x03, 0xEF, 0xFF, 0xFF, 0xFF, 0xF2, 0x0C, 0xFF, 0xFF, 0xDE, 0xFF, 0xF2, 0x1F, 0xFF,
    0x91, 0x02, 0xFF, 0xF2, 0x2F, 0xFF, 0x30, 0x02, 0xFF, 0xF2, 0x2F, 0xFF, 0x70, 0x1A, 0xFF, 0xF2, 0x0E, 0xFF, 0xFE, 0xFF,
    0xFF, 0xF2, 0x07, 0xFF, 0xFF, 0xFF, 0xFF, 0xF2, 0x00, 0x5C, 0xEE, 0xB4, 0xFF, 0xF1, 0x0A, 0xFF, 0x80, 0x00, 0x00, 0x00,
    0x0B, 0xFF, 0x80, 0x00, 0x00, 0x00, 0x0B, 0xFF, 0x80, 0x00, 0x00, 0x00, 0x0B, 0xFF, 0x80, 0x00, 0x00, 0x00, 0x0B, 0xFF,
    0x80, 0x00, 0x00, 0x00, 0x0B, 0xFF, 0x98, 0xDF, 0xC5, 0x00, 0x0B, 0xFF, 0xFF, 0xFF, 0xFF, 0x50, 0x0B, 0xFF, 0xFF, 0xEF,
    0xFF, 0xC0, 0x0B, 0xFF, 0xE2, 0x08, 0xFF, 0xF1, 0x0B, 0xFF, 0x90, 0x02, 0xFF, 0xF2, 0x0B, 0xFF, 0x80, 0x01, 0xFF, 0xF3,
    0x0B, 0xFF, 0x80, 0x01, 0xFF, 0xF3, 0x0B, 0xFF, 0x80, 0x01, 0xFF, 0xF3, 0x0B, 0xFF, 0x80, 0x01, 0xFF, 0xF3, 0x0B, 0xFF,
    0x80, 0x01, 0xFF, 0xF3, 0x0B, 0xFF, 0x80, 0x02, 0xFF, 0xF2, 0x0B, 0xFF, 0xD2, 0x08, 0xFF, 0xF1, 0x0B, 0xFF, 0xFF, 0xEF,
    0xFF, 0xC0, 0x0B, 0xFF, 0xFF, 0xFF, 0xFF, 0x40, 0x0A, 0xFF, 0x88, 0xDF, 0xC4, 0x00, 0x00, 0x07, 0xCE, 0xEC, 0x71, 0x00,
    0x00, 0xBF, 0xFF, 0xFF, 0xFC, 0x10, 0x07, 0xFF, 0xFE, 0xEF, 0xFF, 0x90, 0x0C, 0xFF, 0xC1, 0x0A, 0xFF, 0xD0, 0x0E, 0xFF,
    0x60, 0x04, 0xFF, 0xF0, 0x0E, 0xFF, 0x50, 0x00, 0x33, 0x20, 0x0E, 0xFF, 0x50, 0x00, 0x00, 0x00, 0x0E, 0xFF, 0x50, 0x00,
    0x00, 0x00, 0x0E, 0xFF, 0x50, 0x00, 0x00, 0x00, 0x0E, 0xFF, 0x50, 0x01, 0x44, 0x30, 0x0E, 0xFF, 0x60, 0x04, 0xFF, 0xF0,
    0x0C, 0xFF, 0xB1, 0x0A, 0xFF, 0xD0, 0x07, 0xFF, 0xFE, 0xEF, 0xFF, 0x90, 0x01, 0xCF, 0xFF, 0xFF, 0xFC, 0x10, 0x00, 0x07,
    0xCF, 0xFC, 0x81, 0x00, 0x00, 0x00, 0x00, 0x04, 0xFF, 0xE0, 0x00, 0x00, 0x00, 0x04, 0xFF, 0xE0, 0x00, 0x00, 0x00, 0x04,
    0xFF, 0xE0, 0x00, 0x00, 0x00, 0x04, 0xFF, 0xE0, 0x00, 0x00, 0x00, 0x04, 0xFF, 0xE0, 0x00, 0x3B, 0xEE, 0xA6, 0xFF, 0xE0,
    0x02, 0xEF, 0xFF, 0xFF, 0xFF, 0xE0, 0x09, 0xFF, 0xFE, 0xEF, 0xFF, 0xE0, 0x0D, 0xFF, 0xB1, 0x1B, 0xFF, 0xE0, 0x0E, 0xFF,
    0x50, 0x05, 0xFF, 0xE0, 0x0E, 0xFF, 0x40, 0x04, 0xFF, 0xE0, 0x0E, 0xFF, 0x40, 0x04, 0xFF, 0xE0, 0x0E, 0xFF, 0x40, 0x04,
    0xFF, 0xE0, 0x0E, 0xFF, 0x40, 0x04, 0xFF, 0xE0, 0x0E, 0xFF, 0x40, 0x04, 0xFF, 0xE0, 0x0E, 0xFF, 0x50, 0x05, 0xFF, 0xE0,
    0x0D, 0xFF, 0xB1, 0x0B, 0xFF, 0xE0, 0x09, 0xFF, 0xFE, 0xEF, 0xFF, 0xE0, 0x02, 0xEF, 0xFF, 0xFF, 0xFF, 0xE0, 0x00, 0x3B,
    0xEE, 0xB7, 0xFF, 0xE0, 0x00, 0x07, 0xCE, 0xEC, 0x70, 0x00, 0x00, 0xBF, 0xFF, 0xFF, 0xFC, 0x00, 0x07, 0xFF, 0xFE, 0xEF,
    0xFF, 0x70, 0x0C, 0xFF, 0xB1, 0x0A, 0xFF, 0xC0, 0x0E, 0xFF, 0x50, 0x04, 0xFF, 0xE0, 0x0E, 0xFF, 0x50, 0x04, 0xFF, 0xF0,
    0x0E, 0xFF, 0xFF, 0xFF, 0xFF, 0xF0, 0x0E, 0xFF, 0xFF, 0xFF, 0xFF, 0xF0, 0x0E, 0xFF, 0xED, 0xDD, 0xDD, 0xC0, 0x0E, 0xFF,
    0x50, 0x00, 0x00, 0x00, 0x0E, 0xFF, 0x50, 0x02, 0x77, 0x60, 0x0C, 0xFF, 0xB1, 0x0A, 0xFF, 0xC0, 0x07, 0xFF, 0xFE, 0xEF,
    0xFF, 0x70, 0x01, 0xCF, 0xFF, 0xFF, 0xFC, 0x10, 0x00, 0x07, 0xCF, 0xFD, 0x81, 0x00, 0x00, 0x04, 0xBE, 0xF5, 0x00, 0x5F,
    0xFF, 0xF5, 0x00, 0xCF, 0xFF, 0xE4, 0x00, 0xEF, 0xF8, 0x00, 0x00, 0xFF, 0xF3, 0x00, 0x5F, 0xFF, 0xFF, 0xF6, 0x6F, 0xFF,
    0xFF, 0xF6, 0x5D, 0xFF, 0xFE, 0xD5, 0x00, 0xFF, 0xF3, 0x00, 0x00, 0xFF, 0xF3, 0x00, 0x00, 0xFF, 0xF3, 0x00, 0x00, 0xFF,
    0xF3, 0x00, 0x00, 0xFF, 0xF3, 0x00, 0x00, 0xFF, 0xF3, 0x00, 0x00, 0xFF, 0xF3, 0x00, 0x00, 0xFF, 0xF3, 0x00, 0x00, 0xFF,
    0xF3, 0x00, 0x00, 0xFF, 0xF3, 0x00, 0x00, 0xFF, 0xF3, 0x00, 0x00, 0xFF, 0xF3, 0x00, 0x00, 0x3B, 0xEE, 0xA5, 0xFF, 0xE0,
    0x02, 0xEF, 0xFF, 0xFF, 0xFF, 0xE0, 0x09, 0xFF, 0xFF, 0xEF, 0xFF, 0xE0, 0x0C, 0xFF, 0xC1, 0x1B, 0xFF, 0xE0, 0x0E, 0xFF,
    0x60, 0x05, 0xFF, 0xE0, 0x0E, 0xFF, 0x50, 0x04, 0xFF, 0xE0, 0x0E, 0xFF, 0x50, 0x04, 0xFF, 0xE0, 0x0E, 0xFF, 0x50, 0x04,
    0xFF, 0xE0, 0x0E, 0xFF, 0x50, 0x04, 0xFF, 0xE0, 0x0E, 0xFF, 0x50, 0x04, 0xFF, 0xE0, 0x0E, 0xFF, 0x60, 0x05, 0xFF, 0xE0,
    0x0C, 0xFF, 0xC1, 0x1B, 0xFF, 0xE0, 0x08, 0xFF, 0xFE, 0xEF, 0xFF, 0xE0, 0x02, 0xEF, 0xFF, 0xFE, 0xFF, 0xE0, 0x00, 0x3B,
    0xEE, 0x96, 0xFF, 0xE0, 0x00, 0x00, 0x00, 0x08, 0xFF, 0xC0, 0x00, 0x00, 0x01, 0x7F, 0xFF, 0x80, 0x00, 0x08, 0xFF, 0xFF,
    0xFF, 0x20, 0x00, 0x09, 0xFF, 0xFF, 0xF6, 0x00, 0x00, 0x08, 0xFE, 0xD9, 0x30, 0x00, 0x0A, 0xFF, 0x80, 0x00, 0x00, 0x00,
    0x0B, 0xFF, 0x80, 0x00, 0x00, 0x00, 0x0B, 0xFF, 0x80, 0x00, 0x00, 0x00, 0x0B, 0xFF, 0x80, 0x00, 0x00, 0x00, 0x0B, 0xFF,
    0x80, 0x00, 0x00, 0x00, 0x0B, 0xFF, 0x87, 0xDF, 0xD5, 0x00, 0x0B, 0xFF, 0xEF, 0xFF, 0xFF, 0x50, 0x0B, 0xFF, 0xFF, 0xEF,
    0xFF, 0xC0, 0x0B, 0xFF, 0xE2, 0x09, 0xFF, 0xF0, 0x0B, 0xFF, 0x90, 0x03, 0xFF, 0xF1, 0x0B, 0xFF, 0x80, 0x02, 0xFF, 0xF2,
    0x0B, 0xFF, 0x80, 0x02, 0xFF, 0xF2, 0x0B, 0xFF, 0x80, 0x02, 0xFF, 0xF2, 0x0B, 0xFF, 0x80, 0x02, 0xFF, 0xF2, 0x0B, 0xFF,
    0x80, 0x02, 0xFF, 0xF2, 0x0B, 0xFF, 0x80, 0x02, 0xFF, 0xF2, 0x0B, 0xFF, 0x80, 0x02, 0xFF, 0xF2, 0x0B, 0xFF, 0x80, 0x02,
    0xFF, 0xF2, 0x0B, 0xFF, 0x80, 0x02, 0xFF, 0xF2, 0x0A, 0xFF, 0x70, 0x02, 0xFF, 0xF1, 0x01, 0x66, 0x00, 0x0A, 0xFF, 0xA0,
    0x0E, 0xFF, 0xE0, 0x0A, 0xFF, 0xA0, 0x01, 0x66, 0x00, 0x00, 0x00, 0x00, 0x08, 0xFF, 0x90, 0x09, 0xFF, 0xA0, 0x09, 0xFF,
    0xA0, 0x09, 0xFF, 0xA0, 0x09, 0xFF, 0xA0, 0x09, 0xFF, 0xA0, 0x09, 0xFF, 0xA0, 0x09, 0xFF, 0xA0, 0x09, 0xFF, 0xA0, 0x09,
    0xFF, 0xA0, 0x09, 0xFF, 0xA0, 0x09, 0xFF, 0xA0, 0x09, 0xFF, 0xA0, 0x09, 0xFF, 0xA0, 0x08, 0xFF, 0x90, 0x00, 0x01, 0x66,
    0x00, 0x00, 0x0C, 0xFF, 0x90, 0x00, 0x0F, 0xFF, 0xC0, 0x00, 0x0C, 0xFF, 0x90, 0x00, 0x01, 0x66, 0x00, 0x00, 0x00, 0x00,
    0x00, 0x00, 0x0A, 0xFF, 0x80, 0x00, 0x0B, 0xFF, 0x80, 0x00, 0x0B, 0xFF, 0x80, 0x00, 0x0B, 0xFF, 0x80, 0x00, 0x0B, 0xFF,
    0x80, 0x00, 0x0B, 0xFF, 0x80, 0x00, 0x0B, 0xFF, 0x80, 0x00, 0x0B, 0xFF, 0x80, 0x00, 0x0B, 0xFF, 0x80, 0x00, 0x0B, 0xFF,
    0x80, 0x00, 0x0B, 0xFF, 0x80, 0x00, 0x0B, 0xFF, 0x80, 0x00, 0x0B, 0xFF, 0x80, 0x00, 0x0B, 0xFF, 0x80, 0x00, 0x0B, 0xFF,
    0x80, 0x00, 0x0D, 0xFF, 0x70, 0x00, 0x5F, 0xFF, 0x60, 0x4E, 0xFF, 0xFF, 0x30, 0x5F, 0xFF, 0xFA, 0x00, 0x4F, 0xEB, 0x60,
    0x00, 0x0A, 0xFF, 0x80, 0x00, 0x00, 0x00, 0x0B, 0xFF, 0x80, 0x00, 0x00, 0x00, 0x0B, 0xFF, 0x80, 0x00, 0x00, 0x00, 0x0B,
    0xFF, 0x80, 0x00, 0x00, 0x00, 0x0B, 0xFF, 0x80, 0x00, 0x00, 0x00, 0x0B, 0xFF, 0x80, 0x06, 0xFF, 0xE0, 0x0B, 0xFF, 0x80,
    0x1E, 0xFF, 0x50, 0x0B, 0xFF, 0x80, 0x9F, 0xFB, 0x00, 0x0B, 0xFF, 0x83, 0xFF, 0xF2, 0x00, 0x0B, 0xFF, 0x8C, 0xFF, 0x70,
    0x00, 0x0B, 0xFF, 0xEF, 0xFF, 0x30, 0x00, 0x0B, 0xFF, 0xFF, 0xFF, 0x80, 0x00, 0x0B, 0xFF, 0xFF, 0xFF, 0xD0, 0x00, 0x0B,
    0xFF, 0xFA, 0xCF, 0xF4, 0x00, 0x0B, 0xFF, 0xE1, 0x8F, 0xF9, 0x00, 0x0B, 0xFF, 0x80, 0x3F, 0xFE, 0x00, 0x0B, 0xFF, 0x80,
    0x0D, 0xFF, 0x50, 0x0B, 0xFF, 0x80, 0x08, 0xFF, 0xA0, 0x0B, 0xFF, 0x80, 0x04, 0xFF, 0xF1, 0x0A, 0xFF, 0x70, 0x00, 0xDF,
    0xF6, 0x0C, 0xFF, 0x60, 0x0C, 0xFF, 0x60, 0x0C, 0xFF, 0x60, 0x0C, 0xFF, 0x60, 0x0C, 0xFF, 0x60, 0x0C, 0xFF, 0x60, 0x0C,
    0xFF, 0x60, 0x0C, 0xFF, 0x60, 0x0C, 0xFF, 0x60, 0x0C, 0xFF, 0x60, 0x0C, 0xFF, 0x60, 0x0C, 0xFF, 0x60, 0x0C, 0xFF, 0x60,
    0x0C, 0xFF, 0x60, 0x0C, 0xFF, 0x60, 0x0C, 0xFF, 0x60, 0x0C, 0xFF, 0x60, 0x0C, 0xFF, 0x60, 0x0C, 0xFF, 0x60, 0x0C, 0xFF,
    0x60, 0x0A, 0xFF, 0x88, 0xDE, 0xC4, 0x04, 0xCE, 0xE8, 0x00, 0x00, 0xBF, 0xFF, 0xFF, 0xFF, 0xF7, 0xFF, 0xFF, 0xF9, 0x00,
    0x0B, 0xFF, 0xFF, 0xEF, 0xFF, 0xFF, 0xEF, 0xFF, 0xF1, 0x00, 0xBF, 0xFE, 0x20, 0xBF, 0xFF, 0x70, 0x4F, 0xFF, 0x50, 0x0B,
    0xFF, 0x90, 0x05, 0xFF, 0xF1, 0x00, 0xDF, 0xF6, 0x00, 0xBF, 0xF8, 0x00, 0x4F, 0xFF, 0x00, 0x0C, 0xFF, 0x70, 0x0B, 0xFF,
    0x80, 0x04, 0xFF, 0xF0, 0x00, 0xCF, 0xF7, 0x00, 0xBF, 0xF8, 0x00, 0x4F, 0xFF, 0x00, 0x0C, 0xFF, 0x70, 0x0B, 0xFF, 0x80,
    0x04, 0xFF, 0xF0, 0x00, 0xCF, 0xF7, 0x00, 0xBF, 0xF8, 0x00, 0x4F, 0xFF, 0x00, 0x0C, 0xFF, 0x70, 0x0B, 0xFF, 0x80, 0x04,
    0xFF, 0xF0, 0x00, 0xCF, 0xF7, 0x00, 0xBF, 0xF8, 0x00, 0x4F, 0xFF, 0x00, 0x0C, 0xFF, 0x70, 0x0B, 0xFF, 0x80, 0x04, 0xFF,
    0xF0, 0x00, 0xCF, 0xF7, 0x00, 0xBF, 0xF8, 0x00, 0x4F, 0xFF, 0x00, 0x0C, 0xFF, 0x70, 0x0A, 0xFF, 0x70, 0x03, 0xFF, 0xE0,
    0x00, 0xBF, 0xF6, 0x00, 0x0A, 0xFF, 0x88, 0xDF, 0xD5, 0x00, 0x0B, 0xFF, 0xFF, 0xFF, 0xFF, 0x50, 0x0B, 0xFF, 0xFF, 0xEF,
    0xFF, 0xC0, 0x0B, 0xFF, 0xE2, 0x09, 0xFF, 0xF0, 0x0B, 0xFF, 0x90, 0x03, 0xFF, 0xF1, 0x0B, 0xFF, 0x80, 0x02, 0xFF, 0xF2,
    0x0B, 0xFF, 0x80, 0x02, 0xFF, 0xF2, 0x0B, 0xFF, 0x80, 0x02, 0xFF, 0xF2, 0x0B, 0xFF, 0x80, 0x02, 0xFF, 0xF2, 0x0B, 0xFF,
    0x80, 0x02, 0xFF, 0xF2, 0x0B, 0xFF, 0x80, 0x02, 0xFF, 0xF2, 0x0B, 0xFF, 0x80, 0x02, 0xFF, 0xF2, 0x0B, 0xFF, 0x80, 0x02,
    0xFF, 0xF2, 0x0B, 0xFF, 0x80, 0x02, 0xFF, 0xF2, 0x0A, 0xFF, 0x70, 0x02, 0xFF, 0xF1, 0x00, 0x07, 0xCE, 0xEC, 0x81, 0x00,
    0x00, 0xBF, 0xFF, 0xFF, 0xFC, 0x10, 0x07, 0xFF, 0xFF, 0xEF, 0xFF, 0x90, 0x0C, 0xFF, 0xC1, 0x0B, 0xFF, 0xE0, 0x0E, 0xFF,
    0x60, 0x04, 0xFF, 0xF1, 0x0E, 0xFF, 0x50, 0x03, 0xFF, 0xF1, 0x0E, 0xFF, 0x50, 0x03, 0xFF, 0xF1, 0x0E, 0xFF, 0x50, 0x03,
    0xFF, 0xF1, 0x0E, 0xFF, 0x50, 0x03, 0xFF, 0xF1, 0x0E, 0xFF, 0x50, 0x03, 0xFF, 0xF1, 0x0E, 0xFF, 0x60, 0x04, 0xFF, 0xF1,
    0x0C, 0xFF, 0xB1, 0x0A, 0xFF, 0xE0, 0x07, 0xFF, 0xFE, 0xEF, 0xFF, 0x90, 0x01, 0xCF, 0xFF, 0xFF, 0xFD, 0x10, 0x00, 0x07,
    0xCE, 0xFD, 0x81, 0x00, 0x08, 0xFF, 0xA9, 0xDF, 0xD6, 0x00, 0x09, 0xFF, 0xFF, 0xFF, 0xFF, 0x60, 0x09, 0xFF, 0xFF, 0xEF,
    0xFF, 0xE0, 0x09, 0xFF, 0xE3, 0x07, 0xFF, 0xF3, 0x09, 0xFF, 0xB0, 0x00, 0xFF, 0xF4, 0x09, 0xFF, 0xA0, 0x00, 0xEF, 0xF4,
    0x09, 0xFF, 0xA0, 0x00, 0xEF, 0xF4, 0x09, 0xFF, 0xA0, 0x00, 0xEF, 0xF4, 0x09, 0xFF, 0xA0, 0x00, 0xEF, 0xF4, 0x09, 0xFF,
    0xA0, 0x00, 0xEF, 0xF4, 0x09, 0xFF, 0xA0, 0x00, 0xFF, 0xF4, 0x09, 0xFF, 0xE3, 0x07, 0xFF, 0xF3, 0x09, 0xFF, 0xFF, 0xEF,
    0xFF, 0xE0, 0x09, 0xFF, 0xFF, 0xFF, 0xFF, 0x60, 0x09, 0xFF, 0xA7, 0xDF, 0xD6, 0x00, 0x09, 0xFF, 0xA0, 0x00, 0x00, 0x00,
    0x09, 0xFF, 0xA0, 0x00, 0x00, 0x00, 0x09, 0xFF, 0xA0, 0x00, 0x00, 0x00, 0x09, 0xFF, 0xA0, 0x00, 0x00, 0x00, 0x08, 0xFF,
    0x90, 0x00, 0x00, 0x00, 0x00, 0x3B, 0xEE, 0xB7, 0xFF, 0xE0, 0x02, 0xEF, 0xFF, 0xFF, 0xFF, 0xE0, 0x09, 0xFF, 0xFE, 0xEF,
    0xFF, 0xE0, 0x0D, 0xFF, 0xB1, 0x1B, 0xFF, 0xE0, 0x0E, 0xFF, 0x50, 0x05, 0xFF, 0xE0, 0x0E, 0xFF, 0x40, 0x04, 0xFF, 0xE0,
    0x0E, 0xFF, 0x40, 0x04, 0xFF, 0xE0, 0x0E, 0xFF, 0x40, 0x04, 0xFF, 0xE0, 0x0E, 0xFF, 0x40, 0x04, 0xFF, 0xE0, 0x0E, 0xFF,
    0x40, 0x04, 0xFF, 0xE0, 0x0E, 0xFF, 0x50, 0x05, 0xFF, 0xE0, 0x0D, 0xFF, 0xB1, 0x0B, 0xFF, 0xE0, 0x09, 0xFF, 0xFE, 0xEF,
    0xFF, 0xE0, 0x02, 0xEF, 0xFF, 0xFF, 0xFF, 0xE0, 0x00, 0x3B, 0xEE, 0xA6, 0xFF, 0xE0, 0x00, 0x00, 0x00, 0x04, 0xFF, 0xE0,
    0x00, 0x00, 0x00, 0x04, 0xFF, 0xE0, 0x00, 0x00, 0x00, 0x04, 0xFF, 0xE0, 0x00, 0x00, 0x00, 0x04, 0xFF, 0xE0, 0x00, 0x00,
    0x00, 0x04, 0xFF, 0xE0, 0x0A, 0xFF, 0x87, 0xEE, 0x50, 0xBF, 0xFD, 0xFF, 0xF4, 0x0B, 0xFF, 0xFF, 0xEE, 0x10, 0xBF, 0xFF,
    0x70, 0x00, 0x0B, 0xFF, 0xC0, 0x00, 0x00, 0xBF, 0xF9, 0x00, 0x00, 0x0B, 0xFF, 0x80, 0x00, 0x00, 0xBF, 0xF8, 0x00, 0x00,
    0x0B, 0xFF, 0x80, 0x00, 0x00, 0xBF, 0xF8, 0x00, 0x00, 0x0B, 0xFF, 0x80, 0x00, 0x00, 0xBF, 0xF8, 0x00, 0x00, 0x0B, 0xFF,
    0x80, 0x00, 0x00, 0xBF, 0xF8, 0x00, 0x00, 0x0A, 0xFF, 0x70, 0x00, 0x00, 0x00, 0x29, 0xDF, 0xEA, 0x30, 0x00, 0x2E, 0xFF,
    0xFF, 0xFF, 0x40, 0x0A, 0xFF, 0xFE, 0xFF, 0xFD, 0x00, 0xEF, 0xF7, 0x02, 0xEF, 0xF3, 0x0F, 0xFF, 0x20, 0x09, 0xEE, 0x40,
    0xDF, 0xFA, 0x00, 0x00, 0x00, 0x07, 0xFF, 0xFE, 0x71, 0x00, 0x00, 0x08, 0xFF, 0xFF, 0xE8, 0x00, 0x00, 0x03, 0xBF, 0xFF,
    0xFA, 0x00, 0x00, 0x00, 0x3B, 0xFF, 0xF4, 0x18, 0x87, 0x00, 0x0D, 0xFF, 0x82, 0xFF, 0xF1, 0x00, 0xDF, 0xF8, 0x0D, 0xFF,
    0xD8, 0xBF, 0xFF, 0x40, 0x4F, 0xFF, 0xFF, 0xFF, 0x90, 0x00, 0x3A, 0xDF, 0xEB, 0x50, 0x00, 0x00, 0x78, 0x70, 0x00, 0x01,
    0xFF, 0xF1, 0x00, 0x01, 0xFF, 0xF1, 0x00, 0x01, 0xFF, 0xF1, 0x00, 0x7F, 0xFF, 0xFF, 0xF4, 0x8F, 0xFF, 0xFF, 0xF4, 0x6D,
    0xFF, 0xFD, 0xD3, 0x01, 0xFF, 0xF1, 0x00, 0x01, 0xFF, 0xF1, 0x00, 0x01, 0xFF, 0xF1, 0x00, 0x01, 0xFF, 0xF1, 0x00, 0x01,
    0xFF, 0xF1, 0x00, 0x01, 0xFF, 0xF1, 0x00, 0x01, 0xFF, 0xF1, 0x00, 0x01, 0xFF, 0xF1, 0x00, 0x01, 0xFF, 0xF5, 0x00, 0x00,
    0xFF, 0xFF, 0xD1, 0x00, 0xAF, 0xFF, 0xF1, 0x00, 0x19, 0xDF, 0xF1, 0x0C, 0xFF, 0x60, 0x03, 0xFF, 0xE0, 0x0C, 0xFF, 0x60,
    0x04, 0xFF, 0xF0, 0x0C, 0xFF, 0x60, 0x04, 0xFF, 0xF0, 0x0C, 0xFF, 0x60, 0x04, 0xFF, 0xF0, 0x0C, 0xFF, 0x60, 0x04, 0xFF,
    0xF0, 0x0C, 0xFF, 0x60, 0x04, 0xFF, 0xF0, 0x0C, 0xFF, 0x60, 0x04, 0xFF, 0xF0, 0x0C, 0xFF, 0x60, 0x04, 0xFF, 0xF0, 0x0C,
    0xFF, 0x60, 0x04, 0xFF, 0xF0, 0x0C, 0xFF, 0x60, 0x04, 0xFF, 0xF0, 0x0C, 0xFF, 0x70, 0x05, 0xFF, 0xF0, 0x0C, 0xFF, 0xB0,
    0x09, 0xFF, 0xF0, 0x09, 0xFF, 0xFC, 0xCF, 0xFF, 0xF0, 0x02, 0xEF, 0xFF, 0xFF, 0xFF, 0xF0, 0x00, 0x3B, 0xEE, 0xB6, 0xFF,
    0xF0, 0x6F, 0xFF, 0x10, 0x07, 0xFF, 0xF1, 0x4F, 0xFF, 0x40, 0x0A, 0xFF, 0xC0, 0x0F, 0xFF, 0x70, 0x0D, 0xFF, 0x90, 0x0C,
    0xFF, 0xA0, 0x0F, 0xFF, 0x50, 0x08, 0xFF, 0xC0, 0x3F, 0xFF, 0x20, 0x04, 0xFF, 0xF0, 0x6F, 0xFD, 0x00, 0x01, 0xFF, 0xF3,
    0x8F, 0xFA, 0x00, 0x00, 0xCF, 0xF5, 0xBF, 0xF6, 0x00, 0x00, 0x8F, 0xF8, 0xEF, 0xF3, 0x00, 0x00, 0x5F, 0xFD, 0xFF, 0xE0,
    0x00, 0x00, 0x1F, 0xFF, 0xFF, 0xA0, 0x00, 0x00, 0x0C, 0xFF, 0xFF, 0x70, 0x00, 0x00, 0x09, 0xFF, 0xFF, 0x30, 0x00, 0x00,
    0x05, 0xFF, 0xFE, 0x00, 0x00, 0x00, 0x01, 0xFF, 0xFB, 0x00, 0x00, 0x6F, 0xFA, 0x00, 0x3F, 0xFB, 0x00, 0x1F, 0xFF, 0x04,
    0xFF, 0xD0, 0x06, 0xFF, 0xE0, 0x03, 0xFF, 0xC0, 0x1F, 0xFF, 0x00, 0x8F, 0xFF, 0x20, 0x6F, 0xF9, 0x00, 0xDF, 0xF3, 0x0B,
    0xFF, 0xF4, 0x08, 0xFF, 0x60, 0x0A, 0xFF, 0x50, 0xDF, 0xFF, 0x70, 0xBF, 0xF3, 0x00, 0x6F, 0xF7, 0x1F, 0xFF, 0xF9, 0x0D,
    0xFE, 0x00, 0x03, 0xFF, 0xA3, 0xFF, 0xCF, 0xC1, 0xFF, 0xB0, 0x00, 0x0F, 0xFC, 0x6F, 0xE7, 0xFE, 0x3F, 0xF8, 0x00, 0x00,
    0xCF, 0xE8, 0xFB, 0x4F, 0xF7, 0xFF, 0x50, 0x00, 0x09, 0xFF, 0xDF, 0x92, 0xFF, 0xDF, 0xF2, 0x00, 0x00, 0x5F, 0xFF, 0xF6,
    0x0E, 0xFF, 0xFE, 0x00, 0x00, 0x02, 0xFF, 0xFF, 0x40, 0xCF, 0xFF, 0xB0, 0x00, 0x00, 0x0E, 0xFF, 0xF1, 0x09, 0xFF, 0xF8,
    0x00, 0x00, 0x00, 0xBF, 0xFD, 0x00, 0x6F, 0xFF, 0x40, 0x00, 0x00, 0x07, 0xFF, 0xA0, 0x03, 0xFF, 0xF1, 0x00, 0x00, 0x5F,
    0xFE, 0x20, 0x06, 0xFF, 0xF1, 0x0E, 0xFF, 0x90, 0x0D, 0xFF, 0x90, 0x07, 0xFF, 0xE1, 0x6F, 0xFF, 0x20, 0x01, 0xEF, 0xF7,
    0xCF, 0xFA, 0x00, 0x00, 0x8F, 0xFF, 0xFF, 0xF3, 0x00, 0x00, 0x2F, 0xFF, 0xFF, 0xB0, 0x00, 0x00, 0x09, 0xFF, 0xFF, 0x40,
    0x00, 0x00, 0x04, 0xFF, 0xFE, 0x00, 0x00, 0x00, 0x09, 0xFF, 0xFF, 0x40, 0x00, 0x00, 0x1F, 0xFF, 0xFF, 0xB0, 0x00, 0x00,
    0x8F, 0xFE, 0xFF, 0xF3, 0x00, 0x01, 0xEF, 0xF7, 0xCF, 0xFA, 0x00, 0x07, 0xFF, 0xE1, 0x5F, 0xFF, 0x20, 0x0E, 0xFF, 0x80,
    0x0D, 0xFF, 0x90, 0x5F, 0xFE, 0x20, 0x06, 0xFF, 0xF1, 0x7F, 0xFD, 0x00, 0x09, 0xFF, 0xC4, 0xFF, 0xF1, 0x00, 0xCF, 0xF8,
    0x1F, 0xFF, 0x40, 0x0F, 0xFF, 0x40, 0xBF, 0xF7, 0x03, 0xFF, 0xF1, 0x08, 0xFF, 0x90, 0x5F, 0xFC, 0x00, 0x4F, 0xFC, 0x08,
    0xFF, 0x80, 0x00, 0xFF, 0xF0, 0xBF, 0xF4, 0x00, 0x0B, 0xFF, 0x3D, 0xFF, 0x10, 0x00, 0x7F, 0xF7, 0xFF, 0xC0, 0x00, 0x04,
    0xFF, 0xCF, 0xF8, 0x00, 0x00, 0x0E, 0xFF, 0xFF, 0x40, 0x00, 0x00, 0xBF, 0xFF, 0xF1, 0x00, 0x00, 0x07, 0xFF, 0xFB, 0x00,
    0x00, 0x00, 0x3F, 0xFF, 0x80, 0x00, 0x00, 0x01, 0xFF, 0xF4, 0x00, 0x00, 0x00, 0x3F, 0xFE, 0x00, 0x00, 0x00, 0x0B, 0xFF,
    0xA0, 0x00, 0x00, 0xCE, 0xFF, 0xF4, 0x00, 0x00, 0x1F, 0xFF, 0xFA, 0x00, 0x00, 0x01, 0xFE, 0xC7, 0x00, 0x00, 0x00, 0x3F,
    0xFF, 0xFF, 0xFF, 0xF8, 0x3F, 0xFF, 0xFF, 0xFF, 0xF8, 0x2D, 0xDD, 0xDE, 0xFF, 0xF8, 0x00, 0x00, 0x0A, 0xFF, 0xF3, 0x00,
    0x00, 0x3F, 0xFF, 0xA0, 0x00, 0x00, 0xBF, 0xFF, 0x20, 0x00, 0x04, 0xFF, 0xF8, 0x00, 0x00, 0x0C, 0xFF, 0xE1, 0x00, 0x00,
    0x6F, 0xFF, 0x60, 0x00, 0x00, 0xDF, 0xFD, 0x00, 0x00, 0x07, 0xFF, 0xF4, 0x00, 0x00, 0x1E, 0xFF, 0xB0, 0x00, 0x00, 0x5F,
    0xFF, 0xED, 0xDD, 0xD9, 0x5F, 0xFF, 0xFF, 0xFF, 0xFA, 0x4F, 0xFF, 0xFF, 0xFF, 0xFA, 0x00, 0x01, 0x9C, 0xDD, 0x10, 0x00,
    0xDF, 0xFF, 0xF2, 0x00, 0x4F, 0xFF, 0xFF, 0x20, 0x06, 0xFF, 0xF5, 0x00, 0x00, 0x6F, 0xFE, 0x00, 0x00, 0x06, 0xFF, 0xD0,
    0x00, 0x00, 0x6F, 0xFD, 0x00, 0x00, 0x06, 0xFF, 0xD0, 0x00, 0x00, 0x6F, 0xFD, 0x00, 0x00, 0x06, 0xFF, 0xD0, 0x00, 0x00,
    0x8F, 0xFC, 0x00, 0x00, 0x2D, 0xFF, 0xA0, 0x00, 0x3F, 0xFF, 0xF4, 0x00, 0x04, 0xFF, 0xF9, 0x00, 0x00, 0x3E, 0xFF, 0xF4,
    0x00, 0x00, 0x1D, 0xFF, 0xA0, 0x00, 0x00, 0x7F, 0xFC, 0x00, 0x00, 0x06, 0xFF, 0xD0, 0x00, 0x00, 0x6F, 0xFD, 0x00, 0x00,
    0x06, 0xFF, 0xD0, 0x00, 0x00, 0x6F, 0xFD, 0x00, 0x00, 0x06, 0xFF, 0xD0, 0x00, 0x00, 0x6F, 0xFD, 0x00, 0x00, 0x06, 0xFF,
    0xF3, 0x00, 0x00, 0x4F, 0xFF, 0xFD, 0x10, 0x01, 0xDF, 0xFF, 0xF2, 0x00, 0x03, 0xBE, 0xFF, 0x20, 0x3F, 0xFF, 0x04, 0xFF,
    0xF0, 0x4F, 0xFF, 0x04, 0xFF, 0xF0, 0x4F, 0xFF, 0x04, 0xFF, 0xF0, 0x4F, 0xFF, 0x04, 0xFF, 0xF0, 0x4F, 0xFF, 0x04, 0xFF,
    0xF0, 0x4F, 0xFF, 0x04, 0xFF, 0xF0, 0x4F, 0xFF, 0x04, 0xFF, 0xF0, 0x4F, 0xFF, 0x04, 0xFF, 0xF0, 0x4F, 0xFF, 0x04, 0xFF,
    0xF0, 0x4F, 0xFF, 0x04, 0xFF, 0xF0, 0x4F, 0xFF, 0x04, 0xFF, 0xF0, 0x4F, 0xFF, 0x03, 0xFF, 0xF0, 0x3D, 0xDC, 0x91, 0x00,
    0x04, 0xFF, 0xFF, 0xB0, 0x00, 0x3F, 0xFF, 0xFF, 0x30, 0x00, 0x07, 0xFF, 0xF5, 0x00, 0x00, 0x0F, 0xFF, 0x50, 0x00, 0x00,
    0xEF, 0xF5, 0x00, 0x00, 0x0E, 0xFF, 0x50, 0x00, 0x00, 0xEF, 0xF5, 0x00, 0x00, 0x0E, 0xFF, 0x50, 0x00, 0x00, 0xEF, 0xF5,
    0x00, 0x00, 0x0D, 0xFF, 0x70, 0x00, 0x00, 0xBF, 0xFC, 0x10, 0x00, 0x05, 0xFF, 0xFE, 0x20, 0x00, 0x0A, 0xFF, 0xF2, 0x00,
    0x04, 0xFF, 0xFE, 0x10, 0x00, 0xBF, 0xFC, 0x10, 0x00, 0x0D, 0xFF, 0x60, 0x00, 0x00, 0xEF, 0xF5, 0x00, 0x00, 0x0E, 0xFF,
    0x50, 0x00, 0x00, 0xEF, 0xF5, 0x00, 0x00, 0x0E, 0xFF, 0x50, 0x00, 0x00, 0xEF, 0xF5, 0x00, 0x00, 0x0E, 0xFF, 0x50, 0x00,
    0x04, 0xFF, 0xF5, 0x00, 0x3D, 0xFF, 0xFF, 0x30, 0x04, 0xFF, 0xFF, 0xC0, 0x00, 0x3F, 0xFE, 0xB2, 0x00, 0x00, 0x00, 0x4B,
    0xC9, 0x20, 0x00, 0x00, 0x00, 0x5F, 0xFF, 0xFE, 0x50, 0x1C, 0xA1, 0x1E, 0xFF, 0xFF, 0xFF, 0xEE, 0xFF, 0x61, 0xAF, 0x61,
    0x4D, 0xFF, 0xFF, 0xB0, 0x00, 0x20, 0x00, 0x18, 0xDE, 0x91, 0x00, 0x00, 0x00, 0x00, 0x00, 0x00, 0x00, 0x00, 0x00, 0x00,
    0x00, 0x00, 0x00, 0x00, 0x00, 0x00, 0x00, 0x00, 0x00, 0x00, 0x00, 0x00, 0x00, 0x00, 0x00, 0x00, 0x00, 0x00, 0x00, 0x00,
    0x00, 0x00, 0x00, 0x00, 0x00, 0x00, 0x00, 0x00, 0x00, 0x00
}};

const DeckFont kCompactTitleFont{kCompactTitleGlyphs, kCompactTitlePixels, 32, 126, 34};

constexpr std::array<DeckGlyph, 95> kBankGlyphs{{
    {0, 5, 0, 0, 24, 5}, {0, 6, 18, 0, 6, 6},
    {54, 7, 18, 0, 6, 7}, {117, 15, 17, 0, 7, 15},
    {245, 10, 22, 0, 4, 10}, {355, 19, 18, 0, 6, 19},
    {526, 14, 18, 0, 6, 14}, {652, 4, 18, 0, 6, 4},
    {688, 7, 21, 0, 5, 7}, {762, 7, 21, 0, 5, 7},
    {836, 9, 19, 0, 5, 9}, {922, 11, 13, 0, 11, 11},
    {994, 5, 6, 0, 20, 5}, {1009, 8, 9, 0, 15, 8},
    {1045, 5, 5, 0, 19, 5}, {1058, 9, 18, 0, 6, 9},
    {1139, 11, 18, 0, 6, 11}, {1238, 7, 18, 0, 6, 7},
    {1301, 10, 18, 0, 6, 10}, {1391, 10, 18, 0, 6, 10},
    {1481, 11, 18, 0, 6, 11}, {1580, 10, 18, 0, 6, 10},
    {1670, 10, 18, 0, 6, 10}, {1760, 10, 18, 0, 6, 9},
    {1850, 10, 18, 0, 6, 10}, {1940, 10, 18, 0, 6, 10},
    {2030, 6, 13, 0, 11, 6}, {2069, 5, 14, 0, 12, 5},
    {2104, 11, 13, 0, 11, 11}, {2176, 11, 12, 0, 12, 11},
    {2242, 11, 13, 0, 11, 11}, {2314, 10, 18, 0, 6, 10},
    {2404, 18, 18, 0, 8, 18}, {2566, 11, 18, 0, 6, 11},
    {2665, 11, 18, 0, 6, 11}, {2764, 11, 18, 0, 6, 11},
    {2863, 11, 18, 0, 6, 11}, {2962, 10, 18, 0, 6, 10},
    {3052, 10, 18, 0, 6, 10}, {3142, 11, 18, 0, 6, 11},
    {3241, 11, 18, 0, 6, 11}, {3340, 5, 18, 0, 6, 5},
    {3385, 11, 18, 0, 6, 11}, {3484, 12, 18, 0, 6, 11},
    {3592, 10, 18, 0, 6, 10}, {3682, 13, 18, 0, 6, 13},
    {3799, 12, 18, 0, 6, 12}, {3907, 11, 18, 0, 6, 11},
    {4006, 11, 18, 0, 6, 11}, {4105, 11, 20, 0, 6, 11},
    {4215, 11, 18, 0, 6, 11}, {4314, 10, 18, 0, 6, 10},
    {4404, 11, 18, 0, 6, 11}, {4503, 11, 18, 0, 6, 11},
    {4602, 11, 18, 0, 6, 11}, {4701, 16, 18, 0, 6, 16},
    {4845, 11, 18, 0, 6, 11}, {4944, 11, 18, 0, 6, 11},
    {5043, 10, 18, 0, 6, 10}, {5133, 8, 23, 0, 4, 8},
    {5225, 9, 18, 0, 6, 9}, {5306, 8, 23, 0, 4, 8},
    {5398, 10, 18, 0, 6, 10}, {5488, 10, 3, 0, 21, 10},
    {5503, 5, 17, 0, 7, 5}, {5546, 10, 13, 0, 11, 10},
    {5611, 10, 18, 0, 6, 10}, {5701, 10, 13, 0, 11, 10},
    {5766, 10, 18, 0, 6, 10}, {5856, 10, 13, 0, 11, 10},
    {5921, 7, 18, 0, 6, 7}, {5984, 10, 18, 0, 11, 10},
    {6074, 11, 18, 0, 6, 11}, {6173, 5, 19, 0, 5, 5},
    {6221, 7, 24, -2, 5, 5}, {6305, 10, 18, 0, 6, 10},
    {6395, 5, 18, 0, 6, 5}, {6440, 16, 13, 0, 11, 16},
    {6544, 11, 13, 0, 11, 11}, {6616, 10, 13, 0, 11, 10},
    {6681, 11, 18, 0, 11, 11}, {6780, 11, 18, 0, 11, 11},
    {6879, 8, 13, 0, 11, 8}, {6931, 10, 13, 0, 11, 10},
    {6996, 7, 16, 0, 8, 7}, {7052, 11, 13, 0, 11, 11},
    {7124, 10, 13, 0, 11, 10}, {7189, 14, 13, 0, 11, 14},
    {7280, 10, 13, 0, 11, 10}, {7345, 10, 18, 0, 11, 10},
    {7435, 9, 13, 0, 11, 9}, {7494, 8, 23, 0, 4, 8},
    {7586, 4, 21, 0, 5, 4}, {7628, 8, 23, 0, 4, 8},
    {7720, 12, 9, 0, 15, 12}
}};

constexpr std::array<std::uint8_t, 7774> kBankPixels{{
    0x02, 0xFF, 0x90, 0x02, 0xFF, 0x90, 0x02, 0xFF, 0x80, 0x01, 0xFF, 0x80, 0x01, 0xFF, 0x80, 0x01, 0xFF, 0x70, 0x00, 0xFF,
    0x70, 0x00, 0xFF, 0x70, 0x00, 0xFF, 0x60, 0x00, 0xEF, 0x60, 0x00, 0xEF, 0x60, 0x00, 0xDF, 0x50, 0x00, 0x00, 0x00, 0x00,
    0x00, 0x00, 0x01, 0xBE, 0x50, 0x06, 0xFF, 0xD0, 0x06, 0xFF, 0xD0, 0x01, 0xBE, 0x50, 0x8F, 0xF0, 0xBF, 0xD8, 0xFF, 0x0A,
    0xFD, 0x7F, 0xE0, 0xAF, 0xC6, 0xFE, 0x09, 0xFB, 0x6F, 0xD0, 0x8F, 0xA5, 0xFC, 0x07, 0xF9, 0x00, 0x00, 0x00, 0x00, 0x00,
    0x00, 0x00, 0x00, 0x00, 0x00, 0x00, 0x00, 0x00, 0x00, 0x00, 0x00, 0x00, 0x00, 0x00, 0x00, 0x00, 0x00, 0x00, 0x00, 0x00,
    0x00, 0x00, 0x00, 0x00, 0x00, 0x00, 0x00, 0x00, 0x00, 0x00, 0x00, 0x00, 0x00, 0x00, 0x00, 0x00, 0x00, 0x00, 0x00, 0xCF,
    0xF0, 0x03, 0xFF, 0x80, 0x00, 0x00, 0x0E, 0xFD, 0x00, 0x6F, 0xF6, 0x00, 0x00, 0x01, 0xFF, 0xB0, 0x08, 0xFF, 0x40, 0x00,
    0x00, 0x3F, 0xF9, 0x00, 0xAF, 0xF2, 0x00, 0x02, 0xFF, 0xFF, 0xFF, 0xFF, 0xFF, 0xF8, 0x00, 0x3F, 0xFF, 0xFF, 0xFF, 0xFF,
    0xFF, 0x80, 0x01, 0x7D, 0xFF, 0x88, 0x9F, 0xFC, 0x84, 0x00, 0x00, 0xCF, 0xF0, 0x04, 0xFF, 0x80, 0x00, 0x00, 0x0E, 0xFD,
    0x00, 0x6F, 0xF6, 0x00, 0x00, 0x78, 0xFF, 0xD8, 0x8B, 0xFF, 0xA5, 0x00, 0x0F, 0xFF, 0xFF, 0xFF, 0xFF, 0xFF, 0xB0, 0x00,
    0xEF, 0xFF, 0xFF, 0xFF, 0xFF, 0xFB, 0x00, 0x00, 0x8F, 0xF4, 0x00, 0xFF, 0xC0, 0x00, 0x00, 0x0A, 0xFF, 0x20, 0x2F, 0xFA,
    0x00, 0x00, 0x00, 0xCF, 0xE0, 0x04, 0xFF, 0x80, 0x00, 0x00, 0x0E, 0xFC, 0x00, 0x6F, 0xF5, 0x00, 0x00, 0x00, 0x00, 0x00,
    0x00, 0x00, 0x00, 0x00, 0x00, 0x00, 0x00, 0xCF, 0x30, 0x00, 0x00, 0x00, 0xCF, 0x30, 0x00, 0x00, 0x17, 0xEF, 0x92, 0x00,
    0x02, 0xDF, 0xFF, 0xFE, 0x30, 0x0A, 0xFF, 0xFF, 0xFF, 0xD0, 0x1F, 0xFE, 0x31, 0xBF, 0xF5, 0x3F, 0xF9, 0x00, 0x4F, 0xF7,
    0x3F, 0xF9, 0x00, 0x2F, 0xF9, 0x0E, 0xFE, 0x10, 0x02, 0x21, 0x09, 0xFF, 0xD2, 0x00, 0x00, 0x01, 0xCF, 0xFE, 0x40, 0x00,
    0x00, 0x1C, 0xFF, 0xF7, 0x00, 0x00, 0x00, 0x9F, 0xFF, 0x70, 0x00, 0x00, 0x07, 0xFF, 0xF3, 0x00, 0x00, 0x00, 0x8F, 0xF8,
    0x2F, 0xF8, 0x00, 0x2F, 0xFA, 0x2F, 0xFA, 0x00, 0x2F, 0xF9, 0x0E, 0xFF, 0x41, 0xAF, 0xF6, 0x06, 0xFF, 0xFF, 0xFF, 0xD0,
    0x00, 0x7E, 0xFF, 0xFB, 0x10, 0x00, 0x01, 0xDF, 0x50, 0x00, 0x00, 0x00, 0xCF, 0x40, 0x00, 0x00, 0x1A, 0xEE, 0x80, 0x00,
    0x00, 0x7F, 0x70, 0x00, 0x00, 0x1D, 0xFE, 0xEF, 0xA0, 0x00, 0x1E, 0xE1, 0x00, 0x00, 0x06, 0xF7, 0x01, 0xBF, 0x30, 0x08,
    0xF7, 0x00, 0x00, 0x00, 0xAE, 0x00, 0x02, 0xF6, 0x01, 0xEE, 0x10, 0x00, 0x00, 0x0A, 0xE0, 0x00, 0x2F, 0x60, 0x8F, 0x70,
    0x00, 0x00, 0x00, 0x6F, 0x70, 0x0A, 0xF3, 0x1E, 0xE1, 0x00, 0x00, 0x00, 0x01, 0xDF, 0xEE, 0xFA, 0x08, 0xF7, 0x00, 0x00,
    0x00, 0x00, 0x01, 0xAE, 0xE8, 0x01, 0xEE, 0x10, 0x00, 0x00, 0x00, 0x00, 0x00, 0x00, 0x00, 0x8F, 0x70, 0x00, 0x00, 0x00,
    0x00, 0x00, 0x00, 0x00, 0x1E, 0xE1, 0x00, 0x00, 0x00, 0x00, 0x00, 0x00, 0x00, 0x08, 0xF7, 0x02, 0x9C, 0xA3, 0x00, 0x00,
    0x00, 0x00, 0x01, 0xEE, 0x12, 0xEF, 0xFF, 0xF4, 0x00, 0x00, 0x00, 0x00, 0x8F, 0x70, 0x9F, 0x71, 0x4E, 0xD0, 0x00, 0x00,
    0x00, 0x1E, 0xE1, 0x0D, 0xB0, 0x00, 0x7F, 0x20, 0x00, 0x00, 0x08, 0xF7, 0x00, 0xD9, 0x00, 0x05, 0xF2, 0x00, 0x00, 0x01,
    0xEE, 0x10, 0x0A, 0xC0, 0x00, 0x8E, 0x00, 0x00, 0x00, 0x8F, 0x70, 0x00, 0x3F, 0x93, 0x7F, 0x60, 0x00, 0x00, 0x1E, 0xE1,
    0x00, 0x00, 0x3C, 0xFD, 0x60, 0x00, 0x00, 0x06, 0xCF, 0xE9, 0x10, 0x00, 0x00, 0x00, 0x7F, 0xFF, 0xFF, 0xD1, 0x00, 0x00,
    0x01, 0xEF, 0xF9, 0xCF, 0xF9, 0x00, 0x00, 0x04, 0xFF, 0x90, 0x1E, 0xFD, 0x00, 0x00, 0x05, 0xFF, 0x70, 0x0D, 0xFE, 0x00,
    0x00, 0x03, 0xFF, 0xA0, 0x2F, 0xFC, 0x00, 0x00, 0x00, 0xBF, 0xF5, 0xCF, 0xF7, 0x00, 0x00, 0x00, 0x3F, 0xFF, 0xFF, 0xC0,
    0x00, 0x00, 0x00, 0x0A, 0xFF, 0xFC, 0x10, 0x00, 0x00, 0x00, 0x6F, 0xFF, 0xF5, 0x00, 0x00, 0x00, 0x04, 0xFF, 0xFF, 0xFD,
    0x10, 0x43, 0x00, 0x0C, 0xFF, 0x66, 0xFF, 0xA1, 0xEF, 0x80, 0x1F, 0xFC, 0x00, 0xAF, 0xFC, 0xFF, 0x50, 0x3F, 0xF9, 0x00,
    0x1D, 0xFF, 0xFB, 0x00, 0x2F, 0xFC, 0x00, 0x08, 0xFF, 0xF3, 0x00, 0x0E, 0xFF, 0xC8, 0xCF, 0xFF, 0xF8, 0x00, 0x06, 0xFF,
    0xFF, 0xFF, 0xFD, 0xFF, 0x30, 0x00, 0x4B, 0xEF, 0xD9, 0x23, 0xEF, 0xC0, 0x8F, 0xF2, 0x8F, 0xF2, 0x7F, 0xF1, 0x6F, 0xF0,
    0x6F, 0xF0, 0x5F, 0xE0, 0x00, 0x00, 0x00, 0x00, 0x00, 0x00, 0x00, 0x00, 0x00, 0x00, 0x00, 0x00, 0x00, 0x00, 0x00, 0x00,
    0x00, 0x00, 0x00, 0x00, 0x00, 0x00, 0x00, 0x00, 0x00, 0xAF, 0xF2, 0x00, 0x3F, 0xFC, 0x00, 0x09, 0xFF, 0x60, 0x00, 0xEF,
    0xF2, 0x00, 0x4F, 0xFD, 0x00, 0x07, 0xFF, 0x90, 0x00, 0xAF, 0xF7, 0x00, 0x0C, 0xFF, 0x50, 0x00, 0xDF, 0xF3, 0x00, 0x0E,
    0xFF, 0x30, 0x00, 0xFF, 0xF2, 0x00, 0x0E, 0xFF, 0x30, 0x00, 0xDF, 0xF3, 0x00, 0x0C, 0xFF, 0x40, 0x00, 0xAF, 0xF7, 0x00,
    0x07, 0xFF, 0x90, 0x00, 0x4F, 0xFC, 0x00, 0x00, 0xEF, 0xF1, 0x00, 0x09, 0xFF, 0x60, 0x00, 0x3F, 0xFB, 0x00, 0x00, 0xAF,
    0xF2, 0x00, 0x06, 0xFF, 0x60, 0x00, 0x1F, 0xFD, 0x00, 0x00, 0xAF, 0xF5, 0x00, 0x06, 0xFF, 0xA0, 0x00, 0x2F, 0xFE, 0x00,
    0x00, 0xEF, 0xF3, 0x00, 0x0B, 0xFF, 0x60, 0x00, 0x9F, 0xF8, 0x00, 0x08, 0xFF, 0x90, 0x00, 0x7F, 0xFA, 0x00, 0x07, 0xFF,
    0xB0, 0x00, 0x7F, 0xFA, 0x00, 0x08, 0xFF, 0x90, 0x00, 0x9F, 0xF8, 0x00, 0x0C, 0xFF, 0x50, 0x00, 0xEF, 0xF3, 0x00, 0x2F,
    0xFE, 0x00, 0x06, 0xFF, 0xA0, 0x00, 0xAF, 0xF5, 0x00, 0x1F, 0xFD, 0x00, 0x06, 0xFF, 0x50, 0x00, 0x00, 0x07, 0xF2, 0x00,
    0x00, 0x30, 0x7F, 0x20, 0x30, 0x4F, 0xA9, 0xF6, 0xDE, 0x12, 0xBF, 0xFF, 0xFF, 0x80, 0x00, 0x9F, 0xFF, 0x40, 0x01, 0x9F,
    0xFF, 0xFE, 0x60, 0x5F, 0xB9, 0xF7, 0xEE, 0x10, 0x40, 0x7F, 0x21, 0x40, 0x00, 0x07, 0xF2, 0x00, 0x00, 0x00, 0x00, 0x00,
    0x00, 0x00, 0x00, 0x00, 0x00, 0x00, 0x00, 0x00, 0x00, 0x00, 0x00, 0x00, 0x00, 0x00, 0x00, 0x00, 0x00, 0x00, 0x00, 0x00,
    0x00, 0x00, 0x00, 0x00, 0x00, 0x00, 0x00, 0x00, 0x00, 0x00, 0x00, 0x00, 0x00, 0x00, 0x00, 0x00, 0x00, 0x00, 0x00, 0x00,
    0x00, 0x00, 0x00, 0x00, 0xBF, 0x50, 0x00, 0x00, 0x00, 0x0C, 0xF5, 0x00, 0x00, 0x00, 0x00, 0xCF, 0x50, 0x00, 0x00, 0x00,
    0x0C, 0xF5, 0x00, 0x00, 0x5F, 0xFF, 0xFF, 0xFF, 0xFD, 0x05, 0xFF, 0xFF, 0xFF, 0xFF, 0xE0, 0x28, 0x88, 0xEF, 0xA8, 0x86,
    0x00, 0x00, 0x0C, 0xF5, 0x00, 0x00, 0x00, 0x00, 0xCF, 0x50, 0x00, 0x00, 0x00, 0x0B, 0xF5, 0x00, 0x00, 0x00, 0x00, 0x00,
    0x00, 0x00, 0x00, 0x00, 0x00, 0x00, 0x00, 0x00, 0x00, 0x00, 0x00, 0x00, 0x00, 0x00, 0x09, 0xFC, 0x00, 0xBF, 0x90, 0x0D,
    0xF6, 0x00, 0xEF, 0x30, 0x1F, 0xE0, 0x02, 0xFB, 0x00, 0x28, 0x88, 0x88, 0x71, 0x5F, 0xFF, 0xFF, 0xF2, 0x5F, 0xFF, 0xFF,
    0xF2, 0x00, 0x00, 0x00, 0x00, 0x00, 0x00, 0x00, 0x00, 0x00, 0x00, 0x00, 0x00, 0x00, 0x00, 0x00, 0x00, 0x00, 0x00, 0x00,
    0x00, 0x00, 0x00, 0x00, 0x00, 0x08, 0xE9, 0x01, 0xFF, 0xF2, 0x1F, 0xFF, 0x20, 0x8E, 0x90, 0x00, 0x00, 0x00, 0x00, 0x00,
    0x09, 0xFF, 0x20, 0x00, 0x00, 0xEF, 0xD0, 0x00, 0x00, 0x3F, 0xF9, 0x00, 0x00, 0x08, 0xFF, 0x40, 0x00, 0x00, 0xCF, 0xF1,
    0x00, 0x00, 0x1F, 0xFB, 0x00, 0x00, 0x05, 0xFF, 0x70, 0x00, 0x00, 0xAF, 0xF2, 0x00, 0x00, 0x0E, 0xFD, 0x00, 0x00, 0x03,
    0xFF, 0x90, 0x00, 0x00, 0x7F, 0xF5, 0x00, 0x00, 0x0B, 0xFF, 0x10, 0x00, 0x01, 0xFF, 0xB0, 0x00, 0x00, 0x5F, 0xF7, 0x00,
    0x00, 0x09, 0xFF, 0x30, 0x00, 0x00, 0xDF, 0xD0, 0x00, 0x00, 0x3F, 0xF9, 0x00, 0x00, 0x06, 0xFF, 0x50, 0x00, 0x00, 0x00,
    0x19, 0xEF, 0xD8, 0x00, 0x00, 0x1D, 0xFF, 0xFF, 0xFB, 0x00, 0x09, 0xFF, 0xC8, 0xDF, 0xF6, 0x00, 0xEF, 0xE1, 0x02, 0xFF,
    0xB0, 0x1F, 0xFB, 0x00, 0x0E, 0xFD, 0x01, 0xFF, 0xB0, 0x00, 0xDF, 0xD0, 0x1F, 0xFB, 0x00, 0x0D, 0xFD, 0x01, 0xFF, 0xB0,
    0x00, 0xDF, 0xD0, 0x1F, 0xFB, 0x00, 0x0D, 0xFD, 0x01, 0xFF, 0xB0, 0x00, 0xDF, 0xD0, 0x1F, 0xFB, 0x00, 0x0D, 0xFD, 0x01,
    0xFF, 0xB0, 0x00, 0xDF, 0xD0, 0x1F, 0xFB, 0x00, 0x0D, 0xFD, 0x01, 0xFF, 0xB0, 0x00, 0xEF, 0xD0, 0x0E, 0xFE, 0x10, 0x2F,
    0xFB, 0x00, 0x9F, 0xFC, 0x8D, 0xFF, 0x60, 0x01, 0xDF, 0xFF, 0xFF, 0xB0, 0x00, 0x02, 0x9E, 0xFD, 0x80, 0x00, 0x06, 0xDF,
    0xF7, 0x0A, 0xFF, 0xFF, 0x80, 0xBF, 0xFF, 0xF8, 0x04, 0x56, 0xFF, 0x80, 0x00, 0x4F, 0xF8, 0x00, 0x04, 0xFF, 0x80, 0x00,
    0x4F, 0xF8, 0x00, 0x04, 0xFF, 0x80, 0x00, 0x4F, 0xF8, 0x00, 0x04, 0xFF, 0x80, 0x00, 0x4F, 0xF8, 0x00, 0x04, 0xFF, 0x80,
    0x00, 0x4F, 0xF8, 0x00, 0x04, 0xFF, 0x80, 0x00, 0x4F, 0xF8, 0x00, 0x04, 0xFF, 0x80, 0x00, 0x4F, 0xF8, 0x00, 0x04, 0xFF,
    0x70, 0x00, 0x3A, 0xEE, 0xC4, 0x00, 0x03, 0xEF, 0xFF, 0xFF, 0x50, 0x0C, 0xFF, 0xAA, 0xFF, 0xD0, 0x2F, 0xFB, 0x00, 0xBF,
    0xF3, 0x4F, 0xF8, 0x00, 0x7F, 0xF5, 0x4E, 0xE7, 0x00, 0x8F, 0xF4, 0x00, 0x00, 0x00, 0xCF, 0xF2, 0x00, 0x00, 0x03, 0xFF,
    0xD0, 0x00, 0x00, 0x0B, 0xFF, 0x70, 0x00, 0x00, 0x4F, 0xFD, 0x00, 0x00, 0x01, 0xDF, 0xF5, 0x00, 0x00, 0x09, 0xFF, 0xA0,
    0x00, 0x00, 0x4F, 0xFE, 0x20, 0x00, 0x01, 0xDF, 0xF5, 0x00, 0x00, 0x09, 0xFF, 0xA0, 0x00, 0x00, 0x3F, 0xFF, 0x98, 0x88,
    0x85, 0x4F, 0xFF, 0xFF, 0xFF, 0xFB, 0x3F, 0xFF, 0xFF, 0xFF, 0xFA, 0x1F, 0xFF, 0xFF, 0xFF, 0xF3, 0x2F, 0xFF, 0xFF, 0xFF,
    0xF4, 0x07, 0x77, 0x79, 0xFF, 0xF2, 0x00, 0x00, 0x0B, 0xFF, 0x80, 0x00, 0x00, 0x7F, 0xFC, 0x00, 0x00, 0x03, 0xFF, 0xF3,
    0x00, 0x00, 0x0C, 0xFF, 0x90, 0x00, 0x00, 0x1E, 0xFF, 0xFB, 0x10, 0x00, 0x03, 0x99, 0xFF, 0x80, 0x00, 0x00, 0x00, 0xAF,
    0xE0, 0x00, 0x00, 0x00, 0x7F, 0xF2, 0x00, 0x00, 0x00, 0x6F, 0xF3, 0x3B, 0xB5, 0x00, 0x6F, 0xF4, 0x4F, 0xF8, 0x00, 0x7F,
    0xF3, 0x3F, 0xFB, 0x00, 0xAF, 0xF1, 0x0E, 0xFF, 0xA9, 0xFF, 0xC0, 0x05, 0xFF, 0xFF, 0xFF, 0x40, 0x00, 0x4B, 0xEE, 0xB4,
    0x00, 0x00, 0x04, 0xFF, 0xA0, 0x00, 0x00, 0x00, 0x9F, 0xF6, 0x00, 0x00, 0x00, 0x0D, 0xFF, 0x20, 0x00, 0x00, 0x03, 0xFF,
    0xC0, 0x00, 0x00, 0x00, 0x8F, 0xF8, 0x00, 0x00, 0x00, 0x0C, 0xFF, 0x40, 0x00, 0x00, 0x02, 0xFF, 0xE0, 0x00, 0x00, 0x00,
    0x6F, 0xFA, 0x04, 0xFF, 0x70, 0x0B, 0xFF, 0x50, 0x4F, 0xF8, 0x01, 0xFF, 0xF1, 0x04, 0xFF, 0x80, 0x5F, 0xFC, 0x00, 0x4F,
    0xF8, 0x09, 0xFF, 0xFF, 0xFF, 0xFF, 0xF9, 0x9F, 0xFF, 0xFF, 0xFF, 0xFF, 0x95, 0x99, 0x99, 0x9B, 0xFF, 0xC6, 0x00, 0x00,
    0x00, 0x4F, 0xF8, 0x00, 0x00, 0x00, 0x04, 0xFF, 0x80, 0x00, 0x00, 0x00, 0x4F, 0xF8, 0x00, 0x00, 0x00, 0x04, 0xFF, 0x70,
    0x1F, 0xFF, 0xFF, 0xFF, 0xF5, 0x1F, 0xFF, 0xFF, 0xFF, 0xF5, 0x1F, 0xFD, 0x77, 0x77, 0x72, 0x1F, 0xFB, 0x00, 0x00, 0x00,
    0x1F, 0xFB, 0x00, 0x00, 0x00, 0x1F, 0xFB, 0x00, 0x00, 0x00, 0x1F, 0xFB, 0x00, 0x00, 0x00, 0x1F, 0xFB, 0x7E, 0xEA, 0x10,
    0x1F, 0xFF, 0xFF, 0xFF, 0xB0, 0x1F, 0xFF, 0xB9, 0xEF, 0xF3, 0x1D, 0xDB, 0x00, 0x7F, 0xF6, 0x00, 0x00, 0x00, 0x4F, 0xF8,
    0x00, 0x00, 0x00, 0x3F, 0xF9, 0x0B, 0xC9, 0x00, 0x3F, 0xF8, 0x0D, 0xFE, 0x10, 0x7F, 0xF7, 0x09, 0xFF, 0xB8, 0xEF, 0xF3,
    0x02, 0xEF, 0xFF, 0xFF, 0xA0, 0x00, 0x2A, 0xDE, 0xC7, 0x00, 0x00, 0x2A, 0xEF, 0xC6, 0x00, 0x02, 0xEF, 0xFF, 0xFF, 0x70,
    0x0A, 0xFF, 0xC9, 0xFF, 0xF1, 0x0F, 0xFE, 0x10, 0x9F, 0xF5, 0x1F, 0xFC, 0x00, 0x6F, 0xF6, 0x1F, 0xFB, 0x00, 0x14, 0x41,
    0x1F, 0xFB, 0x37, 0x61, 0x00, 0x1F, 0xFE, 0xFF, 0xFE, 0x30, 0x1F, 0xFF, 0xFF, 0xFF, 0xD0, 0x1F, 0xFF, 0x51, 0xBF, 0xF4,
    0x1F, 0xFD, 0x00, 0x5F, 0xF7, 0x1F, 0xFC, 0x00, 0x3F, 0xF8, 0x1F, 0xFB, 0x00, 0x3F, 0xF9, 0x0E, 0xFC, 0x00, 0x4F, 0xF9,
    0x0C, 0xFE, 0x10, 0x7F, 0xF8, 0x08, 0xFF, 0xC9, 0xEF, 0xF4, 0x01, 0xDF, 0xFF, 0xFF, 0xA0, 0x00, 0x29, 0xDF, 0xD7, 0x00,
    0x9F, 0xFF, 0xFF, 0xFF, 0xF2, 0x9F, 0xFF, 0xFF, 0xFF, 0xF2, 0x9F, 0xD8, 0x88, 0xEF, 0xF1, 0x8D, 0x80, 0x01, 0xFF, 0xD0,
    0x00, 0x00, 0x05, 0xFF, 0x90, 0x00, 0x00, 0x09, 0xFF, 0x50, 0x00, 0x00, 0x0D, 0xFF, 0x10, 0x00, 0x00, 0x2F, 0xFC, 0x00,
    0x00, 0x00, 0x6F, 0xF8, 0x00, 0x00, 0x00, 0xAF, 0xF4, 0x00, 0x00, 0x00, 0xEF, 0xE0, 0x00, 0x00, 0x03, 0xFF, 0xB0, 0x00,
    0x00, 0x07, 0xFF, 0x70, 0x00, 0x00, 0x0B, 0xFF, 0x30, 0x00, 0x00, 0x1F, 0xFE, 0x00, 0x00, 0x00, 0x4F, 0xFA, 0x00, 0x00,
    0x00, 0x8F, 0xF6, 0x00, 0x00, 0x00, 0xCF, 0xF2, 0x00, 0x00, 0x00, 0x2A, 0xEE, 0xC5, 0x00, 0x02, 0xEF, 0xFF, 0xFF, 0x70,
    0x0A, 0xFF, 0xB9, 0xFF, 0xE1, 0x0E, 0xFE, 0x10, 0x9F, 0xF5, 0x1F, 0xFB, 0x00, 0x4F, 0xF7, 0x0F, 0xFB, 0x00, 0x5F, 0xF6,
    0x0D, 0xFE, 0x10, 0x9F, 0xF3, 0x06, 0xFF, 0xB9, 0xFF, 0xB0, 0x00, 0xAF, 0xFF, 0xFE, 0x10, 0x02, 0xEF, 0xFF, 0xFF, 0x90,
    0x0A, 0xFF, 0x41, 0xCF, 0xF2, 0x0E, 0xFC, 0x00, 0x6F, 0xF5, 0x1F, 0xFA, 0x00, 0x4F, 0xF7, 0x1F, 0xFB, 0x00, 0x5F, 0xF7,
    0x0E, 0xFE, 0x00, 0x8F, 0xF4, 0x09, 0xFF, 0xB9, 0xFF, 0xD0, 0x01, 0xDF, 0xFF, 0xFF, 0x50, 0x00, 0x29, 0xEE, 0xB4, 0x00,
    0x00, 0x6C, 0xFE, 0xA3, 0x00, 0x08, 0xFF, 0xFF, 0xFE, 0x20, 0x2F, 0xFF, 0x9B, 0xFF, 0xA0, 0x5F, 0xF9, 0x00, 0xDF, 0xE0,
    0x6F, 0xF6, 0x00, 0xAF, 0xF2, 0x7F, 0xF5, 0x00, 0x9F, 0xF3, 0x6F, 0xF6, 0x00, 0xAF, 0xF3, 0x5F, 0xF7, 0x00, 0xBF, 0xF3,
    0x2F, 0xFD, 0x23, 0xEF, 0xF3, 0x0B, 0xFF, 0xFF, 0xFF, 0xF3, 0x02, 0xDF, 0xFF, 0xEF, 0xF3, 0x00, 0x15, 0x74, 0x9F, 0xF3,
    0x14, 0x42, 0x00, 0x9F, 0xF3, 0x3F, 0xF8, 0x00, 0x9F, 0xF3, 0x2F, 0xFC, 0x00, 0xCF, 0xF2, 0x0D, 0xFF, 0xBB, 0xFF, 0xD0,
    0x05, 0xFF, 0xFF, 0xFF, 0x40, 0x00, 0x4C, 0xFE, 0xB4, 0x00, 0x02, 0xDD, 0x30, 0x08, 0xFF, 0xA0, 0x08, 0xFF, 0xA0, 0x02,
    0xDD, 0x30, 0x00, 0x00, 0x00, 0x00, 0x00, 0x00, 0x00, 0x00, 0x00, 0x00, 0x00, 0x00, 0x02, 0xDD, 0x30, 0x08, 0xFF, 0xA0,
    0x08, 0xFF, 0xA0, 0x02, 0xDD, 0x30, 0x00, 0x00, 0x00, 0x07, 0xEA, 0x01, 0xFF, 0xF4, 0x1F, 0xFF, 0x40, 0x7E, 0xA0, 0x00,
    0x00, 0x00, 0x00, 0x00, 0x00, 0x00, 0x00, 0x00, 0x00, 0x09, 0xFC, 0x00, 0xAF, 0xA0, 0x0C, 0xF7, 0x00, 0xDF, 0x40, 0x0E,
    0xF1, 0x00, 0xFD, 0x00, 0x00, 0x00, 0x00, 0x00, 0x02, 0x00, 0x00, 0x00, 0x00, 0x4B, 0xE0, 0x00, 0x00, 0x04, 0xCF, 0xFE,
    0x00, 0x00, 0x5C, 0xFF, 0xFD, 0x60, 0x06, 0xDF, 0xFF, 0xC5, 0x00, 0x05, 0xFF, 0xFA, 0x30, 0x00, 0x00, 0x5F, 0xFC, 0x50,
    0x00, 0x00, 0x02, 0xCF, 0xFF, 0xD6, 0x10, 0x00, 0x00, 0x4B, 0xFF, 0xFE, 0x82, 0x00, 0x00, 0x03, 0xAF, 0xFF, 0xD0, 0x00,
    0x00, 0x00, 0x29, 0xFE, 0x00, 0x00, 0x00, 0x00, 0x02, 0x70, 0x00, 0x00, 0x00, 0x00, 0x00, 0x00, 0x02, 0x22, 0x22, 0x22,
    0x21, 0x05, 0xFF, 0xFF, 0xFF, 0xFF, 0xE0, 0x5F, 0xFF, 0xFF, 0xFF, 0xFD, 0x00, 0x00, 0x00, 0x00, 0x00, 0x00, 0x00, 0x00,
    0x00, 0x00, 0x00, 0x00, 0x22, 0x22, 0x22, 0x22, 0x10, 0x5F, 0xFF, 0xFF, 0xFF, 0xFE, 0x05, 0xFF, 0xFF, 0xFF, 0xFF, 0xD0,
    0x00, 0x00, 0x00, 0x00, 0x00, 0x00, 0x00, 0x00, 0x00, 0x00, 0x00, 0x00, 0x00, 0x00, 0x00, 0x00, 0x00, 0x00, 0x00, 0x00,
    0x00, 0x00, 0x11, 0x00, 0x00, 0x00, 0x00, 0x05, 0xE8, 0x10, 0x00, 0x00, 0x00, 0x5F, 0xFE, 0x82, 0x00, 0x00, 0x02, 0xAF,
    0xFF, 0xF9, 0x20, 0x00, 0x00, 0x28, 0xEF, 0xFF, 0xA3, 0x00, 0x00, 0x01, 0x6D, 0xFF, 0xD0, 0x00, 0x00, 0x01, 0x8F, 0xFE,
    0x00, 0x00, 0x39, 0xFF, 0xFF, 0x80, 0x04, 0xBF, 0xFF, 0xE8, 0x10, 0x05, 0xFF, 0xFE, 0x71, 0x00, 0x00, 0x5F, 0xD6, 0x00,
    0x00, 0x00, 0x03, 0x50, 0x00, 0x00, 0x00, 0x00, 0x00, 0x00, 0x00, 0x00, 0x00, 0x00, 0x00, 0x4B, 0xEE, 0xC4, 0x00, 0x05,
    0xFF, 0xFF, 0xFF, 0x60, 0x1E, 0xFF, 0x9A, 0xFF, 0xE1, 0x5F, 0xF8, 0x00, 0xAF, 0xF4, 0x7F, 0xF5, 0x00, 0x7F, 0xF6, 0x37,
    0x72, 0x00, 0x9F, 0xF5, 0x00, 0x00, 0x03, 0xEF, 0xF1, 0x00, 0x00, 0x2E, 0xFF, 0x80, 0x00, 0x01, 0xDF, 0xFA, 0x00, 0x00,
    0x08, 0xFF, 0xA0, 0x00, 0x00, 0x0B, 0xFF, 0x20, 0x00, 0x00, 0x0B, 0xFF, 0x00, 0x00, 0x00, 0x01, 0x22, 0x00, 0x00, 0x00,
    0x00, 0x00, 0x00, 0x00, 0x00, 0x07, 0xEA, 0x00, 0x00, 0x00, 0x0E, 0xFF, 0x40, 0x00, 0x00, 0x0E, 0xFF, 0x40, 0x00, 0x00,
    0x07, 0xEA, 0x00, 0x00, 0x00, 0x00, 0x00, 0x28, 0xCE, 0xED, 0x93, 0x00, 0x00, 0x00, 0x00, 0x08, 0xFF, 0xFE, 0xEF, 0xFF,
    0x90, 0x00, 0x00, 0x01, 0xCF, 0xD7, 0x10, 0x02, 0x7F, 0xFA, 0x00, 0x00, 0x0A, 0xFB, 0x10, 0x00, 0x00, 0x03, 0xEF, 0x50,
    0x00, 0x6F, 0xD1, 0x07, 0xC9, 0xAD, 0x20, 0x7F, 0xC0, 0x00, 0xEF, 0x30, 0x7F, 0xFF, 0xFF, 0x10, 0x1F, 0xF2, 0x06, 0xFA,
    0x00, 0xCF, 0x53, 0xFE, 0x00, 0x0C, 0xF3, 0x0A, 0xF4, 0x01, 0xFD, 0x01, 0xFD, 0x00, 0x0B, 0xF5, 0x0D, 0xF1, 0x02, 0xFB,
    0x02, 0xFB, 0x00, 0x0C, 0xF4, 0x0F, 0xE0, 0x04, 0xFA, 0x04, 0xF9, 0x00, 0x0E, 0xF1, 0x1F, 0xD0, 0x06, 0xF8, 0x06, 0xFA,
    0x00, 0x5F, 0xC0, 0x0F, 0xF0, 0x05, 0xFA, 0x1C, 0xFE, 0x23, 0xDF, 0x60, 0x0D, 0xF3, 0x01, 0xEF, 0xFF, 0xFF, 0xFF, 0xFA,
    0x00, 0x09, 0xFA, 0x00, 0x3B, 0xC7, 0x19, 0xCC, 0x60, 0x00, 0x03, 0xFF, 0x50, 0x00, 0x00, 0x00, 0x00, 0x00, 0x00, 0x00,
    0x8F, 0xF9, 0x20, 0x01, 0x7A, 0x00, 0x00, 0x00, 0x00, 0x08, 0xFF, 0xFE, 0xEF, 0xFE, 0x20, 0x00, 0x00, 0x00, 0x00, 0x3A,
    0xDF, 0xEC, 0x71, 0x00, 0x00, 0x00, 0x00, 0x02, 0xFF, 0xF1, 0x00, 0x00, 0x00, 0x5F, 0xFF, 0x50, 0x00, 0x00, 0x08, 0xFF,
    0xF8, 0x00, 0x00, 0x00, 0xCF, 0xFF, 0xB0, 0x00, 0x00, 0x0E, 0xFD, 0xFE, 0x00, 0x00, 0x03, 0xFF, 0x7F, 0xF2, 0x00, 0x00,
    0x6F, 0xF3, 0xFF, 0x50, 0x00, 0x09, 0xFD, 0x0F, 0xF8, 0x00, 0x00, 0xCF, 0xA0, 0xCF, 0xB0, 0x00, 0x0F, 0xF8, 0x0A, 0xFE,
    0x00, 0x03, 0xFF, 0x50, 0x7F, 0xF2, 0x00, 0x6F, 0xF2, 0x04, 0xFF, 0x50, 0x09, 0xFF, 0x54, 0x6F, 0xF8, 0x00, 0xCF, 0xFF,
    0xFF, 0xFF, 0xB0, 0x0F, 0xFF, 0xFF, 0xFF, 0xFE, 0x03, 0xFF, 0x70, 0x00, 0x9F, 0xF2, 0x6F, 0xF5, 0x00, 0x06, 0xFF, 0x59,
    0xFF, 0x20, 0x00, 0x3F, 0xF8, 0x0A, 0xFF, 0xFF, 0xD9, 0x20, 0x00, 0xBF, 0xFF, 0xFF, 0xFE, 0x30, 0x0B, 0xFF, 0x88, 0xCF,
    0xFC, 0x00, 0xBF, 0xF1, 0x00, 0xDF, 0xF1, 0x0B, 0xFF, 0x10, 0x08, 0xFF, 0x30, 0xBF, 0xF1, 0x00, 0x8F, 0xF3, 0x0B, 0xFF,
    0x10, 0x0D, 0xFF, 0x10, 0xBF, 0xF8, 0x8C, 0xFF, 0x90, 0x0B, 0xFF, 0xFF, 0xFF, 0xB0, 0x00, 0xBF, 0xFF, 0xFF, 0xFE, 0x30,
    0x0B, 0xFF, 0x10, 0x4E, 0xFD, 0x00, 0xBF, 0xF1, 0x00, 0x9F, 0xF3, 0x0B, 0xFF, 0x10, 0x06, 0xFF, 0x60, 0xBF, 0xF1, 0x00,
    0x6F, 0xF6, 0x0B, 0xFF, 0x10, 0x0B, 0xFF, 0x40, 0xBF, 0xF8, 0x8C, 0xFF, 0xE1, 0x0B, 0xFF, 0xFF, 0xFF, 0xF5, 0x00, 0xAF,
    0xFF, 0xFE, 0xB4, 0x00, 0x00, 0x19, 0xDF, 0xD9, 0x10, 0x00, 0x1D, 0xFF, 0xFF, 0xFD, 0x20, 0x08, 0xFF, 0xC8, 0xCF, 0xFA,
    0x00, 0xDF, 0xE1, 0x01, 0xEF, 0xE0, 0x0F, 0xFC, 0x00, 0x0B, 0xFF, 0x10, 0xFF, 0xC0, 0x00, 0x45, 0x50, 0x0F, 0xFC, 0x00,
    0x00, 0x00, 0x00, 0xFF, 0xC0, 0x00, 0x00, 0x00, 0x0F, 0xFC, 0x00, 0x00, 0x00, 0x00, 0xFF, 0xC0, 0x00, 0x00, 0x00, 0x0F,
    0xFC, 0x00, 0x00, 0x00, 0x00, 0xFF, 0xC0, 0x00, 0x00, 0x00, 0x0F, 0xFC, 0x00, 0x03, 0x55, 0x00, 0xFF, 0xC0, 0x00, 0xBF,
    0xF1, 0x0D, 0xFE, 0x10, 0x1E, 0xFE, 0x00, 0x8F, 0xFC, 0x8C, 0xFF, 0x90, 0x01, 0xDF, 0xFF, 0xFF, 0xD1, 0x00, 0x01, 0x9D,
    0xFD, 0x91, 0x00, 0x0A, 0xFF, 0xFF, 0xEA, 0x20, 0x00, 0xBF, 0xFF, 0xFF, 0xFE, 0x20, 0x0B, 0xFF, 0x88, 0xCF, 0xFB, 0x00,
    0xBF, 0xF1, 0x01, 0xDF, 0xF1, 0x0B, 0xFF, 0x10, 0x09, 0xFF, 0x30, 0xBF, 0xF1, 0x00, 0x8F, 0xF3, 0x0B, 0xFF, 0x10, 0x08,
    0xFF, 0x30, 0xBF, 0xF1, 0x00, 0x8F, 0xF3, 0x0B, 0xFF, 0x10, 0x08, 0xFF, 0x30, 0xBF, 0xF1, 0x00, 0x8F, 0xF3, 0x0B, 0xFF,
    0x10, 0x08, 0xFF, 0x30, 0xBF, 0xF1, 0x00, 0x8F, 0xF3, 0x0B, 0xFF, 0x10, 0x08, 0xFF, 0x30, 0xBF, 0xF1, 0x00, 0xAF, 0xF3,
    0x0B, 0xFF, 0x10, 0x1E, 0xFF, 0x10, 0xBF, 0xF8, 0x8C, 0xFF, 0xB0, 0x0B, 0xFF, 0xFF, 0xFF, 0xE2, 0x00, 0xAF, 0xFF, 0xFE,
    0xA2, 0x00, 0x0A, 0xFF, 0xFF, 0xFF, 0xFA, 0x0B, 0xFF, 0xFF, 0xFF, 0xFA, 0x0B, 0xFF, 0x88, 0x88, 0x85, 0x0B, 0xFF, 0x10,
    0x00, 0x00, 0x0B, 0xFF, 0x10, 0x00, 0x00, 0x0B, 0xFF, 0x10, 0x00, 0x00, 0x0B, 0xFF, 0x10, 0x00, 0x00, 0x0B, 0xFF, 0x10,
    0x00, 0x00, 0x0B, 0xFF, 0xFF, 0xF8, 0x00, 0x0B, 0xFF, 0xFF, 0xF8, 0x00, 0x0B, 0xFF, 0x88, 0x84, 0x00, 0x0B, 0xFF, 0x10,
    0x00, 0x00, 0x0B, 0xFF, 0x10, 0x00, 0x00, 0x0B, 0xFF, 0x10, 0x00, 0x00, 0x0B, 0xFF, 0x10, 0x00, 0x00, 0x0B, 0xFF, 0x88,
    0x88, 0x85, 0x0B, 0xFF, 0xFF, 0xFF, 0xFA, 0x0A, 0xFF, 0xFF, 0xFF, 0xFA, 0x0A, 0xFF, 0xFF, 0xFF, 0xF9, 0x0B, 0xFF, 0xFF,
    0xFF, 0xFA, 0x0B, 0xFF, 0x88, 0x88, 0x84, 0x0B, 0xFF, 0x10, 0x00, 0x00, 0x0B, 0xFF, 0x10, 0x00, 0x00, 0x0B, 0xFF, 0x10,
    0x00, 0x00, 0x0B, 0xFF, 0x10, 0x00, 0x00, 0x0B, 0xFF, 0x10, 0x00, 0x00, 0x0B, 0xFF, 0xFF, 0xF8, 0x00, 0x0B, 0xFF, 0xFF,
    0xF8, 0x00, 0x0B, 0xFF, 0x88, 0x84, 0x00, 0x0B, 0xFF, 0x10, 0x00, 0x00, 0x0B, 0xFF, 0x10, 0x00, 0x00, 0x0B, 0xFF, 0x10,
    0x00, 0x00, 0x0B, 0xFF, 0x10, 0x00, 0x00, 0x0B, 0xFF, 0x10, 0x00, 0x00, 0x0B, 0xFF, 0x10, 0x00, 0x00, 0x0A, 0xFF, 0x10,
    0x00, 0x00, 0x00, 0x19, 0xDF, 0xD9, 0x10, 0x00, 0x1D, 0xFF, 0xFF, 0xFD, 0x20, 0x09, 0xFF, 0xD8, 0xCF, 0xFA, 0x00, 0xDF,
    0xE1, 0x01, 0xEF, 0xE0, 0x0F, 0xFC, 0x00, 0x0B, 0xFF, 0x10, 0xFF, 0xC0, 0x00, 0x9D, 0xD1, 0x0F, 0xFC, 0x00, 0x00, 0x00,
    0x00, 0xFF, 0xC0, 0x00, 0x00, 0x00, 0x0F, 0xFC, 0x04, 0x88, 0x87, 0x00, 0xFF, 0xC0, 0x9F, 0xFF, 0xF1, 0x0F, 0xFC, 0x08,
    0xFF, 0xFF, 0x10, 0xFF, 0xC0, 0x00, 0xBF, 0xF1, 0x0F, 0xFC, 0x00, 0x0B, 0xFF, 0x10, 0xFF, 0xC0, 0x00, 0xBF, 0xF1, 0x0D,
    0xFE, 0x10, 0x1E, 0xFE, 0x00, 0x9F, 0xFD, 0x8C, 0xFF, 0xA0, 0x01, 0xDF, 0xFF, 0xFF, 0xE2, 0x00, 0x01, 0x9D, 0xFE, 0x92,
    0x00, 0x0A, 0xFF, 0x10, 0x09, 0xFF, 0x20, 0xBF, 0xF1, 0x00, 0x9F, 0xF2, 0x0B, 0xFF, 0x10, 0x09, 0xFF, 0x20, 0xBF, 0xF1,
    0x00, 0x9F, 0xF2, 0x0B, 0xFF, 0x10, 0x09, 0xFF, 0x20, 0xBF, 0xF1, 0x00, 0x9F, 0xF2, 0x0B, 0xFF, 0x10, 0x09, 0xFF, 0x20,
    0xBF, 0xF1, 0x00, 0xAF, 0xF2, 0x0B, 0xFF, 0xFF, 0xFF, 0xFF, 0x20, 0xBF, 0xFF, 0xFF, 0xFF, 0xF2, 0x0B, 0xFF, 0x88, 0x8C,
    0xFF, 0x20, 0xBF, 0xF1, 0x00, 0x9F, 0xF2, 0x0B, 0xFF, 0x10, 0x09, 0xFF, 0x20, 0xBF, 0xF1, 0x00, 0x9F, 0xF2, 0x0B, 0xFF,
    0x10, 0x09, 0xFF, 0x20, 0xBF, 0xF1, 0x00, 0x9F, 0xF2, 0x0B, 0xFF, 0x10, 0x09, 0xFF, 0x20, 0xAF, 0xF1, 0x00, 0x9F, 0xF2,
    0x0A, 0xFF, 0x10, 0xBF, 0xF1, 0x0B, 0xFF, 0x10, 0xBF, 0xF1, 0x0B, 0xFF, 0x10, 0xBF, 0xF1, 0x0B, 0xFF, 0x10, 0xBF, 0xF1,
    0x0B, 0xFF, 0x10, 0xBF, 0xF1, 0x0B, 0xFF, 0x10, 0xBF, 0xF1, 0x0B, 0xFF, 0x10, 0xBF, 0xF1, 0x0B, 0xFF, 0x10, 0xBF, 0xF1,
    0x0B, 0xFF, 0x10, 0xAF, 0xF1, 0x00, 0x00, 0x00, 0x7F, 0xF4, 0x00, 0x00, 0x00, 0x07, 0xFF, 0x50, 0x00, 0x00, 0x00, 0x7F,
    0xF5, 0x00, 0x00, 0x00, 0x07, 0xFF, 0x50, 0x00, 0x00, 0x00, 0x7F, 0xF5, 0x00, 0x00, 0x00, 0x07, 0xFF, 0x50, 0x00, 0x00,
    0x00, 0x7F, 0xF5, 0x00, 0x00, 0x00, 0x07, 0xFF, 0x50, 0x00, 0x00, 0x00, 0x7F, 0xF5, 0x00, 0x00, 0x00, 0x07, 0xFF, 0x50,
    0x00, 0x00, 0x00, 0x7F, 0xF5, 0x06, 0xBB, 0x20, 0x07, 0xFF, 0x50, 0x9F, 0xF3, 0x00, 0x7F, 0xF5, 0x09, 0xFF, 0x30, 0x07,
    0xFF, 0x40, 0x7F, 0xF6, 0x00, 0xBF, 0xF3, 0x03, 0xFF, 0xE8, 0xAF, 0xFD, 0x00, 0x09, 0xFF, 0xFF, 0xFF, 0x40, 0x00, 0x06,
    0xCF, 0xEB, 0x30, 0x00, 0x0A, 0xFF, 0x10, 0x04, 0xFF, 0xA0, 0x0B, 0xFF, 0x10, 0x0C, 0xFF, 0x30, 0x0B, 0xFF, 0x10, 0x4F,
    0xFB, 0x00, 0x0B, 0xFF, 0x10, 0xCF, 0xF3, 0x00, 0x0B, 0xFF, 0x14, 0xFF, 0xB0, 0x00, 0x0B, 0xFF, 0x1B, 0xFF, 0x30, 0x00,
    0x0B, 0xFF, 0x5F, 0xFB, 0x00, 0x00, 0x0B, 0xFF, 0xDF, 0xF4, 0x00, 0x00, 0x0B, 0xFF, 0xFF, 0xF6, 0x00, 0x00, 0x0B, 0xFF,
    0xFF, 0xFC, 0x00, 0x00, 0x0B, 0xFF, 0xEC, 0xFF, 0x30, 0x00, 0x0B, 0xFF, 0x75, 0xFF, 0x90, 0x00, 0x0B, 0xFF, 0x10, 0xEF,
    0xE1, 0x00, 0x0B, 0xFF, 0x10, 0x8F, 0xF6, 0x00, 0x0B, 0xFF, 0x10, 0x3F, 0xFC, 0x00, 0x0B, 0xFF, 0x10, 0x0C, 0xFF, 0x20,
    0x0B, 0xFF, 0x10, 0x06, 0xFF, 0x80, 0x0A, 0xFF, 0x10, 0x01, 0xEF, 0xE0, 0x0A, 0xFF, 0x10, 0x00, 0x00, 0x0B, 0xFF, 0x10,
    0x00, 0x00, 0x0B, 0xFF, 0x10, 0x00, 0x00, 0x0B, 0xFF, 0x10, 0x00, 0x00, 0x0B, 0xFF, 0x10, 0x00, 0x00, 0x0B, 0xFF, 0x10,
    0x00, 0x00, 0x0B, 0xFF, 0x10, 0x00, 0x00, 0x0B, 0xFF, 0x10, 0x00, 0x00, 0x0B, 0xFF, 0x10, 0x00, 0x00, 0x0B, 0xFF, 0x10,
    0x00, 0x00, 0x0B, 0xFF, 0x10, 0x00, 0x00, 0x0B, 0xFF, 0x10, 0x00, 0x00, 0x0B, 0xFF, 0x10, 0x00, 0x00, 0x0B, 0xFF, 0x10,
    0x00, 0x00, 0x0B, 0xFF, 0x10, 0x00, 0x00, 0x0B, 0xFF, 0x88, 0x88, 0x85, 0x0B, 0xFF, 0xFF, 0xFF, 0xFA, 0x0A, 0xFF, 0xFF,
    0xFF, 0xFA, 0x0B, 0xFF, 0x30, 0x00, 0x4F, 0xFA, 0x00, 0xCF, 0xFB, 0x00, 0x0C, 0xFF, 0xA0, 0x0C, 0xFF, 0xF4, 0x05, 0xFF,
    0xFA, 0x00, 0xCF, 0xFF, 0xB0, 0xCF, 0xFF, 0xA0, 0x0C, 0xFF, 0xFF, 0x9F, 0xFF, 0xFA, 0x00, 0xCF, 0xFE, 0xFF, 0xFE, 0xFF,
    0xA0, 0x0C, 0xFF, 0x7F, 0xFF, 0x6F, 0xFA, 0x00, 0xCF, 0xF1, 0xDF, 0xC1, 0xFF, 0xA0, 0x0C, 0xFF, 0x06, 0xF4, 0x1F, 0xFA,
    0x00, 0xCF, 0xF0, 0x09, 0x01, 0xFF, 0xA0, 0x0C, 0xFF, 0x00, 0x00, 0x1F, 0xFA, 0x00, 0xCF, 0xF0, 0x00, 0x01, 0xFF, 0xA0,
    0x0C, 0xFF, 0x00, 0x00, 0x1F, 0xFA, 0x00, 0xCF, 0xF0, 0x00, 0x01, 0xFF, 0xA0, 0x0C, 0xFF, 0x00, 0x00, 0x1F, 0xFA, 0x00,
    0xCF, 0xF0, 0x00, 0x01, 0xFF, 0xA0, 0x0C, 0xFF, 0x00, 0x00, 0x1F, 0xFA, 0x00, 0xBF, 0xF0, 0x00, 0x01, 0xFF, 0xA0, 0x0A,
    0xFF, 0x70, 0x00, 0xDF, 0xD0, 0x0B, 0xFF, 0xC0, 0x00, 0xDF, 0xD0, 0x0B, 0xFF, 0xF2, 0x00, 0xDF, 0xD0, 0x0B, 0xFF, 0xF7,
    0x00, 0xDF, 0xD0, 0x0B, 0xFF, 0xFC, 0x00, 0xDF, 0xD0, 0x0B, 0xFF, 0xFF, 0x20, 0xDF, 0xD0, 0x0B, 0xFF, 0xFF, 0x60, 0xDF,
    0xD0, 0x0B, 0xFF, 0xAF, 0xB0, 0xDF, 0xD0, 0x0B, 0xFF, 0x5F, 0xF1, 0xDF, 0xD0, 0x0B, 0xFF, 0x1E, 0xF6, 0xDF, 0xD0, 0x0B,
    0xFF, 0x1A, 0xFB, 0xDF, 0xD0, 0x0B, 0xFF, 0x15, 0xFF, 0xFF, 0xD0, 0x0B, 0xFF, 0x11, 0xEF, 0xFF, 0xD0, 0x0B, 0xFF, 0x10,
    0xAF, 0xFF, 0xD0, 0x0B, 0xFF, 0x10, 0x5F, 0xFF, 0xD0, 0x0B, 0xFF, 0x10, 0x1E, 0xFF, 0xD0, 0x0B, 0xFF, 0x10, 0x0A, 0xFF,
    0xD0, 0x0A, 0xFF, 0x10, 0x05, 0xFF, 0xD0, 0x00, 0x18, 0xDF, 0xE9, 0x20, 0x00, 0x1C, 0xFF, 0xFF, 0xFE, 0x20, 0x08, 0xFF,
    0xD8, 0xCF, 0xFB, 0x00, 0xDF, 0xF2, 0x00, 0xDF, 0xF1, 0x0E, 0xFC, 0x00, 0x09, 0xFF, 0x30, 0xFF, 0xC0, 0x00, 0x9F, 0xF3,
    0x0F, 0xFC, 0x00, 0x09, 0xFF, 0x30, 0xFF, 0xC0, 0x00, 0x9F, 0xF3, 0x0F, 0xFC, 0x00, 0x09, 0xFF, 0x30, 0xFF, 0xC0, 0x00,
    0x9F, 0xF3, 0x0F, 0xFC, 0x00, 0x09, 0xFF, 0x30, 0xFF, 0xC0, 0x00, 0x9F, 0xF3, 0x0F, 0xFC, 0x00, 0x09, 0xFF, 0x30, 0xEF,
    0xC0, 0x00, 0x9F, 0xF3, 0x0D, 0xFF, 0x20, 0x0D, 0xFF, 0x10, 0x8F, 0xFD, 0x8C, 0xFF, 0xB0, 0x01, 0xCF, 0xFF, 0xFF, 0xE2,
    0x00, 0x01, 0x8D, 0xFE, 0x92, 0x00, 0x0B, 0xFF, 0xFF, 0xEB, 0x30, 0x00, 0xBF, 0xFF, 0xFF, 0xFE, 0x30, 0x0B, 0xFF, 0x88,
    0xCF, 0xFB, 0x00, 0xBF, 0xF1, 0x00, 0xDF, 0xF2, 0x0B, 0xFF, 0x10, 0x08, 0xFF, 0x40, 0xBF, 0xF1, 0x00, 0x7F, 0xF5, 0x0B,
    0xFF, 0x10, 0x09, 0xFF, 0x40, 0xBF, 0xF1, 0x05, 0xFF, 0xF1, 0x0B, 0xFF, 0xFF, 0xFF, 0xF9, 0x00, 0xBF, 0xFF, 0xFF, 0xFB,
    0x10, 0x0B, 0xFF, 0x88, 0x74, 0x00, 0x00, 0xBF, 0xF1, 0x00, 0x00, 0x00, 0x0B, 0xFF, 0x10, 0x00, 0x00, 0x00, 0xBF, 0xF1,
    0x00, 0x00, 0x00, 0x0B, 0xFF, 0x10, 0x00, 0x00, 0x00, 0xBF, 0xF1, 0x00, 0x00, 0x00, 0x0B, 0xFF, 0x10, 0x00, 0x00, 0x00,
    0xBF, 0xF1, 0x00, 0x00, 0x00, 0x00, 0x19, 0xDF, 0xD8, 0x10, 0x00, 0x1C, 0xFF, 0xFF, 0xFC, 0x00, 0x08, 0xFF, 0xD8, 0xDF,
    0xF6, 0x00, 0xDF, 0xE1, 0x02, 0xFF, 0xB0, 0x0E, 0xFC, 0x00, 0x0D, 0xFD, 0x00, 0xFF, 0xC0, 0x00, 0xDF, 0xE0, 0x0F, 0xFC,
    0x00, 0x0D, 0xFE, 0x00, 0xFF, 0xC0, 0x00, 0xDF, 0xE0, 0x0F, 0xFC, 0x00, 0x0D, 0xFE, 0x00, 0xFF, 0xC0, 0x00, 0xDF, 0xE0,
    0x0F, 0xFC, 0x00, 0x0D, 0xFE, 0x00, 0xFF, 0xC0, 0x00, 0xDF, 0xE0, 0x0F, 0xFC, 0x00, 0x0D, 0xFE, 0x00, 0xEF, 0xD0, 0x00,
    0xEF, 0xC0, 0x0B, 0xFF, 0x61, 0x7F, 0xF9, 0x00, 0x4F, 0xFF, 0xFF, 0xFF, 0x30, 0x00, 0x7F, 0xFF, 0xFF, 0x60, 0x00, 0x00,
    0x2F, 0xFE, 0x20, 0x00, 0x00, 0x00, 0xEF, 0xD0, 0x00, 0x00, 0x00, 0x0E, 0xFC, 0x00, 0x00, 0x0A, 0xFF, 0xFF, 0xEB, 0x30,
    0x00, 0xBF, 0xFF, 0xFF, 0xFE, 0x30, 0x0B, 0xFF, 0x88, 0xCF, 0xFC, 0x00, 0xBF, 0xF1, 0x00, 0xCF, 0xF2, 0x0B, 0xFF, 0x10,
    0x07, 0xFF, 0x50, 0xBF, 0xF1, 0x00, 0x6F, 0xF5, 0x0B, 0xFF, 0x10, 0x09, 0xFF, 0x40, 0xBF, 0xF1, 0x04, 0xFF, 0xF1, 0x0B,
    0xFF, 0xFF, 0xFF, 0xF9, 0x00, 0xBF, 0xFF, 0xFF, 0xFB, 0x10, 0x0B, 0xFF, 0x8A, 0xFF, 0x40, 0x00, 0xBF, 0xF1, 0x2F, 0xF9,
    0x00, 0x0B, 0xFF, 0x10, 0xDF, 0xD0, 0x00, 0xBF, 0xF1, 0x09, 0xFF, 0x30, 0x0B, 0xFF, 0x10, 0x4F, 0xF8, 0x00, 0xBF, 0xF1,
    0x01, 0xFF, 0xC0, 0x0B, 0xFF, 0x10, 0x0B, 0xFF, 0x20, 0xAF, 0xF1, 0x00, 0x6F, 0xF6, 0x00, 0x3B, 0xEF, 0xC5, 0x00, 0x04,
    0xFF, 0xFF, 0xFF, 0x70, 0x0D, 0xFF, 0xB9, 0xFF, 0xF2, 0x2F, 0xFB, 0x00, 0x7F, 0xF7, 0x3F, 0xF8, 0x00, 0x3F, 0xF8, 0x2F,
    0xFB, 0x00, 0x1A, 0xA5, 0x0D, 0xFF, 0x60, 0x00, 0x00, 0x05, 0xFF, 0xF8, 0x00, 0x00, 0x00, 0x8F, 0xFF, 0xB1, 0x00, 0x00,
    0x07, 0xFF, 0xFD, 0x10, 0x00, 0x00, 0x4E, 0xFF, 0xC0, 0x00, 0x00, 0x02, 0xDF, 0xF5, 0x17, 0x74, 0x00, 0x4F, 0xF9, 0x3F,
    0xF9, 0x00, 0x1F, 0xFA, 0x1F, 0xFD, 0x00, 0x5F, 0xF8, 0x0C, 0xFF, 0xB9, 0xEF, 0xF4, 0x03, 0xEF, 0xFF, 0xFF, 0x90, 0x00,
    0x3A, 0xEF, 0xD6, 0x00, 0x5F, 0xFF, 0xFF, 0xFF, 0xFF, 0x35, 0xFF, 0xFF, 0xFF, 0xFF, 0xF3, 0x28, 0x88, 0xFF, 0xD8, 0x87,
    0x10, 0x00, 0x1F, 0xFB, 0x00, 0x00, 0x00, 0x01, 0xFF, 0xB0, 0x00, 0x00, 0x00, 0x1F, 0xFB, 0x00, 0x00, 0x00, 0x01, 0xFF,
    0xB0, 0x00, 0x00, 0x00, 0x1F, 0xFB, 0x00, 0x00, 0x00, 0x01, 0xFF, 0xB0, 0x00, 0x00, 0x00, 0x1F, 0xFB, 0x00, 0x00, 0x00,
    0x01, 0xFF, 0xB0, 0x00, 0x00, 0x00, 0x1F, 0xFB, 0x00, 0x00, 0x00, 0x01, 0xFF, 0xB0, 0x00, 0x00, 0x00, 0x1F, 0xFB, 0x00,
    0x00, 0x00, 0x01, 0xFF, 0xB0, 0x00, 0x00, 0x00, 0x1F, 0xFB, 0x00, 0x00, 0x00, 0x01, 0xFF, 0xB0, 0x00, 0x00, 0x00, 0x1F,
    0xFB, 0x00, 0x00, 0x0C, 0xFE, 0x00, 0x07, 0xFF, 0x40, 0xCF, 0xF0, 0x00, 0x8F, 0xF4, 0x0C, 0xFF, 0x00, 0x08, 0xFF, 0x40,
    0xCF, 0xF0, 0x00, 0x8F, 0xF4, 0x0C, 0xFF, 0x00, 0x08, 0xFF, 0x40, 0xCF, 0xF0, 0x00, 0x8F, 0xF4, 0x0C, 0xFF, 0x00, 0x08,
    0xFF, 0x40, 0xCF, 0xF0, 0x00, 0x8F, 0xF4, 0x0C, 0xFF, 0x00, 0x08, 0xFF, 0x40, 0xCF, 0xF0, 0x00, 0x8F, 0xF4, 0x0C, 0xFF,
    0x00, 0x08, 0xFF, 0x40, 0xCF, 0xF0, 0x00, 0x8F, 0xF4, 0x0C, 0xFF, 0x00, 0x08, 0xFF, 0x40, 0xBF, 0xF0, 0x00, 0x8F, 0xF3,
    0x09, 0xFF, 0x40, 0x0C, 0xFF, 0x10, 0x4F, 0xFE, 0x8B, 0xFF, 0xB0, 0x00, 0x9F, 0xFF, 0xFF, 0xE2, 0x00, 0x00, 0x6C, 0xFE,
    0xA2, 0x00, 0x4F, 0xFA, 0x00, 0x04, 0xFF, 0x81, 0xFF, 0xD0, 0x00, 0x7F, 0xF6, 0x0E, 0xFF, 0x00, 0x09, 0xFF, 0x30, 0xBF,
    0xF2, 0x00, 0xCF, 0xF0, 0x08, 0xFF, 0x50, 0x0E, 0xFC, 0x00, 0x5F, 0xF7, 0x01, 0xFF, 0x90, 0x02, 0xFF, 0xA0, 0x4F, 0xF6,
    0x00, 0x0E, 0xFC, 0x06, 0xFF, 0x30, 0x00, 0xBF, 0xE0, 0x8F, 0xF0, 0x00, 0x08, 0xFF, 0x2B, 0xFC, 0x00, 0x00, 0x5F, 0xF4,
    0xDF, 0x90, 0x00, 0x02, 0xFF, 0x7F, 0xF6, 0x00, 0x00, 0x0E, 0xFC, 0xFF, 0x30, 0x00, 0x00, 0xBF, 0xFF, 0xF0, 0x00, 0x00,
    0x08, 0xFF, 0xFC, 0x00, 0x00, 0x00, 0x5F, 0xFF, 0x90, 0x00, 0x00, 0x02, 0xFF, 0xF6, 0x00, 0x00, 0x00, 0x0E, 0xFF, 0x30,
    0x00, 0x6F, 0xF7, 0x00, 0x4F, 0xF5, 0x00, 0x6F, 0xF5, 0x3F, 0xF9, 0x00, 0x6F, 0xF7, 0x00, 0x9F, 0xF3, 0x1F, 0xFC, 0x00,
    0x8F, 0xFA, 0x00, 0xBF, 0xF1, 0x0D, 0xFE, 0x00, 0xAF, 0xFC, 0x00, 0xDF, 0xD0, 0x0A, 0xFF, 0x10, 0xCF, 0xFE, 0x00, 0xFF,
    0xA0, 0x07, 0xFF, 0x40, 0xEF, 0xFF, 0x12, 0xFF, 0x70, 0x04, 0xFF, 0x62, 0xFF, 0xFF, 0x44, 0xFF, 0x50, 0x02, 0xFF, 0x84,
    0xFE, 0xEF, 0x66, 0xFF, 0x20, 0x00, 0xEF, 0xB6, 0xFC, 0xBF, 0x88, 0xFE, 0x00, 0x00, 0xBF, 0xD8, 0xFA, 0x9F, 0xAA, 0xFC,
    0x00, 0x00, 0x8F, 0xFB, 0xF8, 0x7F, 0xDC, 0xF9, 0x00, 0x00, 0x6F, 0xFF, 0xF5, 0x4F, 0xFF, 0xF7, 0x00, 0x00, 0x3F, 0xFF,
    0xF3, 0x2F, 0xFF, 0xF4, 0x00, 0x00, 0x0F, 0xFF, 0xF1, 0x0E, 0xFF, 0xF1, 0x00, 0x00, 0x0C, 0xFF, 0xE0, 0x0C, 0xFF, 0xE0,
    0x00, 0x00, 0x0A, 0xFF, 0xC0, 0x0A, 0xFF, 0xB0, 0x00, 0x00, 0x07, 0xFF, 0x90, 0x07, 0xFF, 0x90, 0x00, 0x00, 0x04, 0xFF,
    0x70, 0x05, 0xFF, 0x60, 0x00, 0x2F, 0xF9, 0x00, 0x08, 0xFF, 0x30, 0xCF, 0xE0, 0x00, 0xDF, 0xD0, 0x07, 0xFF, 0x40, 0x3F,
    0xF7, 0x00, 0x1F, 0xFA, 0x09, 0xFF, 0x20, 0x00, 0xAF, 0xE1, 0xDF, 0xB0, 0x00, 0x05, 0xFF, 0x8F, 0xF5, 0x00, 0x00, 0x0E,
    0xFF, 0xFE, 0x00, 0x00, 0x00, 0x8F, 0xFF, 0x90, 0x00, 0x00, 0x02, 0xFF, 0xF3, 0x00, 0x00, 0x00, 0x2F, 0xFF, 0x20, 0x00,
    0x00, 0x07, 0xFF, 0xF8, 0x00, 0x00, 0x00, 0xDF, 0xFF, 0xD0, 0x00, 0x00, 0x4F, 0xFA, 0xFF, 0x40, 0x00, 0x0A, 0xFF, 0x1E,
    0xFA, 0x00, 0x01, 0xFF, 0xA0, 0x9F, 0xF1, 0x00, 0x6F, 0xF5, 0x04, 0xFF, 0x70, 0x0C, 0xFE, 0x10, 0x0E, 0xFD, 0x02, 0xFF,
    0x90, 0x00, 0x8F, 0xF3, 0x3F, 0xFA, 0x00, 0x0B, 0xFF, 0x20, 0xEF, 0xE0, 0x00, 0xEF, 0xD0, 0x09, 0xFF, 0x30, 0x4F, 0xF8,
    0x00, 0x4F, 0xF7, 0x08, 0xFF, 0x30, 0x00, 0xEF, 0xB0, 0xCF, 0xD0, 0x00, 0x09, 0xFF, 0x1F, 0xF8, 0x00, 0x00, 0x4F, 0xF9,
    0xFF, 0x30, 0x00, 0x00, 0xEF, 0xFF, 0xD0, 0x00, 0x00, 0x09, 0xFF, 0xF9, 0x00, 0x00, 0x00, 0x5F, 0xFF, 0x40, 0x00, 0x00,
    0x00, 0xEF, 0xE0, 0x00, 0x00, 0x00, 0x0E, 0xFD, 0x00, 0x00, 0x00, 0x00, 0xEF, 0xD0, 0x00, 0x00, 0x00, 0x0E, 0xFD, 0x00,
    0x00, 0x00, 0x00, 0xEF, 0xD0, 0x00, 0x00, 0x00, 0x0E, 0xFD, 0x00, 0x00, 0x00, 0x00, 0xEF, 0xD0, 0x00, 0x00, 0x00, 0x0E,
    0xFD, 0x00, 0x00, 0x6F, 0xFF, 0xFF, 0xFF, 0xF1, 0x6F, 0xFF, 0xFF, 0xFF, 0xF1, 0x38, 0x88, 0x88, 0xFF, 0xF0, 0x00, 0x00,
    0x05, 0xFF, 0x90, 0x00, 0x00, 0x0B, 0xFF, 0x30, 0x00, 0x00, 0x2F, 0xFC, 0x00, 0x00, 0x00, 0x9F, 0xF5, 0x00, 0x00, 0x01,
    0xEF, 0xE0, 0x00, 0x00, 0x07, 0xFF, 0x70, 0x00, 0x00, 0x0D, 0xFF, 0x10, 0x00, 0x00, 0x4F, 0xFA, 0x00, 0x00, 0x00, 0xBF,
    0xF3, 0x00, 0x00, 0x02, 0xFF, 0xC0, 0x00, 0x00, 0x08, 0xFF, 0x60, 0x00, 0x00, 0x1E, 0xFE, 0x00, 0x00, 0x00, 0x5F, 0xFC,
    0x88, 0x88, 0x70, 0x6F, 0xFF, 0xFF, 0xFF, 0xF1, 0x6F, 0xFF, 0xFF, 0xFF, 0xF1, 0x5F, 0xFF, 0xFA, 0x00, 0x5F, 0xFF, 0xFA,
    0x00, 0x5F, 0xFB, 0x85, 0x00, 0x5F, 0xF7, 0x00, 0x00, 0x5F, 0xF7, 0x00, 0x00, 0x5F, 0xF7, 0x00, 0x00, 0x5F, 0xF7, 0x00,
    0x00, 0x5F, 0xF7, 0x00, 0x00, 0x5F, 0xF7, 0x00, 0x00, 0x5F, 0xF7, 0x00, 0x00, 0x5F, 0xF7, 0x00, 0x00, 0x5F, 0xF7, 0x00,
    0x00, 0x5F, 0xF7, 0x00, 0x00, 0x5F, 0xF7, 0x00, 0x00, 0x5F, 0xF7, 0x00, 0x00, 0x5F, 0xF7, 0x00, 0x00, 0x5F, 0xF7, 0x00,
    0x00, 0x5F, 0xF7, 0x00, 0x00, 0x5F, 0xF7, 0x00, 0x00, 0x5F, 0xF7, 0x00, 0x00, 0x5F, 0xFB, 0x85, 0x00, 0x5F, 0xFF, 0xFA,
    0x00, 0x5F, 0xFF, 0xFA, 0x00, 0x0C, 0xFD, 0x00, 0x00, 0x00, 0x9F, 0xF3, 0x00, 0x00, 0x04, 0xFF, 0x70, 0x00, 0x00, 0x1F,
    0xFC, 0x00, 0x00, 0x00, 0xBF, 0xF1, 0x00, 0x00, 0x07, 0xFF, 0x50, 0x00, 0x00, 0x2F, 0xF9, 0x00, 0x00, 0x00, 0xDF, 0xE0,
    0x00, 0x00, 0x09, 0xFF, 0x30, 0x00, 0x00, 0x5F, 0xF7, 0x00, 0x00, 0x01, 0xFF, 0xB0, 0x00, 0x00, 0x0B, 0xFF, 0x10, 0x00,
    0x00, 0x7F, 0xF5, 0x00, 0x00, 0x03, 0xFF, 0x90, 0x00, 0x00, 0x0D, 0xFD, 0x00, 0x00, 0x00, 0x9F, 0xF3, 0x00, 0x00, 0x05,
    0xFF, 0x70, 0x00, 0x00, 0x1E, 0xFB, 0x00, 0xBF, 0xFF, 0xF3, 0x00, 0xCF, 0xFF, 0xF4, 0x00, 0x58, 0xCF, 0xF4, 0x00, 0x00,
    0x8F, 0xF4, 0x00, 0x00, 0x8F, 0xF4, 0x00, 0x00, 0x8F, 0xF4, 0x00, 0x00, 0x8F, 0xF4, 0x00, 0x00, 0x8F, 0xF4, 0x00, 0x00,
    0x8F, 0xF4, 0x00, 0x00, 0x8F, 0xF4, 0x00, 0x00, 0x8F, 0xF4, 0x00, 0x00, 0x8F, 0xF4, 0x00, 0x00, 0x8F, 0xF4, 0x00, 0x00,
    0x8F, 0xF4, 0x00, 0x00, 0x8F, 0xF4, 0x00, 0x00, 0x8F, 0xF4, 0x00, 0x00, 0x8F, 0xF4, 0x00, 0x00, 0x8F, 0xF4, 0x00, 0x00,
    0x8F, 0xF4, 0x00, 0x00, 0x8F, 0xF4, 0x00, 0x58, 0xCF, 0xF4, 0x00, 0xCF, 0xFF, 0xF4, 0x00, 0xBF, 0xFF, 0xF3, 0x00, 0x05,
    0xFF, 0x40, 0x00, 0x00, 0x0A, 0xFF, 0x90, 0x00, 0x00, 0x1E, 0xFF, 0xD0, 0x00, 0x00, 0x5F, 0xEE, 0xF3, 0x00, 0x00, 0xAF,
    0xAB, 0xF8, 0x00, 0x00, 0xEF, 0x56, 0xFD, 0x00, 0x04, 0xFF, 0x12, 0xFF, 0x30, 0x09, 0xFB, 0x00, 0xCF, 0x70, 0x0D, 0xF7,
    0x00, 0x8F, 0xC0, 0x3F, 0xF2, 0x00, 0x3F, 0xF1, 0x00, 0x00, 0x00, 0x00, 0x00, 0x00, 0x00, 0x00, 0x00, 0x00, 0x00, 0x00,
    0x00, 0x00, 0x00, 0x00, 0x00, 0x00, 0x00, 0x00, 0x00, 0x00, 0x00, 0x00, 0x00, 0x00, 0x00, 0x00, 0x00, 0x00, 0x00, 0x00,
    0x00, 0x00, 0x00, 0x00, 0x00, 0x00, 0x00, 0x00, 0x48, 0x88, 0x88, 0x88, 0x82, 0x9F, 0xFF, 0xFF, 0xFF, 0xF5, 0x9F, 0xFF,
    0xFF, 0xFF, 0xF4, 0x3F, 0xE2, 0x00, 0x8F, 0xA0, 0x00, 0xCF, 0x30, 0x00, 0x00, 0x00, 0x00, 0x00, 0x00, 0x00, 0x00, 0x00,
    0x00, 0x00, 0x00, 0x00, 0x00, 0x00, 0x00, 0x00, 0x00, 0x00, 0x00, 0x00, 0x00, 0x00, 0x00, 0x00, 0x00, 0x00, 0x00, 0x00,
    0x00, 0x00, 0x00, 0x00, 0x00, 0x00, 0x00, 0x29, 0xDF, 0xD7, 0x00, 0x02, 0xEF, 0xFF, 0xFF, 0x90, 0x0A, 0xFF, 0xC9, 0xEF,
    0xF3, 0x0C, 0xED, 0x10, 0x7F, 0xF7, 0x00, 0x00, 0x00, 0x4F, 0xF8, 0x00, 0x4B, 0xDF, 0xFF, 0xF8, 0x08, 0xFF, 0xFF, 0xFF,
    0xF8, 0x1F, 0xFF, 0xB8, 0xAF, 0xF8, 0x4F, 0xFB, 0x00, 0x4F, 0xF8, 0x4F, 0xF9, 0x00, 0x7F, 0xF8, 0x2F, 0xFF, 0x99, 0xFF,
    0xF8, 0x0C, 0xFF, 0xFF, 0xFF, 0xF8, 0x01, 0x9E, 0xEB, 0x6F, 0xF8, 0x0D, 0xFD, 0x00, 0x00, 0x00, 0x0D, 0xFD, 0x00, 0x00,
    0x00, 0x0D, 0xFD, 0x00, 0x00, 0x00, 0x0D, 0xFD, 0x00, 0x00, 0x00, 0x0D, 0xFD, 0x00, 0x00, 0x00, 0x0D, 0xFE, 0x6D, 0xFB,
    0x20, 0x0D, 0xFF, 0xFF, 0xFF, 0xD0, 0x0D, 0xFF, 0xC8, 0xEF, 0xF5, 0x0D, 0xFF, 0x10, 0x5F, 0xF8, 0x0D, 0xFD, 0x00, 0x3F,
    0xF9, 0x0D, 0xFD, 0x00, 0x3F, 0xF9, 0x0D, 0xFD, 0x00, 0x3F, 0xF9, 0x0D, 0xFD, 0x00, 0x3F, 0xF9, 0x0D, 0xFD, 0x00, 0x3F,
    0xF9, 0x0D, 0xFF, 0x10, 0x5F, 0xF8, 0x0D, 0xFF, 0xC8, 0xEF, 0xF5, 0x0D, 0xFF, 0xFF, 0xFF, 0xD0, 0x0D, 0xFD, 0x7D, 0xFB,
    0x30, 0x00, 0x4B, 0xEF, 0xC7, 0x00, 0x04, 0xFF, 0xFF, 0xFF, 0x90, 0x0C, 0xFF, 0xB8, 0xEF, 0xF3, 0x1F, 0xFD, 0x00, 0x7F,
    0xF6, 0x1F, 0xFB, 0x00, 0x27, 0x73, 0x1F, 0xFB, 0x00, 0x00, 0x00, 0x1F, 0xFB, 0x00, 0x00, 0x00, 0x1F, 0xFB, 0x00, 0x00,
    0x00, 0x1F, 0xFB, 0x00, 0x38, 0x83, 0x1F, 0xFD, 0x00, 0x7F, 0xF6, 0x0D, 0xFF, 0xB8, 0xEF, 0xF3, 0x04, 0xFF, 0xFF, 0xFF,
    0xA0, 0x00, 0x4B, 0xEF, 0xD7, 0x00, 0x00, 0x00, 0x00, 0x6F, 0xF5, 0x00, 0x00, 0x00, 0x6F, 0xF6, 0x00, 0x00, 0x00, 0x6F,
    0xF6, 0x00, 0x00, 0x00, 0x6F, 0xF6, 0x00, 0x00, 0x00, 0x6F, 0xF6, 0x00, 0x7D, 0xEB, 0x8F, 0xF6, 0x06, 0xFF, 0xFF, 0xFF,
    0xF6, 0x0D, 0xFF, 0xB9, 0xFF, 0xF6, 0x0F, 0xFC, 0x00, 0x8F, 0xF6, 0x1F, 0xFA, 0x00, 0x6F, 0xF6, 0x1F, 0xFA, 0x00, 0x6F,
    0xF6, 0x1F, 0xFA, 0x00, 0x6F, 0xF6, 0x1F, 0xFA, 0x00, 0x6F, 0xF6, 0x1F, 0xFA, 0x00, 0x6F, 0xF6, 0x0F, 0xFC, 0x00, 0x8F,
    0xF6, 0x0D, 0xFF, 0xB9, 0xFF, 0xF6, 0x06, 0xFF, 0xFF, 0xFF, 0xF6, 0x00, 0x8E, 0xEC, 0x9F, 0xF5, 0x00, 0x4B, 0xEF, 0xC7,
    0x00, 0x04, 0xFF, 0xFF, 0xFF, 0x90, 0x0C, 0xFF, 0xA8, 0xEF, 0xF2, 0x1F, 0xFC, 0x00, 0x7F, 0xF5, 0x1F, 0xFB, 0x00, 0x5F,
    0xF6, 0x1F, 0xFF, 0xFF, 0xFF, 0xF6, 0x1F, 0xFF, 0xFF, 0xFF, 0xF6, 0x1F, 0xFD, 0x88, 0x88, 0x83, 0x1F, 0xFB, 0x00, 0x00,
    0x00, 0x1F, 0xFD, 0x00, 0x7F, 0xF4, 0x0D, 0xFF, 0xB8, 0xEF, 0xF1, 0x05, 0xFF, 0xFF, 0xFF, 0x80, 0x00, 0x4B, 0xEE, 0xC6,
    0x00, 0x00, 0x18, 0xDF, 0x40, 0x0A, 0xFF, 0xF4, 0x01, 0xFF, 0xF9, 0x20, 0x4F, 0xF9, 0x00, 0x05, 0xFF, 0x70, 0x07, 0xFF,
    0xFF, 0xF5, 0x7F, 0xFF, 0xFF, 0x53, 0xAF, 0xFB, 0x82, 0x04, 0xFF, 0x70, 0x00, 0x4F, 0xF7, 0x00, 0x04, 0xFF, 0x70, 0x00,
    0x4F, 0xF7, 0x00, 0x04, 0xFF, 0x70, 0x00, 0x4F, 0xF7, 0x00, 0x04, 0xFF, 0x70, 0x00, 0x4F, 0xF7, 0x00, 0x04, 0xFF, 0x70,
    0x00, 0x4F, 0xF7, 0x00, 0x00, 0x8E, 0xEA, 0x7F, 0xF5, 0x07, 0xFF, 0xFF, 0xFF, 0xF6, 0x0D, 0xFF, 0xB9, 0xFF, 0xF6, 0x0F,
    0xFD, 0x00, 0x9F, 0xF6, 0x1F, 0xFB, 0x00, 0x6F, 0xF6, 0x1F, 0xFB, 0x00, 0x6F, 0xF6, 0x1F, 0xFB, 0x00, 0x6F, 0xF6, 0x1F,
    0xFB, 0x00, 0x6F, 0xF6, 0x1F, 0xFB, 0x00, 0x6F, 0xF6, 0x0F, 0xFD, 0x00, 0x9F, 0xF6, 0x0D, 0xFF, 0xB9, 0xFF, 0xF6, 0x07,
    0xFF, 0xFF, 0xFF, 0xF6, 0x00, 0x8E, 0xFA, 0x8F, 0xF6, 0x00, 0x00, 0x00, 0x8F, 0xF5, 0x00, 0x00, 0x01, 0xDF, 0xF2, 0x00,
    0x08, 0xAE, 0xFF, 0xC0, 0x00, 0x1F, 0xFF, 0xFE, 0x30, 0x00, 0x1F, 0xFD, 0x92, 0x00, 0x0D, 0xFD, 0x00, 0x00, 0x00, 0x00,
    0xDF, 0xD0, 0x00, 0x00, 0x00, 0x0D, 0xFD, 0x00, 0x00, 0x00, 0x00, 0xDF, 0xD0, 0x00, 0x00, 0x00, 0x0D, 0xFD, 0x00, 0x00,
    0x00, 0x00, 0xDF, 0xD5, 0xDF, 0xC3, 0x00, 0x0D, 0xFF, 0xFF, 0xFF, 0xD0, 0x00, 0xDF, 0xFC, 0x8E, 0xFF, 0x50, 0x0D, 0xFF,
    0x10, 0x6F, 0xF7, 0x00, 0xDF, 0xE0, 0x04, 0xFF, 0x80, 0x0D, 0xFD, 0x00, 0x4F, 0xF8, 0x00, 0xDF, 0xD0, 0x04, 0xFF, 0x80,
    0x0D, 0xFD, 0x00, 0x4F, 0xF8, 0x00, 0xDF, 0xD0, 0x04, 0xFF, 0x80, 0x0D, 0xFD, 0x00, 0x4F, 0xF8, 0x00, 0xDF, 0xD0, 0x04,
    0xFF, 0x80, 0x0D, 0xFD, 0x00, 0x4F, 0xF8, 0x00, 0xDF, 0xD0, 0x03, 0xFF, 0x80, 0x02, 0x73, 0x00, 0xDF, 0xE1, 0x2F, 0xFF,
    0x30, 0xDF, 0xE1, 0x02, 0x73, 0x00, 0x00, 0x00, 0x0C, 0xFE, 0x00, 0xCF, 0xF0, 0x0C, 0xFF, 0x00, 0xCF, 0xF0, 0x0C, 0xFF,
    0x00, 0xCF, 0xF0, 0x0C, 0xFF, 0x00, 0xCF, 0xF0, 0x0C, 0xFF, 0x00, 0xCF, 0xF0, 0x0C, 0xFF, 0x00, 0xCF, 0xF0, 0x0C, 0xFE,
    0x00, 0x00, 0x02, 0x72, 0x00, 0x01, 0xEF, 0xD0, 0x00, 0x3F, 0xFF, 0x20, 0x01, 0xEF, 0xD0, 0x00, 0x02, 0x72, 0x00, 0x00,
    0x00, 0x00, 0x00, 0x0D, 0xFD, 0x00, 0x00, 0xDF, 0xD0, 0x00, 0x0D, 0xFD, 0x00, 0x00, 0xDF, 0xD0, 0x00, 0x0D, 0xFD, 0x00,
    0x00, 0xDF, 0xD0, 0x00, 0x0D, 0xFD, 0x00, 0x00, 0xDF, 0xD0, 0x00, 0x0D, 0xFD, 0x00, 0x00, 0xDF, 0xD0, 0x00, 0x0D, 0xFD,
    0x00, 0x00, 0xDF, 0xD0, 0x00, 0x0D, 0xFD, 0x00, 0x00, 0xEF, 0xD0, 0x00, 0x2F, 0xFC, 0x01, 0x8D, 0xFF, 0xA0, 0x2F, 0xFF,
    0xF4, 0x02, 0xFE, 0xB4, 0x00, 0x0D, 0xFD, 0x00, 0x00, 0x00, 0x0D, 0xFD, 0x00, 0x00, 0x00, 0x0D, 0xFD, 0x00, 0x00, 0x00,
    0x0D, 0xFD, 0x00, 0x00, 0x00, 0x0D, 0xFD, 0x00, 0x00, 0x00, 0x0D, 0xFD, 0x00, 0x8F, 0xF5, 0x0D, 0xFD, 0x02, 0xFF, 0xB0,
    0x0D, 0xFD, 0x0B, 0xFF, 0x20, 0x0D, 0xFD, 0x5F, 0xF8, 0x00, 0x0D, 0xFE, 0xDF, 0xF1, 0x00, 0x0D, 0xFF, 0xFF, 0xF4, 0x00,
    0x0D, 0xFF, 0xFF, 0xF9, 0x00, 0x0D, 0xFF, 0xCA, 0xFE, 0x10, 0x0D, 0xFF, 0x25, 0xFF, 0x50, 0x0D, 0xFD, 0x01, 0xFF, 0xA0,
    0x0D, 0xFD, 0x00, 0xBF, 0xF1, 0x0D, 0xFD, 0x00, 0x6F, 0xF6, 0x0D, 0xFD, 0x00, 0x1F, 0xFB, 0x0E, 0xFC, 0x00, 0xFF, 0xC0,
    0x0F, 0xFC, 0x00, 0xFF, 0xC0, 0x0F, 0xFC, 0x00, 0xFF, 0xC0, 0x0F, 0xFC, 0x00, 0xFF, 0xC0, 0x0F, 0xFC, 0x00, 0xFF, 0xC0,
    0x0F, 0xFC, 0x00, 0xFF, 0xC0, 0x0F, 0xFC, 0x00, 0xFF, 0xC0, 0x0F, 0xFC, 0x00, 0xFF, 0xC0, 0x0F, 0xFC, 0x00, 0xEF, 0xC0,
    0x0D, 0xFD, 0x7D, 0xEB, 0x22, 0xBE, 0xE7, 0x00, 0x0D, 0xFF, 0xFF, 0xFF, 0xDD, 0xFF, 0xFF, 0x40, 0x0D, 0xFF, 0xC9, 0xFF,
    0xFF, 0x9B, 0xFF, 0xB0, 0x0D, 0xFF, 0x10, 0x8F, 0xF9, 0x01, 0xEF, 0xD0, 0x0D, 0xFD, 0x00, 0x6F, 0xF6, 0x00, 0xCF, 0xE0,
    0x0D, 0xFD, 0x00, 0x5F, 0xF6, 0x00, 0xCF, 0xE0, 0x0D, 0xFD, 0x00, 0x5F, 0xF6, 0x00, 0xCF, 0xE0, 0x0D, 0xFD, 0x00, 0x5F,
    0xF6, 0x00, 0xCF, 0xE0, 0x0D, 0xFD, 0x00, 0x5F, 0xF6, 0x00, 0xCF, 0xE0, 0x0D, 0xFD, 0x00, 0x5F, 0xF6, 0x00, 0xCF, 0xE0,
    0x0D, 0xFD, 0x00, 0x5F, 0xF6, 0x00, 0xCF, 0xE0, 0x0D, 0xFD, 0x00, 0x5F, 0xF6, 0x00, 0xCF, 0xE0, 0x0D, 0xFD, 0x00, 0x5F,
    0xF6, 0x00, 0xCF, 0xE0, 0x0D, 0xFD, 0x6D, 0xFC, 0x30, 0x00, 0xDF, 0xFF, 0xFF, 0xFD, 0x00, 0x0D, 0xFF, 0xC8, 0xEF, 0xF5,
    0x00, 0xDF, 0xF1, 0x06, 0xFF, 0x70, 0x0D, 0xFE, 0x00, 0x4F, 0xF8, 0x00, 0xDF, 0xD0, 0x04, 0xFF, 0x80, 0x0D, 0xFD, 0x00,
    0x4F, 0xF8, 0x00, 0xDF, 0xD0, 0x04, 0xFF, 0x80, 0x0D, 0xFD, 0x00, 0x4F, 0xF8, 0x00, 0xDF, 0xD0, 0x04, 0xFF, 0x80, 0x0D,
    0xFD, 0x00, 0x4F, 0xF8, 0x00, 0xDF, 0xD0, 0x04, 0xFF, 0x80, 0x0D, 0xFD, 0x00, 0x3F, 0xF8, 0x00, 0x00, 0x3B, 0xEF, 0xD7,
    0x00, 0x04, 0xFF, 0xFF, 0xFF, 0xA0, 0x0C, 0xFF, 0xB9, 0xFF, 0xF3, 0x1F, 0xFD, 0x00, 0x7F, 0xF7, 0x1F, 0xFB, 0x00, 0x5F,
    0xF7, 0x1F, 0xFB, 0x00, 0x4F, 0xF7, 0x1F, 0xFB, 0x00, 0x4F, 0xF7, 0x1F, 0xFB, 0x00, 0x4F, 0xF7, 0x1F, 0xFB, 0x00, 0x5F,
    0xF7, 0x1F, 0xFD, 0x00, 0x7F, 0xF7, 0x0D, 0xFF, 0xB9, 0xEF, 0xF3, 0x04, 0xFF, 0xFF, 0xFF, 0xA0, 0x00, 0x4B, 0xEF, 0xD7,
    0x00, 0x0C, 0xFE, 0x8D, 0xFC, 0x30, 0x00, 0xCF, 0xFF, 0xFF, 0xFE, 0x10, 0x0C, 0xFF, 0xD8, 0xDF, 0xF7, 0x00, 0xCF, 0xF2,
    0x04, 0xFF, 0x90, 0x0C, 0xFF, 0x00, 0x1F, 0xFA, 0x00, 0xCF, 0xF0, 0x01, 0xFF, 0xA0, 0x0C, 0xFF, 0x00, 0x1F, 0xFA, 0x00,
    0xCF, 0xF0, 0x01, 0xFF, 0xA0, 0x0C, 0xFF, 0x00, 0x1F, 0xFA, 0x00, 0xCF, 0xF2, 0x04, 0xFF, 0x90, 0x0C, 0xFF, 0xD8, 0xDF,
    0xF7, 0x00, 0xCF, 0xFF, 0xFF, 0xFE, 0x10, 0x0C, 0xFF, 0x6D, 0xFC, 0x30, 0x00, 0xCF, 0xF0, 0x00, 0x00, 0x00, 0x0C, 0xFF,
    0x00, 0x00, 0x00, 0x00, 0xCF, 0xF0, 0x00, 0x00, 0x00, 0x0C, 0xFF, 0x00, 0x00, 0x00, 0x00, 0xCF, 0xE0, 0x00, 0x00, 0x00,
    0x00, 0x7D, 0xEB, 0x9F, 0xF5, 0x00, 0x6F, 0xFF, 0xFF, 0xFF, 0x60, 0x0D, 0xFF, 0xB9, 0xFF, 0xF6, 0x00, 0xFF, 0xD0, 0x08,
    0xFF, 0x60, 0x1F, 0xFA, 0x00, 0x6F, 0xF6, 0x01, 0xFF, 0xA0, 0x06, 0xFF, 0x60, 0x1F, 0xFA, 0x00, 0x6F, 0xF6, 0x01, 0xFF,
    0xA0, 0x06, 0xFF, 0x60, 0x1F, 0xFA, 0x00, 0x6F, 0xF6, 0x00, 0xFF, 0xC0, 0x08, 0xFF, 0x60, 0x0D, 0xFF, 0xB9, 0xFF, 0xF6,
    0x00, 0x6F, 0xFF, 0xFF, 0xFF, 0x60, 0x00, 0x7E, 0xEB, 0x8F, 0xF6, 0x00, 0x00, 0x00, 0x06, 0xFF, 0x60, 0x00, 0x00, 0x00,
    0x6F, 0xF6, 0x00, 0x00, 0x00, 0x06, 0xFF, 0x60, 0x00, 0x00, 0x00, 0x6F, 0xF6, 0x00, 0x00, 0x00, 0x06, 0xFF, 0x50, 0x0D,
    0xFD, 0x5D, 0xE3, 0x0D, 0xFE, 0xFF, 0xF1, 0x0D, 0xFF, 0xE9, 0x80, 0x0D, 0xFF, 0x50, 0x00, 0x0D, 0xFE, 0x00, 0x00, 0x0D,
    0xFD, 0x00, 0x00, 0x0D, 0xFD, 0x00, 0x00, 0x0D, 0xFD, 0x00, 0x00, 0x0D, 0xFD, 0x00, 0x00, 0x0D, 0xFD, 0x00, 0x00, 0x0D,
    0xFD, 0x00, 0x00, 0x0D, 0xFD, 0x00, 0x00, 0x0D, 0xFD, 0x00, 0x00, 0x00, 0x5C, 0xEE, 0xA3, 0x00, 0x07, 0xFF, 0xFF, 0xFE,
    0x20, 0x0E, 0xFF, 0x9A, 0xFF, 0x90, 0x2F, 0xF9, 0x00, 0xCF, 0xC0, 0x1F, 0xFB, 0x00, 0x34, 0x30, 0x0B, 0xFF, 0xD6, 0x00,
    0x00, 0x02, 0xCF, 0xFF, 0xD5, 0x00, 0x00, 0x06, 0xDF, 0xFF, 0x60, 0x00, 0x00, 0x06, 0xFF, 0xD0, 0x3E, 0xE5, 0x00, 0xCF,
    0xF0, 0x2F, 0xFC, 0x35, 0xFF, 0xD0, 0x0A, 0xFF, 0xFF, 0xFF, 0x60, 0x00, 0x6C, 0xEE, 0xB4, 0x00, 0x05, 0xFF, 0x50, 0x00,
    0x5F, 0xF5, 0x00, 0x05, 0xFF, 0x50, 0x08, 0xFF, 0xFF, 0xF3, 0x9F, 0xFF, 0xFF, 0x44, 0xAF, 0xFA, 0x71, 0x05, 0xFF, 0x50,
    0x00, 0x5F, 0xF5, 0x00, 0x05, 0xFF, 0x50, 0x00, 0x5F, 0xF5, 0x00, 0x05, 0xFF, 0x50, 0x00, 0x5F, 0xF5, 0x00, 0x05, 0xFF,
    0x60, 0x00, 0x5F, 0xFD, 0x80, 0x02, 0xFF, 0xFF, 0x10, 0x05, 0xCE, 0xF1, 0x0E, 0xFC, 0x00, 0x5F, 0xF6, 0x00, 0xFF, 0xC0,
    0x05, 0xFF, 0x70, 0x0F, 0xFC, 0x00, 0x5F, 0xF7, 0x00, 0xFF, 0xC0, 0x05, 0xFF, 0x70, 0x0F, 0xFC, 0x00, 0x5F, 0xF7, 0x00,
    0xFF, 0xC0, 0x05, 0xFF, 0x70, 0x0F, 0xFC, 0x00, 0x5F, 0xF7, 0x00, 0xFF, 0xC0, 0x05, 0xFF, 0x70, 0x0F, 0xFC, 0x00, 0x5F,
    0xF7, 0x00, 0xEF, 0xD0, 0x07, 0xFF, 0x70, 0x0C, 0xFF, 0x86, 0xEF, 0xF7, 0x00, 0x7F, 0xFF, 0xFF, 0xFF, 0x70, 0x00, 0x7D,
    0xEB, 0x7F, 0xF6, 0x00, 0x7F, 0xF8, 0x00, 0x8F, 0xF6, 0x5F, 0xFB, 0x00, 0xBF, 0xF3, 0x1F, 0xFD, 0x00, 0xEF, 0xF0, 0x0D,
    0xFF, 0x11, 0xFF, 0xB0, 0x09, 0xFF, 0x44, 0xFF, 0x80, 0x05, 0xFF, 0x67, 0xFF, 0x40, 0x02, 0xFF, 0x99, 0xFF, 0x10, 0x00,
    0xDF, 0xCC, 0xFC, 0x00, 0x00, 0x9F, 0xFF, 0xF9, 0x00, 0x00, 0x6F, 0xFF, 0xF5, 0x00, 0x00, 0x2F, 0xFF, 0xF2, 0x00, 0x00,
    0x0E, 0xFF, 0xD0, 0x00, 0x00, 0x0A, 0xFF, 0x90, 0x00, 0x7F, 0xF2, 0x02, 0xFF, 0x60, 0x0E, 0xFA, 0x5F, 0xF5, 0x05, 0xFF,
    0x80, 0x1F, 0xF8, 0x2F, 0xF7, 0x08, 0xFF, 0xB0, 0x4F, 0xF4, 0x0E, 0xFA, 0x0A, 0xFF, 0xD0, 0x6F, 0xF1, 0x0B, 0xFC, 0x0D,
    0xFF, 0xF1, 0x8F, 0xD0, 0x07, 0xFE, 0x0F, 0xED, 0xF3, 0xBF, 0xA0, 0x04, 0xFF, 0x4F, 0xCA, 0xF6, 0xDF, 0x70, 0x01, 0xFF,
    0x9F, 0x98, 0xF9, 0xFF, 0x40, 0x00, 0xDF, 0xEF, 0x75, 0xFE, 0xFF, 0x10, 0x00, 0xAF, 0xFF, 0x42, 0xFF, 0xFD, 0x00, 0x00,
    0x7F, 0xFF, 0x20, 0xFF, 0xFA, 0x00, 0x00, 0x3F, 0xFE, 0x00, 0xCF, 0xF7, 0x00, 0x00, 0x0E, 0xFB, 0x00, 0x9F, 0xF3, 0x00,
    0x6F, 0xF8, 0x00, 0x8F, 0xF6, 0x1E, 0xFE, 0x11, 0xEF, 0xE1, 0x08, 0xFF, 0x77, 0xFF, 0x80, 0x01, 0xFF, 0xEE, 0xFF, 0x20,
    0x00, 0x9F, 0xFF, 0xF9, 0x00, 0x00, 0x2F, 0xFF, 0xF3, 0x00, 0x00, 0x0C, 0xFF, 0xC0, 0x00, 0x00, 0x3F, 0xFF, 0xF3, 0x00,
    0x00, 0x9F, 0xFF, 0xF9, 0x00, 0x02, 0xFF, 0xDD, 0xFF, 0x20, 0x08, 0xFF, 0x77, 0xFF, 0x80, 0x1E, 0xFE, 0x11, 0xEF, 0xE1,
    0x6F, 0xF8, 0x00, 0x8F, 0xF7, 0x8F, 0xF5, 0x00, 0xAF, 0xF3, 0x6F, 0xF8, 0x00, 0xDF, 0xF0, 0x2F, 0xFA, 0x01, 0xFF, 0xB0,
    0x0D, 0xFD, 0x03, 0xFF, 0x80, 0x0A, 0xFF, 0x15, 0xFF, 0x40, 0x06, 0xFF, 0x38, 0xFF, 0x10, 0x02, 0xFF, 0x6A, 0xFC, 0x00,
    0x00, 0xEF, 0x8D, 0xF8, 0x00, 0x00, 0xAF, 0xCF, 0xF5, 0x00, 0x00, 0x7F, 0xFF, 0xF1, 0x00, 0x00, 0x3F, 0xFF, 0xD0, 0x00,
    0x00, 0x0E, 0xFF, 0x90, 0x00, 0x00, 0x0B, 0xFF, 0x50, 0x00, 0x00, 0x0A, 0xFF, 0x20, 0x00, 0x00, 0x0D, 0xFC, 0x00, 0x00,
    0x17, 0xBF, 0xF7, 0x00, 0x00, 0x3F, 0xFF, 0xD1, 0x00, 0x00, 0x3F, 0xDA, 0x20, 0x00, 0x00, 0x5F, 0xFF, 0xFF, 0xFF, 0x25,
    0xFF, 0xFF, 0xFF, 0xF3, 0x28, 0x88, 0xAF, 0xFF, 0x20, 0x00, 0x0A, 0xFF, 0xA0, 0x00, 0x03, 0xFF, 0xF2, 0x00, 0x00, 0xBF,
    0xF8, 0x00, 0x00, 0x4F, 0xFE, 0x10, 0x00, 0x0C, 0xFF, 0x60, 0x00, 0x05, 0xFF, 0xD0, 0x00, 0x00, 0xDF, 0xF5, 0x00, 0x00,
    0x5F, 0xFE, 0x88, 0x88, 0x26, 0xFF, 0xFF, 0xFF, 0xF4, 0x6F, 0xFF, 0xFF, 0xFF, 0x40, 0x00, 0x09, 0xEF, 0xE0, 0x00, 0x7F,
    0xFF, 0xF0, 0x00, 0xBF, 0xFC, 0x70, 0x00, 0xCF, 0xF2, 0x00, 0x00, 0xCF, 0xF0, 0x00, 0x00, 0xCF, 0xF0, 0x00, 0x00, 0xCF,
    0xF0, 0x00, 0x00, 0xCF, 0xF0, 0x00, 0x00, 0xCF, 0xF0, 0x00, 0x02, 0xFF, 0xE0, 0x00, 0x4E, 0xFF, 0x90, 0x00, 0x5F, 0xFE,
    0x10, 0x00, 0x3D, 0xFF, 0x90, 0x00, 0x01, 0xEF, 0xE0, 0x00, 0x00, 0xCF, 0xF0, 0x00, 0x00, 0xCF, 0xF0, 0x00, 0x00, 0xCF,
    0xF0, 0x00, 0x00, 0xCF, 0xF0, 0x00, 0x00, 0xCF, 0xF0, 0x00, 0x00, 0xCF, 0xF2, 0x00, 0x00, 0xBF, 0xFC, 0x70, 0x00, 0x7F,
    0xFF, 0xF0, 0x00, 0x09, 0xEF, 0xE0, 0x5F, 0xF6, 0x5F, 0xF7, 0x5F, 0xF7, 0x5F, 0xF7, 0x5F, 0xF7, 0x5F, 0xF7, 0x5F, 0xF7,
    0x5F, 0xF7, 0x5F, 0xF7, 0x5F, 0xF7, 0x5F, 0xF7, 0x5F, 0xF7, 0x5F, 0xF7, 0x5F, 0xF7, 0x5F, 0xF7, 0x5F, 0xF7, 0x5F, 0xF7,
    0x5F, 0xF7, 0x5F, 0xF7, 0x5F, 0xF7, 0x5F, 0xF6, 0x5F, 0xFD, 0x50, 0x00, 0x5F, 0xFF, 0xF2, 0x00, 0x28, 0xEF, 0xF5, 0x00,
    0x00, 0x7F, 0xF6, 0x00, 0x00, 0x5F, 0xF6, 0x00, 0x00, 0x5F, 0xF6, 0x00, 0x00, 0x5F, 0xF6, 0x00, 0x00, 0x5F, 0xF6, 0x00,
    0x00, 0x5F, 0xF7, 0x00, 0x00, 0x4F, 0xFB, 0x00, 0x00, 0x0D, 0xFF, 0xC0, 0x00, 0x05, 0xFF, 0xF0, 0x00, 0x1E, 0xFF, 0xA0,
    0x00, 0x4F, 0xFA, 0x00, 0x00, 0x5F, 0xF7, 0x00, 0x00, 0x5F, 0xF6, 0x00, 0x00, 0x5F, 0xF6, 0x00, 0x00, 0x5F, 0xF6, 0x00,
    0x00, 0x5F, 0xF6, 0x00, 0x00, 0x7F, 0xF6, 0x00, 0x28, 0xEF, 0xF5, 0x00, 0x5F, 0xFF, 0xF2, 0x00, 0x5F, 0xFD, 0x50, 0x00,
    0x01, 0xAE, 0xD6, 0x00, 0x15, 0x00, 0x0C, 0xFF, 0xFF, 0xD8, 0xDF, 0x90, 0x3F, 0xFA, 0x9F, 0xFF, 0xFF, 0x40, 0x03, 0x40,
    0x02, 0xAE, 0xD4, 0x00, 0x00, 0x00, 0x00, 0x00, 0x00, 0x00, 0x00, 0x00, 0x00, 0x00, 0x00, 0x00, 0x00, 0x00, 0x00, 0x00,
    0x00, 0x00, 0x00, 0x00, 0x00, 0x00, 0x00, 0x00, 0x00, 0x00, 0x00, 0x00, 0x00, 0x00
}};

const DeckFont kBankFont{kBankGlyphs, kBankPixels, 32, 126, 29};

constexpr std::array<DeckGlyph, 95> kLabelGlyphs{{
    {0, 4, 0, 0, 13, 4}, {0, 4, 10, 0, 4, 4},
    {20, 5, 9, 0, 4, 5}, {43, 10, 9, 0, 4, 10},
    {88, 8, 12, 0, 3, 8}, {136, 13, 10, 0, 4, 13},
    {201, 10, 11, 0, 3, 9}, {256, 3, 9, 0, 4, 3},
    {270, 5, 12, 0, 4, 5}, {300, 5, 12, 0, 4, 5},
    {330, 6, 9, 0, 4, 6}, {357, 8, 7, 0, 6, 8},
    {385, 3, 5, 0, 10, 3}, {393, 5, 5, 0, 8, 5},
    {406, 3, 4, 0, 10, 3}, {412, 6, 9, 0, 4, 6},
    {439, 9, 10, 0, 4, 8}, {484, 6, 9, 0, 4, 6},
    {511, 8, 9, 0, 4, 8}, {547, 8, 10, 0, 4, 8},
    {587, 8, 9, 0, 4, 8}, {623, 8, 10, 0, 4, 8},
    {663, 8, 10, 0, 4, 8}, {703, 7, 9, 0, 4, 7},
    {735, 8, 10, 0, 4, 8}, {775, 7, 9, 0, 4, 7},
    {807, 3, 8, 0, 6, 3}, {819, 3, 9, 0, 6, 3},
    {833, 7, 8, 0, 6, 7}, {861, 8, 6, 0, 7, 8},
    {885, 7, 8, 0, 6, 7}, {913, 8, 10, 0, 4, 8},
    {953, 10, 10, 0, 4, 10}, {1003, 9, 9, 0, 4, 9},
    {1044, 9, 9, 0, 4, 8}, {1085, 9, 10, 0, 4, 9},
    {1130, 9, 9, 0, 4, 9}, {1171, 8, 9, 0, 4, 8},
    {1207, 7, 9, 0, 4, 7}, {1239, 9, 10, 0, 4, 9},
    {1284, 9, 9, 0, 4, 9}, {1325, 6, 9, 0, 4, 6},
    {1352, 7, 10, 0, 4, 7}, {1387, 9, 9, 0, 4, 9},
    {1428, 7, 9, 0, 4, 7}, {1460, 11, 9, 0, 4, 11},
    {1510, 9, 9, 0, 4, 9}, {1551, 10, 10, 0, 4, 10},
    {1601, 8, 9, 0, 4, 8}, {1637, 11, 10, 0, 4, 10},
    {1692, 9, 9, 0, 4, 8}, {1733, 8, 10, 0, 4, 8},
    {1773, 8, 9, 0, 4, 8}, {1809, 9, 10, 0, 4, 9},
    {1854, 9, 9, 0, 4, 9}, {1895, 12, 9, 0, 4, 11},
    {1949, 9, 9, 0, 4, 9}, {1990, 9, 9, 0, 4, 9},
    {2031, 8, 9, 0, 4, 8}, {2067, 4, 12, 0, 4, 4},
    {2091, 6, 9, 0, 4, 6}, {2118, 4, 12, 0, 4, 4},
    {2142, 8, 9, 0, 4, 8}, {2178, 6, 2, 0, 13, 6},
    {2184, 4, 10, 0, 3, 4}, {2204, 7, 8, 0, 6, 7},
    {2232, 8, 10, 0, 4, 8}, {2272, 7, 8, 0, 6, 7},
    {2300, 8, 10, 0, 4, 8}, {2340, 8, 8, 0, 6, 7},
    {2372, 5, 10, 0, 3, 5}, {2397, 8, 10, 0, 6, 8},
    {2437, 7, 9, 0, 4, 7}, {2469, 4, 10, 0, 3, 4},
    {2489, 4, 13, -1, 3, 3}, {2515, 8, 9, 0, 4, 7},
    {2551, 5, 9, 0, 4, 4}, {2574, 12, 7, 0, 6, 12},
    {2616, 7, 7, 0, 6, 7}, {2641, 8, 8, 0, 6, 7},
    {2673, 8, 10, 0, 6, 8}, {2713, 9, 10, 0, 6, 8},
    {2758, 5, 7, 0, 6, 5}, {2776, 7, 8, 0, 6, 7},
    {2804, 5, 9, 0, 4, 5}, {2827, 7, 8, 0, 6, 7},
    {2855, 7, 7, 0, 6, 7}, {2880, 10, 7, 0, 6, 9},
    {2915, 7, 7, 0, 6, 7}, {2940, 7, 10, 0, 6, 7},
    {2975, 7, 7, 0, 6, 7}, {3000, 5, 12, 0, 4, 5},
    {3030, 3, 12, 0, 4, 3}, {3048, 5, 12, 0, 4, 5},
    {3078, 7, 5, 0, 8, 7}
}};

constexpr std::array<std::uint8_t, 3096> kLabelPixels{{
    0x4A, 0xA1, 0x7F, 0xF1, 0x6F, 0xF1, 0x4F, 0xE0, 0x2F, 0xC0, 0x0C, 0x80, 0x03, 0x20, 0x4F, 0xE0, 0x3E, 0xC0, 0x01, 0x00,
    0x5A, 0x4A, 0x86, 0xF4, 0xFB, 0x5F, 0x3E, 0xA2, 0x51, 0x53, 0x00, 0x00, 0x00, 0x00, 0x00, 0x00, 0x00, 0x00, 0x00, 0x00,
    0x00, 0x00, 0x00, 0x00, 0x1A, 0x80, 0x5A, 0x40, 0x00, 0x3F, 0xA0, 0x9F, 0x40, 0x0F, 0xFF, 0xFF, 0xFF, 0xFC, 0x1C, 0xEF,
    0xDC, 0xFF, 0xC8, 0x00, 0x9F, 0x30, 0xFC, 0x00, 0x37, 0xDF, 0x88, 0xFD, 0x72, 0x9F, 0xFF, 0xFF, 0xFF, 0xF3, 0x46, 0xFD,
    0x5A, 0xF9, 0x51, 0x03, 0xF9, 0x09, 0xF4, 0x00, 0x00, 0x05, 0x50, 0x00, 0x02, 0x9D, 0xD7, 0x10, 0x3E, 0xFE, 0xFF, 0xC1,
    0x8F, 0x97, 0x89, 0x51, 0x7F, 0xEB, 0x90, 0x00, 0x1A, 0xFF, 0xFE, 0x90, 0x00, 0x2A, 0xDF, 0xF8, 0x27, 0x47, 0x78, 0xFA,
    0x4F, 0xEC, 0xCE, 0xF5, 0x05, 0xCF, 0xFE, 0x60, 0x00, 0x07, 0x80, 0x00, 0x00, 0x01, 0x10, 0x00, 0x06, 0xBA, 0x30, 0x00,
    0x79, 0x00, 0x05, 0xFD, 0xEE, 0x10, 0x4F, 0x60, 0x00, 0xAE, 0x04, 0xF5, 0x1D, 0xA0, 0x00, 0x08, 0xF6, 0x9F, 0x4A, 0xE1,
    0x00, 0x00, 0x1C, 0xFF, 0x95, 0xF4, 0x8D, 0xC4, 0x00, 0x03, 0x22, 0xE9, 0x6F, 0xBD, 0xE2, 0x00, 0x00, 0xBD, 0x1A, 0xE0,
    0x4F, 0x50, 0x00, 0x7F, 0x30, 0x8F, 0x8B, 0xF2, 0x00, 0x3F, 0x70, 0x01, 0xBF, 0xF7, 0x00, 0x00, 0x00, 0x00, 0x00, 0x11,
    0x00, 0x00, 0x01, 0x20, 0x00, 0x00, 0x00, 0x9F, 0xFC, 0x10, 0x00, 0x05, 0xFB, 0x7F, 0x90, 0x00, 0x05, 0xF8, 0x1F, 0xA0,
    0x00, 0x01, 0xDF, 0xDF, 0x31, 0x00, 0x07, 0xEF, 0xF6, 0x2F, 0x90, 0x6F, 0xD7, 0xFE, 0xAF, 0x40, 0xAF, 0x70, 0x7F, 0xFC,
    0x00, 0x6F, 0xE8, 0xBF, 0xFB, 0x00, 0x08, 0xFF, 0xF9, 0xAF, 0x90, 0x00, 0x02, 0x00, 0x00, 0x00, 0x5A, 0x36, 0xF4, 0x5F,
    0x32, 0x51, 0x00, 0x00, 0x00, 0x00, 0x00, 0x00, 0x00, 0x00, 0x03, 0xA6, 0x00, 0xAF, 0x30, 0x1F, 0xB0, 0x04, 0xF8, 0x00,
    0x6F, 0x60, 0x08, 0xF5, 0x00, 0x7F, 0x60, 0x04, 0xF9, 0x00, 0x1E, 0xD0, 0x00, 0x7F, 0x60, 0x01, 0xEE, 0x10, 0x01, 0x10,
    0x09, 0xA0, 0x00, 0x7F, 0x60, 0x01, 0xEC, 0x00, 0x0C, 0xF1, 0x00, 0xAF, 0x30, 0x08, 0xF4, 0x00, 0xAF, 0x30, 0x0D, 0xF1,
    0x02, 0xFB, 0x00, 0xAF, 0x40, 0x3F, 0xB0, 0x01, 0x11, 0x00, 0x00, 0x84, 0x00, 0x19, 0xDA, 0x80, 0x2A, 0xFE, 0x70, 0x09,
    0xCE, 0x40, 0x02, 0x13, 0x00, 0x00, 0x00, 0x00, 0x00, 0x00, 0x00, 0x00, 0x00, 0x00, 0x00, 0x00, 0x00, 0x00, 0x05, 0x60,
    0x00, 0x00, 0x0C, 0xD0, 0x00, 0x01, 0x1D, 0xD1, 0x10, 0x5F, 0xFF, 0xFF, 0xF5, 0x39, 0x9E, 0xE9, 0x93, 0x00, 0x0C, 0xD0,
    0x00, 0x00, 0x0C, 0xD0, 0x00, 0x04, 0x18, 0xFA, 0x6F, 0xA0, 0xD5, 0x3D, 0x00, 0x11, 0x11, 0x0B, 0xFF, 0xF8, 0x69, 0x99,
    0x50, 0x00, 0x00, 0x00, 0x00, 0x00, 0x04, 0x18, 0xFA, 0x6F, 0x80, 0x10, 0x00, 0x06, 0xA4, 0x00, 0x0D, 0xF2, 0x00, 0x4F,
    0xA0, 0x00, 0xAF, 0x50, 0x01, 0xFE, 0x00, 0x07, 0xF8, 0x00, 0x0D, 0xF2, 0x00, 0x3F, 0xB0, 0x00, 0x9F, 0x50, 0x00, 0x00,
    0x5A, 0xC9, 0x20, 0x00, 0x7F, 0xEB, 0xFE, 0x20, 0x1E, 0xF9, 0x07, 0xFA, 0x04, 0xFD, 0xF4, 0x2F, 0xD0, 0x6F, 0x98, 0xE2,
    0xFF, 0x05, 0xFA, 0x0C, 0xBF, 0xE0, 0x2F, 0xD0, 0x3F, 0xFB, 0x00, 0xAF, 0xA7, 0xEF, 0x40, 0x01, 0xAF, 0xFE, 0x60, 0x00,
    0x00, 0x01, 0x00, 0x00, 0x00, 0x1A, 0x60, 0x38, 0xDF, 0x80, 0x6F, 0xFF, 0x80, 0x13, 0x8F, 0x80, 0x00, 0x6F, 0x80, 0x00,
    0x6F, 0x80, 0x00, 0x6F, 0x80, 0x00, 0x6F, 0x80, 0x00, 0x6F, 0x80, 0x01, 0x7B, 0xB8, 0x10, 0x0B, 0xFB, 0xDF, 0xA0, 0x05,
    0x70, 0x1F, 0xF0, 0x00, 0x00, 0x3F, 0xD0, 0x00, 0x01, 0xDF, 0x60, 0x00, 0x3D, 0xF8, 0x00, 0x06, 0xEE, 0x60, 0x00, 0x7F,
    0xFB, 0x99, 0x91, 0x8F, 0xFF, 0xFF, 0xF2, 0x03, 0x8B, 0xB7, 0x10, 0x3F, 0xFB, 0xDF, 0xB0, 0x16, 0x50, 0x1F, 0xE0, 0x00,
    0x13, 0x8F, 0xA0, 0x00, 0x4F, 0xFF, 0x20, 0x00, 0x15, 0x9F, 0xD0, 0x03, 0x30, 0x0E, 0xF2, 0x5F, 0xD6, 0x8F, 0xD0, 0x07,
    0xDF, 0xFC, 0x30, 0x00, 0x01, 0x10, 0x00, 0x00, 0x00, 0x8A, 0x50, 0x00, 0x06, 0xFF, 0x70, 0x00, 0x3F, 0xFF, 0x70, 0x01,
    0xDE, 0x9F, 0x70, 0x0B, 0xF3, 0x7F, 0x70, 0x7F, 0xC8, 0xCF, 0xC6, 0xBF, 0xFF, 0xFF, 0xFA, 0x23, 0x33, 0x9F, 0x92, 0x00,
    0x00, 0x7F, 0x70, 0x09, 0xAA, 0xAA, 0x90, 0x0F, 0xFE, 0xEE, 0xD0, 0x2F, 0xA0, 0x00, 0x00, 0x4F, 0xCC, 0xD9, 0x20, 0x5F,
    0xEA, 0xDF, 0xC0, 0x02, 0x30, 0x0E, 0xF3, 0x02, 0x20, 0x0D, 0xF4, 0x2F, 0xD6, 0x9F, 0xE1, 0x05, 0xCF, 0xFC, 0x30, 0x00,
    0x01, 0x10, 0x00, 0x00, 0x49, 0xC9, 0x20, 0x04, 0xFD, 0xBE, 0x80, 0x0C, 0xE1, 0x00, 0x00, 0x2F, 0xDA, 0xCA, 0x30, 0x4F,
    0xFD, 0xCF, 0xE1, 0x4F, 0xE0, 0x0B, 0xF6, 0x2F, 0xD0, 0x09, 0xF6, 0x0C, 0xF9, 0x7E, 0xE2, 0x02, 0xBF, 0xFD, 0x40, 0x00,
    0x01, 0x10, 0x00, 0x8A, 0xAA, 0xAA, 0x7C, 0xEE, 0xEF, 0xFA, 0x00, 0x00, 0xAF, 0x60, 0x00, 0x3F, 0xE1, 0x00, 0x0A, 0xF7,
    0x00, 0x03, 0xFE, 0x10, 0x00, 0xAF, 0x80, 0x00, 0x3F, 0xF1, 0x00, 0x0A, 0xF9, 0x00, 0x00, 0x00, 0x4B, 0xB5, 0x00, 0x02,
    0xFE, 0xEF, 0x30, 0x06, 0xF4, 0x3F, 0x80, 0x03, 0xFB, 0xAF, 0x50, 0x08, 0xFF, 0xFF, 0x90, 0x4F, 0xE5, 0x5D, 0xF6, 0x7F,
    0xA0, 0x08, 0xF8, 0x3F, 0xFA, 0x9E, 0xF4, 0x05, 0xDF, 0xFE, 0x60, 0x00, 0x01, 0x10, 0x00, 0x01, 0x8B, 0x92, 0x01, 0xDF,
    0xFF, 0xE2, 0x5F, 0x91, 0x7F, 0x87, 0xF5, 0x03, 0xF9, 0x3F, 0xD7, 0xCF, 0x60, 0x7F, 0xFF, 0xE1, 0x00, 0x2A, 0xF7, 0x00,
    0x01, 0xEE, 0x10, 0x00, 0x8F, 0x80, 0x00, 0x28, 0x39, 0xFB, 0x4C, 0x50, 0x00, 0x04, 0x18, 0xFA, 0x6F, 0x80, 0x10, 0x28,
    0x39, 0xFB, 0x4C, 0x50, 0x00, 0x04, 0x18, 0xFA, 0x6F, 0xA0, 0xD5, 0x3D, 0x00, 0x00, 0x00, 0x01, 0x60, 0x00, 0x29, 0xEE,
    0x04, 0xBF, 0xFB, 0x57, 0xFF, 0x72, 0x00, 0x4C, 0xFE, 0x93, 0x00, 0x04, 0xAF, 0xFC, 0x00, 0x00, 0x28, 0xD0, 0x00, 0x00,
    0x00, 0x25, 0x55, 0x55, 0x52, 0x5F, 0xFF, 0xFF, 0xF5, 0x25, 0x55, 0x55, 0x52, 0x4E, 0xEE, 0xEE, 0xE5, 0x4B, 0xBB, 0xBB,
    0xB4, 0x00, 0x00, 0x00, 0x00, 0x43, 0x00, 0x00, 0x07, 0xFC, 0x50, 0x00, 0x29, 0xEF, 0xD7, 0x10, 0x00, 0x5C, 0xFE, 0x01,
    0x6C, 0xFE, 0x86, 0xFF, 0xD7, 0x10, 0x7B, 0x50, 0x00, 0x00, 0x00, 0x00, 0x00, 0x02, 0x7B, 0xC9, 0x20, 0x2E, 0xFD, 0xDF,
    0xE1, 0x16, 0x60, 0x0D, 0xF4, 0x00, 0x03, 0xBF, 0xD0, 0x00, 0x3F, 0xF9, 0x10, 0x00, 0x6D, 0x70, 0x00, 0x00, 0x14, 0x00,
    0x00, 0x00, 0xAF, 0x80, 0x00, 0x00, 0x8F, 0x60, 0x00, 0x00, 0x01, 0x00, 0x00, 0x00, 0x18, 0xBB, 0x71, 0x00, 0x03, 0xD7,
    0x33, 0x8D, 0x20, 0x1D, 0x33, 0x9A, 0x55, 0xC0, 0x59, 0x2E, 0xAC, 0xA0, 0xD2, 0x76, 0x5E, 0x09, 0xA0, 0xB4, 0x68, 0x4F,
    0x6D, 0xD4, 0xE2, 0x2D, 0x1A, 0xE8, 0xBE, 0x70, 0x07, 0xB2, 0x00, 0x10, 0x00, 0x00, 0x5D, 0xDD, 0x90, 0x00, 0x00, 0x00,
    0x11, 0x00, 0x00, 0x00, 0x08, 0xA7, 0x00, 0x00, 0x02, 0xFF, 0xF1, 0x00, 0x00, 0x7F, 0xEF, 0x60, 0x00, 0x0D, 0xF5, 0xFC,
    0x00, 0x04, 0xFC, 0x0D, 0xF3, 0x00, 0x9F, 0x93, 0xAF, 0x80, 0x1E, 0xFF, 0xFF, 0xFE, 0x06, 0xFD, 0x77, 0x7D, 0xF5, 0xBF,
    0x70, 0x00, 0x8F, 0xB0, 0x4A, 0xAA, 0xA9, 0x40, 0x07, 0xFF, 0xFF, 0xFF, 0x50, 0x7F, 0x90, 0x1A, 0xF9, 0x07, 0xFB, 0x44,
    0xCF, 0x60, 0x7F, 0xFF, 0xFF, 0xD1, 0x07, 0xFB, 0x56, 0xBF, 0xB0, 0x7F, 0x90, 0x04, 0xFE, 0x07, 0xFD, 0xAB, 0xEF, 0xB0,
    0x7F, 0xFF, 0xFE, 0x91, 0x00, 0x00, 0x39, 0xBB, 0x70, 0x00, 0x6F, 0xFE, 0xFF, 0xB0, 0x1E, 0xF6, 0x01, 0xA8, 0x15, 0xFC,
    0x00, 0x00, 0x00, 0x8F, 0xA0, 0x00, 0x00, 0x06, 0xFB, 0x00, 0x00, 0x00, 0x3F, 0xF2, 0x00, 0x43, 0x00, 0xAF, 0xE9, 0xAF,
    0xE2, 0x00, 0x8E, 0xFF, 0xC3, 0x00, 0x00, 0x01, 0x10, 0x00, 0x4A, 0xAA, 0x86, 0x10, 0x07, 0xFF, 0xFF, 0xFE, 0x30, 0x7F,
    0xA1, 0x29, 0xFD, 0x17, 0xF9, 0x00, 0x0D, 0xF3, 0x7F, 0x90, 0x00, 0xBF, 0x67, 0xF9, 0x00, 0x0C, 0xF4, 0x7F, 0x90, 0x05,
    0xFF, 0x27, 0xFD, 0xBD, 0xFF, 0x70, 0x7F, 0xFF, 0xDB, 0x50, 0x00, 0x4A, 0xAA, 0xAA, 0xA2, 0x7F, 0xFF, 0xFF, 0xF4, 0x7F,
    0xA2, 0x22, 0x20, 0x7F, 0xB5, 0x52, 0x00, 0x7F, 0xFF, 0xF7, 0x00, 0x7F, 0xC7, 0x73, 0x00, 0x7F, 0x90, 0x00, 0x00, 0x7F,
    0xEC, 0xCC, 0xC3, 0x7F, 0xFF, 0xFF, 0xF4, 0x4A, 0xAA, 0xAA, 0x87, 0xFF, 0xFF, 0xFC, 0x7F, 0xA2, 0x22, 0x17, 0xFB, 0x55,
    0x54, 0x7F, 0xFF, 0xFF, 0xC7, 0xFC, 0x77, 0x75, 0x7F, 0x90, 0x00, 0x07, 0xF9, 0x00, 0x00, 0x7F, 0x90, 0x00, 0x00, 0x00,
    0x39, 0xBA, 0x71, 0x00, 0x5F, 0xFE, 0xFF, 0xC1, 0x1E, 0xF6, 0x00, 0x75, 0x05, 0xFC, 0x00, 0x00, 0x00, 0x8F, 0xA0, 0x2E,
    0xEE, 0xC6, 0xFB, 0x01, 0xBC, 0xFD, 0x3F, 0xF3, 0x00, 0x5F, 0xD0, 0xAF, 0xE9, 0xAE, 0xFD, 0x01, 0x9E, 0xFF, 0x9A, 0xD0,
    0x00, 0x02, 0x00, 0x00, 0x4A, 0x60, 0x00, 0x8A, 0x27, 0xF9, 0x00, 0x0C, 0xF4, 0x7F, 0x90, 0x00, 0xCF, 0x47, 0xFB, 0x55,
    0x5D, 0xF4, 0x7F, 0xFF, 0xFF, 0xFF, 0x47, 0xFC, 0x77, 0x7D, 0xF4, 0x7F, 0x90, 0x00, 0xCF, 0x47, 0xF9, 0x00, 0x0C, 0xF4,
    0x7F, 0x90, 0x00, 0xCF, 0x40, 0x3A, 0xAA, 0xA2, 0x4E, 0xFF, 0xE3, 0x01, 0xFF, 0x00, 0x01, 0xFF, 0x00, 0x01, 0xFF, 0x00,
    0x01, 0xFF, 0x00, 0x01, 0xFF, 0x00, 0x29, 0xFF, 0x92, 0x4F, 0xFF, 0xF3, 0x00, 0x00, 0x4A, 0x70, 0x00, 0x05, 0xFB, 0x00,
    0x00, 0x5F, 0xB0, 0x00, 0x05, 0xFB, 0x00, 0x00, 0x5F, 0xB0, 0x00, 0x05, 0xFA, 0x6C, 0x20, 0x7F, 0x99, 0xFD, 0x9E, 0xF4,
    0x1A, 0xFF, 0xE7, 0x00, 0x01, 0x20, 0x00, 0x4A, 0x60, 0x06, 0xA9, 0x17, 0xF9, 0x05, 0xFE, 0x30, 0x7F, 0x94, 0xFF, 0x40,
    0x07, 0xFC, 0xEF, 0x50, 0x00, 0x7F, 0xFF, 0xF3, 0x00, 0x07, 0xFF, 0xCF, 0xD1, 0x00, 0x7F, 0xB0, 0xBF, 0x90, 0x07, 0xF9,
    0x02, 0xEF, 0x50, 0x7F, 0x90, 0x05, 0xFE, 0x20, 0x4A, 0x60, 0x00, 0x07, 0xF9, 0x00, 0x00, 0x7F, 0x90, 0x00, 0x07, 0xF9,
    0x00, 0x00, 0x7F, 0x90, 0x00, 0x07, 0xF9, 0x00, 0x00, 0x7F, 0x90, 0x00, 0x07, 0xFE, 0xCC, 0xC9, 0x7F, 0xFF, 0xFF, 0xC0,
    0x4A, 0xA7, 0x00, 0x08, 0xAA, 0x47, 0xFF, 0xE0, 0x01, 0xFF, 0xF5, 0x7F, 0xEF, 0x40, 0x5F, 0xEF, 0x57, 0xF9, 0xF8, 0x0A,
    0xEA, 0xF5, 0x7F, 0x8B, 0xD0, 0xEA, 0xAF, 0x57, 0xF8, 0x7F, 0x6F, 0x5A, 0xF5, 0x7F, 0x82, 0xFE, 0xF1, 0xAF, 0x57, 0xF8,
    0x0D, 0xFB, 0x0A, 0xF5, 0x7F, 0x80, 0x8F, 0x70, 0xAF, 0x50, 0x4A, 0xA4, 0x00, 0x5A, 0x57, 0xFF, 0xC0, 0x07, 0xF8, 0x7F,
    0xFF, 0x50, 0x7F, 0x87, 0xFA, 0xFD, 0x07, 0xF8, 0x7F, 0x88, 0xF7, 0x7F, 0x87, 0xF8, 0x1E, 0xE8, 0xF8, 0x7F, 0x80, 0x7F,
    0xEF, 0x87, 0xF8, 0x00, 0xDF, 0xF8, 0x7F, 0x80, 0x06, 0xFF, 0x80, 0x00, 0x28, 0xBB, 0x81, 0x00, 0x05, 0xEF, 0xEE, 0xFE,
    0x40, 0x1E, 0xF7, 0x00, 0x9F, 0xD1, 0x5F, 0xD0, 0x00, 0x0E, 0xF4, 0x7F, 0xA0, 0x00, 0x0B, 0xF6, 0x6F, 0xB0, 0x00, 0x0D,
    0xF5, 0x3F, 0xF3, 0x00, 0x4F, 0xF2, 0x09, 0xFE, 0x9A, 0xFF, 0x70, 0x00, 0x7E, 0xFF, 0xD6, 0x00, 0x00, 0x00, 0x11, 0x00,
    0x00, 0x4A, 0xAA, 0x98, 0x30, 0x7F, 0xFF, 0xFF, 0xF4, 0x7F, 0xA1, 0x2B, 0xFB, 0x7F, 0x90, 0x08, 0xFB, 0x7F, 0xDB, 0xCF,
    0xF7, 0x7F, 0xFF, 0xEC, 0x70, 0x7F, 0x90, 0x00, 0x00, 0x7F, 0x90, 0x00, 0x00, 0x7F, 0x90, 0x00, 0x00, 0x00, 0x28, 0xBB,
    0x81, 0x00, 0x00, 0x5E, 0xFE, 0xEF, 0xE4, 0x00, 0x1E, 0xF7, 0x00, 0x9F, 0xD1, 0x05, 0xFD, 0x00, 0x00, 0xEF, 0x40, 0x7F,
    0xA0, 0x19, 0x1B, 0xF6, 0x06, 0xFB, 0x05, 0xFC, 0xDF, 0x50, 0x3F, 0xF3, 0x06, 0xFF, 0xF2, 0x00, 0x9F, 0xE9, 0xAF, 0xFE,
    0x20, 0x00, 0x7E, 0xFF, 0xD8, 0xED, 0x00, 0x00, 0x01, 0x10, 0x03, 0x40, 0x4A, 0xAA, 0x98, 0x30, 0x07, 0xFF, 0xFF, 0xFF,
    0x50, 0x7F, 0xA1, 0x2A, 0xFB, 0x07, 0xF9, 0x01, 0x9F, 0xC0, 0x7F, 0xFF, 0xFF, 0xF5, 0x07, 0xFE, 0xCF, 0xE3, 0x00, 0x7F,
    0x91, 0xDF, 0x70, 0x07, 0xF9, 0x03, 0xFF, 0x30, 0x7F, 0x90, 0x07, 0xFD, 0x10, 0x02, 0x8B, 0xB7, 0x20, 0x3E, 0xFD, 0xEF,
    0xE1, 0x8F, 0xA0, 0x08, 0x51, 0x7F, 0xE7, 0x40, 0x00, 0x1A, 0xFF, 0xFE, 0x90, 0x00, 0x26, 0xAF, 0xF8, 0x27, 0x50, 0x08,
    0xFA, 0x6F, 0xE9, 0x8E, 0xF5, 0x06, 0xDF, 0xFD, 0x60, 0x00, 0x01, 0x10, 0x00, 0x8A, 0xAA, 0xAA, 0xA8, 0xCF, 0xFF, 0xFF,
    0xFC, 0x12, 0x2F, 0xF2, 0x21, 0x00, 0x0F, 0xF0, 0x00, 0x00, 0x0F, 0xF0, 0x00, 0x00, 0x0F, 0xF0, 0x00, 0x00, 0x0F, 0xF0,
    0x00, 0x00, 0x0F, 0xF0, 0x00, 0x00, 0x0F, 0xF0, 0x00, 0x4A, 0x60, 0x00, 0xAA, 0x07, 0xF9, 0x00, 0x0F, 0xF1, 0x7F, 0x90,
    0x00, 0xFF, 0x17, 0xF9, 0x00, 0x0F, 0xF1, 0x7F, 0x90, 0x00, 0xFF, 0x16, 0xFA, 0x00, 0x1F, 0xF0, 0x4F, 0xD0, 0x04, 0xFD,
    0x01, 0xEF, 0xB8, 0xDF, 0x80, 0x03, 0xCF, 0xFF, 0x91, 0x00, 0x00, 0x12, 0x00, 0x00, 0x8A, 0x40, 0x00, 0x9A, 0x37, 0xF9,
    0x00, 0x2F, 0xE1, 0x2F, 0xE0, 0x06, 0xFA, 0x00, 0xCF, 0x40, 0xBF, 0x50, 0x07, 0xF8, 0x1F, 0xE0, 0x00, 0x2F, 0xD6, 0xF9,
    0x00, 0x00, 0xCF, 0xDF, 0x40, 0x00, 0x07, 0xFF, 0xE0, 0x00, 0x00, 0x2F, 0xF9, 0x00, 0x00, 0x8A, 0x20, 0x4A, 0x90, 0x08,
    0xA3, 0x9F, 0x60, 0x9F, 0xF1, 0x0E, 0xF1, 0x5F, 0x90, 0xCF, 0xF4, 0x2F, 0xC0, 0x2F, 0xC0, 0xFB, 0xF7, 0x5F, 0x90, 0x0D,
    0xF4, 0xF6, 0xEA, 0x8F, 0x50, 0x09, 0xFA, 0xF2, 0xBD, 0xBF, 0x10, 0x06, 0xFF, 0xE0, 0x7F, 0xFD, 0x00, 0x02, 0xFF, 0xB0,
    0x4F, 0xF9, 0x00, 0x00, 0xEF, 0x80, 0x1F, 0xF6, 0x00, 0x5A, 0xA1, 0x00, 0x9A, 0x51, 0xDF, 0x90, 0x8F, 0xD1, 0x03, 0xFF,
    0x8F, 0xF3, 0x00, 0x07, 0xFF, 0xF8, 0x00, 0x00, 0x0D, 0xFE, 0x00, 0x00, 0x06, 0xFF, 0xF7, 0x00, 0x02, 0xEF, 0x9F, 0xF3,
    0x00, 0xCF, 0xA0, 0x9F, 0xD1, 0x8F, 0xD1, 0x01, 0xDF, 0x90, 0x7A, 0x70, 0x00, 0x8A, 0x62, 0xFF, 0x30, 0x4F, 0xE2, 0x08,
    0xFC, 0x0D, 0xF7, 0x00, 0x0D, 0xFB, 0xFC, 0x00, 0x00, 0x4F, 0xFF, 0x30, 0x00, 0x00, 0xAF, 0x90, 0x00, 0x00, 0x08, 0xF7,
    0x00, 0x00, 0x00, 0x8F, 0x70, 0x00, 0x00, 0x08, 0xF7, 0x00, 0x00, 0x4A, 0xAA, 0xAA, 0xA5, 0x6F, 0xFF, 0xFF, 0xF7, 0x12,
    0x22, 0x9F, 0xD1, 0x00, 0x05, 0xFE, 0x30, 0x00, 0x3E, 0xF5, 0x00, 0x01, 0xDF, 0x70, 0x00, 0x0C, 0xFA, 0x00, 0x00, 0x8F,
    0xFD, 0xCC, 0xC8, 0x9F, 0xFF, 0xFF, 0xFA, 0x4A, 0xA9, 0x7F, 0xDB, 0x7F, 0x30, 0x7F, 0x30, 0x7F, 0x30, 0x7F, 0x30, 0x7F,
    0x30, 0x7F, 0x30, 0x7F, 0x30, 0x7F, 0x85, 0x7F, 0xFD, 0x11, 0x11, 0x7A, 0x30, 0x00, 0x5F, 0x90, 0x00, 0x0E, 0xE1, 0x00,
    0x09, 0xF6, 0x00, 0x03, 0xFC, 0x00, 0x00, 0xCF, 0x30, 0x00, 0x6F, 0x90, 0x00, 0x1E, 0xE0, 0x00, 0x09, 0xF5, 0x6A, 0xA8,
    0x7C, 0xFB, 0x00, 0xEB, 0x00, 0xEB, 0x00, 0xEB, 0x00, 0xEB, 0x00, 0xEB, 0x00, 0xEB, 0x00, 0xEB, 0x36, 0xEB, 0x9F, 0xFB,
    0x11, 0x11, 0x00, 0x1A, 0x70, 0x00, 0x00, 0x8F, 0xF3, 0x00, 0x01, 0xED, 0xFA, 0x00, 0x08, 0xF4, 0xAF, 0x30, 0x1E, 0xB0,
    0x2E, 0xA0, 0x00, 0x00, 0x00, 0x00, 0x00, 0x00, 0x00, 0x00, 0x00, 0x00, 0x00, 0x00, 0x00, 0x00, 0x00, 0x00, 0xDF, 0xFF,
    0xF7, 0x9A, 0xAA, 0xA5, 0x15, 0x00, 0x3F, 0x80, 0x04, 0x81, 0x00, 0x00, 0x00, 0x00, 0x00, 0x00, 0x00, 0x00, 0x00, 0x00,
    0x00, 0x00, 0x00, 0x00, 0x01, 0x58, 0x82, 0x01, 0xCF, 0xCF, 0xF2, 0x03, 0x40, 0x8F, 0x70, 0x5B, 0xDF, 0xF8, 0x6F, 0xB5,
    0x8F, 0x8A, 0xFA, 0x4C, 0xF9, 0x3E, 0xFE, 0x9F, 0xA0, 0x02, 0x00, 0x00, 0x4A, 0x60, 0x00, 0x00, 0x5F, 0x90, 0x00, 0x00,
    0x5F, 0x94, 0x86, 0x00, 0x5F, 0xEF, 0xFF, 0xB0, 0x5F, 0xD2, 0x3F, 0xF3, 0x5F, 0x90, 0x0B, 0xF6, 0x5F, 0xA0, 0x0D, 0xF5,
    0x5F, 0xF9, 0xAF, 0xE1, 0x5F, 0xAD, 0xFE, 0x50, 0x00, 0x00, 0x20, 0x00, 0x00, 0x69, 0x62, 0x01, 0xCF, 0xFF, 0xE2, 0x7F,
    0xA1, 0x47, 0x1A, 0xF5, 0x00, 0x00, 0x9F, 0x70, 0x00, 0x04, 0xFE, 0x7A, 0xB3, 0x07, 0xEF, 0xE9, 0x00, 0x00, 0x20, 0x00,
    0x00, 0x00, 0x09, 0xA1, 0x00, 0x00, 0x0D, 0xF1, 0x02, 0x78, 0x2D, 0xF1, 0x1E, 0xFF, 0xEE, 0xF1, 0x7F, 0xC1, 0x4F, 0xF1,
    0xAF, 0x70, 0x0D, 0xF1, 0x9F, 0x90, 0x0E, 0xF1, 0x5F, 0xE8, 0xBF, 0xF2, 0x08, 0xFF, 0xAB, 0xF4, 0x00, 0x11, 0x00, 0x00,
    0x00, 0x59, 0x72, 0x00, 0x0C, 0xFE, 0xFE, 0x30, 0x6F, 0xA0, 0x2E, 0xC0, 0xAF, 0xED, 0xDF, 0xF0, 0x9F, 0x94, 0x44, 0x40,
    0x3F, 0xE7, 0x8A, 0x30, 0x05, 0xEF, 0xFA, 0x10, 0x00, 0x01, 0x00, 0x00, 0x00, 0x57, 0x30, 0xAF, 0xF7, 0x0D, 0xF4, 0x16,
    0xEF, 0x73, 0xEF, 0xFF, 0x71, 0xDF, 0x20, 0x0D, 0xF1, 0x00, 0xDF, 0x10, 0x0D, 0xF1, 0x00, 0xDF, 0x10, 0x02, 0x88, 0x24,
    0x71, 0x2E, 0xFF, 0xEE, 0xF1, 0x8F, 0xB1, 0x3F, 0xF1, 0xAF, 0x70, 0x0D, 0xF1, 0x8F, 0xB0, 0x1E, 0xF1, 0x2F, 0xFD, 0xEF,
    0xF1, 0x03, 0xAA, 0x4D, 0xF1, 0x02, 0x50, 0x2F, 0xE0, 0x0B, 0xFE, 0xFF, 0x70, 0x00, 0x69, 0x84, 0x00, 0x4A, 0x60, 0x00,
    0x05, 0xF9, 0x00, 0x00, 0x5F, 0x94, 0x86, 0x05, 0xFE, 0xFF, 0xF7, 0x5F, 0xD1, 0x6F, 0xB5, 0xFA, 0x03, 0xFC, 0x5F, 0x90,
    0x3F, 0xC5, 0xF9, 0x03, 0xFC, 0x5F, 0x90, 0x3F, 0xC0, 0x03, 0xB4, 0x08, 0xF9, 0x01, 0x61, 0x57, 0x73, 0xBF, 0xF8, 0x18,
    0xF8, 0x07, 0xF8, 0x07, 0xF8, 0x07, 0xF8, 0x07, 0xF8, 0x02, 0xB6, 0x05, 0xFB, 0x00, 0x62, 0x02, 0x74, 0x04, 0xFA, 0x04,
    0xFA, 0x04, 0xFA, 0x04, 0xFA, 0x04, 0xFA, 0x04, 0xFA, 0x6A, 0xFA, 0xEF, 0xD4, 0x11, 0x00, 0x4A, 0x60, 0x00, 0x00, 0x5F,
    0x90, 0x00, 0x00, 0x5F, 0x90, 0x37, 0x60, 0x5F, 0x92, 0xEF, 0x40, 0x5F, 0xBD, 0xF5, 0x00, 0x5F, 0xFF, 0xC0, 0x00, 0x5F,
    0xFE, 0xF7, 0x00, 0x5F, 0xA2, 0xEF, 0x40, 0x5F, 0x90, 0x6F, 0xD1, 0x4A, 0x60, 0x05, 0xF9, 0x00, 0x5F, 0x90, 0x05, 0xF9,
    0x00, 0x5F, 0x90, 0x05, 0xF9, 0x00, 0x5F, 0xA0, 0x05, 0xFE, 0x90, 0x1C, 0xFF, 0x00, 0x27, 0x34, 0x86, 0x05, 0x87, 0x00,
    0x5F, 0xDF, 0xFF, 0xCF, 0xFF, 0x90, 0x5F, 0xD1, 0x6F, 0xE2, 0x5F, 0xC0, 0x5F, 0xA0, 0x4F, 0xC0, 0x2F, 0xD0, 0x5F, 0x90,
    0x4F, 0xB0, 0x2F, 0xD0, 0x5F, 0x90, 0x4F, 0xB0, 0x2F, 0xD0, 0x5F, 0x90, 0x4F, 0xB0, 0x2F, 0xD0, 0x27, 0x34, 0x86, 0x05,
    0xFD, 0xFF, 0xF7, 0x5F, 0xD1, 0x6F, 0xB5, 0xFA, 0x03, 0xFC, 0x5F, 0x90, 0x3F, 0xC5, 0xF9, 0x03, 0xFC, 0x5F, 0x90, 0x3F,
    0xC0, 0x00, 0x69, 0x72, 0x00, 0x1C, 0xFF, 0xFF, 0x40, 0x7F, 0xA1, 0x5F, 0xD0, 0xAF, 0x50, 0x0E, 0xF1, 0x8F, 0x60, 0x1F,
    0xF0, 0x4F, 0xE8, 0xBF, 0xA0, 0x06, 0xEF, 0xFA, 0x10, 0x00, 0x02, 0x10, 0x00, 0x27, 0x34, 0x86, 0x00, 0x5F, 0xDF, 0xFF,
    0xB0, 0x5F, 0xD2, 0x3F, 0xF3, 0x5F, 0x90, 0x0B, 0xF6, 0x5F, 0xA0, 0x0D, 0xF5, 0x5F, 0xF9, 0xAF, 0xE1, 0x5F, 0xBC, 0xFE,
    0x50, 0x5F, 0x90, 0x10, 0x00, 0x5F, 0x90, 0x00, 0x00, 0x01, 0x10, 0x00, 0x00, 0x01, 0x78, 0x25, 0x71, 0x01, 0xEF, 0xFE,
    0xEF, 0x10, 0x7F, 0xC1, 0x4F, 0xF1, 0x0A, 0xF7, 0x00, 0xDF, 0x10, 0x9F, 0x90, 0x0E, 0xF1, 0x05, 0xFE, 0x8B, 0xFF, 0x10,
    0x08, 0xFF, 0xAE, 0xF2, 0x00, 0x01, 0x10, 0xDF, 0xB7, 0x00, 0x00, 0x07, 0xFF, 0xB0, 0x00, 0x00, 0x02, 0x31, 0x27, 0x25,
    0x55, 0xFB, 0xFA, 0x5F, 0xF7, 0x35, 0xFB, 0x00, 0x5F, 0x90, 0x05, 0xF9, 0x00, 0x5F, 0x90, 0x00, 0x03, 0x89, 0x61, 0x04,
    0xFF, 0xDF, 0xC1, 0x8F, 0x91, 0x31, 0x03, 0xDF, 0xFD, 0x81, 0x00, 0x58, 0xDF, 0x75, 0xE9, 0x5A, 0xF6, 0x1A, 0xEF, 0xF9,
    0x00, 0x00, 0x21, 0x00, 0x01, 0x10, 0x00, 0xBF, 0x30, 0x6D, 0xF8, 0x4D, 0xFF, 0xF9, 0x1C, 0xF4, 0x10, 0xBF, 0x30, 0x0B,
    0xF3, 0x00, 0xBF, 0xC6, 0x05, 0xEF, 0x90, 0x27, 0x40, 0x27, 0x55, 0xF9, 0x04, 0xFB, 0x5F, 0x90, 0x4F, 0xB5, 0xF9, 0x04,
    0xFB, 0x5F, 0xA0, 0x5F, 0xB4, 0xFE, 0x7C, 0xFB, 0x0B, 0xFF, 0x8F, 0xB0, 0x01, 0x00, 0x00, 0x67, 0x10, 0x27, 0x5A, 0xF5,
    0x08, 0xF7, 0x5F, 0xA0, 0xCF, 0x20, 0xEE, 0x2F, 0xC0, 0x09, 0xFB, 0xF6, 0x00, 0x4F, 0xFF, 0x10, 0x00, 0xDF, 0xA0, 0x00,
    0x66, 0x02, 0x74, 0x04, 0x72, 0xCF, 0x26, 0xFC, 0x0C, 0xF2, 0x8F, 0x69, 0xEF, 0x1F, 0xE0, 0x4F, 0x9C, 0x8F, 0x6F, 0xA0,
    0x1F, 0xDF, 0x4D, 0xCF, 0x60, 0x0C, 0xFF, 0x1A, 0xFF, 0x20, 0x08, 0xFD, 0x07, 0xFE, 0x00, 0x47, 0x30, 0x47, 0x43, 0xFE,
    0x4E, 0xE2, 0x06, 0xFF, 0xF5, 0x00, 0x0C, 0xFB, 0x00, 0x03, 0xFF, 0xF3, 0x01, 0xDF, 0x8F, 0xC0, 0xAF, 0x80, 0x9F, 0x80,
    0x67, 0x10, 0x37, 0x4A, 0xF6, 0x0A, 0xF5, 0x4F, 0xB0, 0xEE, 0x10, 0xDF, 0x5F, 0x90, 0x07, 0xFD, 0xF3, 0x00, 0x2F, 0xFC,
    0x00, 0x00, 0xBF, 0x70, 0x01, 0x5D, 0xE1, 0x00, 0x2F, 0xE6, 0x00, 0x00, 0x10, 0x00, 0x00, 0x37, 0x77, 0x77, 0x27, 0xFF,
    0xFF, 0xF4, 0x12, 0x2B, 0xFC, 0x10, 0x0A, 0xFC, 0x10, 0x0A, 0xFC, 0x10, 0x08, 0xFF, 0xA8, 0x84, 0x9F, 0xFF, 0xFF, 0x70,
    0x01, 0x7A, 0x40, 0x9F, 0xE5, 0x0C, 0xF2, 0x00, 0xCF, 0x10, 0x3E, 0xE0, 0x0B, 0xF5, 0x00, 0x7F, 0xC0, 0x00, 0xCF, 0x10,
    0x0C, 0xF1, 0x00, 0xBF, 0x92, 0x04, 0xEF, 0x50, 0x00, 0x10, 0x4A, 0x57, 0xF7, 0x7F, 0x77, 0xF7, 0x7F, 0x77, 0xF7, 0x7F,
    0x77, 0xF7, 0x7F, 0x77, 0xF7, 0x7F, 0x71, 0x11, 0x6A, 0x60, 0x08, 0xFF, 0x60, 0x05, 0xF9, 0x00, 0x4F, 0x90, 0x02, 0xFC,
    0x10, 0x08, 0xF7, 0x01, 0xEE, 0x40, 0x4F, 0xA0, 0x04, 0xF9, 0x04, 0xBF, 0x80, 0x8F, 0xD2, 0x01, 0x10, 0x00, 0x05, 0x72,
    0x19, 0x22, 0xFF, 0xFD, 0xF3, 0x4E, 0x27, 0xB9, 0x00, 0x00, 0x00, 0x00, 0x00, 0x00, 0x00, 0x00
}};

const DeckFont kLabelFont{kLabelGlyphs, kLabelPixels, 32, 126, 17};

constexpr std::array<DeckGlyph, 95> kFooterGlyphs{{
    {0, 5, 0, 0, 16, 5}, {0, 5, 12, 0, 5, 5},
    {30, 7, 11, 0, 5, 7}, {69, 13, 11, 0, 5, 13},
    {141, 10, 14, 0, 4, 10}, {211, 16, 12, 0, 5, 16},
    {307, 12, 13, 0, 4, 11}, {385, 4, 11, 0, 5, 4},
    {407, 6, 14, 0, 5, 6}, {449, 6, 14, 0, 5, 6},
    {491, 7, 11, 0, 5, 7}, {530, 10, 8, 0, 8, 10},
    {570, 4, 6, 0, 13, 4}, {582, 6, 5, 0, 11, 6},
    {597, 4, 4, 0, 13, 4}, {605, 7, 11, 0, 5, 7},
    {644, 10, 12, 0, 5, 10}, {704, 7, 11, 0, 5, 7},
    {743, 9, 11, 0, 5, 9}, {793, 10, 12, 0, 5, 10},
    {853, 10, 11, 0, 5, 10}, {908, 10, 12, 0, 5, 10},
    {968, 10, 12, 0, 5, 10}, {1028, 9, 11, 0, 5, 9},
    {1078, 10, 12, 0, 5, 10}, {1138, 9, 11, 0, 5, 9},
    {1188, 4, 10, 0, 7, 4}, {1208, 4, 12, 0, 7, 4},
    {1232, 9, 10, 0, 7, 9}, {1277, 10, 7, 0, 9, 10},
    {1312, 9, 10, 0, 7, 9}, {1357, 10, 12, 0, 5, 10},
    {1417, 12, 12, 0, 5, 12}, {1489, 11, 11, 0, 5, 11},
    {1550, 10, 11, 0, 5, 10}, {1605, 11, 12, 0, 5, 11},
    {1671, 11, 11, 0, 5, 11}, {1732, 9, 11, 0, 5, 9},
    {1782, 9, 11, 0, 5, 9}, {1832, 12, 12, 0, 5, 12},
    {1904, 11, 11, 0, 5, 11}, {1965, 7, 11, 0, 5, 7},
    {2004, 9, 12, 0, 5, 9}, {2058, 11, 11, 0, 5, 11},
    {2119, 9, 11, 0, 5, 9}, {2169, 13, 11, 0, 5, 13},
    {2241, 11, 11, 0, 5, 11}, {2302, 12, 12, 0, 5, 12},
    {2374, 10, 11, 0, 5, 10}, {2429, 13, 12, 0, 5, 12},
    {2507, 11, 11, 0, 5, 10}, {2568, 10, 12, 0, 5, 10},
    {2628, 10, 11, 0, 5, 10}, {2683, 11, 12, 0, 5, 11},
    {2749, 11, 11, 0, 5, 10}, {2810, 14, 11, 0, 5, 14},
    {2887, 12, 11, 0, 5, 11}, {2953, 11, 11, 0, 5, 11},
    {3014, 10, 11, 0, 5, 10}, {3069, 5, 14, 0, 5, 5},
    {3104, 7, 11, 0, 5, 7}, {3143, 5, 14, 0, 5, 5},
    {3178, 9, 11, 0, 5, 9}, {3228, 7, 3, 0, 16, 7},
    {3239, 5, 12, 0, 4, 5}, {3269, 9, 10, 0, 7, 9},
    {3314, 10, 12, 0, 5, 10}, {3374, 9, 10, 0, 7, 8},
    {3419, 10, 12, 0, 5, 10}, {3479, 9, 10, 0, 7, 9},
    {3524, 6, 12, 0, 4, 6}, {3560, 10, 13, 0, 7, 10},
    {3625, 9, 11, 0, 5, 9}, {3675, 5, 13, 0, 3, 5},
    {3708, 6, 16, -2, 3, 4}, {3756, 9, 11, 0, 5, 9},
    {3806, 5, 11, 0, 5, 5}, {3834, 14, 9, 0, 7, 14},
    {3897, 9, 9, 0, 7, 9}, {3938, 9, 10, 0, 7, 9},
    {3983, 10, 12, 0, 7, 10}, {4043, 11, 12, 0, 7, 10},
    {4109, 6, 9, 0, 7, 6}, {4136, 9, 10, 0, 7, 9},
    {4181, 6, 10, 0, 6, 6}, {4211, 9, 9, 0, 8, 9},
    {4252, 9, 8, 0, 8, 8}, {4288, 12, 8, 0, 8, 12},
    {4336, 9, 8, 0, 8, 9}, {4372, 9, 11, 0, 8, 8},
    {4422, 8, 8, 0, 8, 8}, {4454, 6, 14, 0, 5, 6},
    {4496, 4, 14, 0, 5, 4}, {4524, 6, 14, 0, 5, 6},
    {4566, 9, 6, 0, 10, 9}
}};

constexpr std::array<std::uint8_t, 4593> kFooterPixels{{
    0x3A, 0xA8, 0x04, 0xFF, 0xC0, 0x4F, 0xFC, 0x03, 0xFF, 0xB0, 0x1F, 0xF8, 0x00, 0xEF, 0x60, 0x0B, 0xF3, 0x00, 0x12, 0x00,
    0x09, 0xC4, 0x03, 0xFF, 0xB0, 0x0D, 0xF6, 0x00, 0x01, 0x00, 0x4A, 0x93, 0xA9, 0x05, 0xFD, 0x4F, 0xD0, 0x4F, 0xC3, 0xFC,
    0x03, 0xFB, 0x2F, 0xB0, 0x01, 0x10, 0x11, 0x00, 0x00, 0x00, 0x00, 0x00, 0x00, 0x00, 0x00, 0x00, 0x00, 0x00, 0x00, 0x00,
    0x00, 0x00, 0x00, 0x00, 0x00, 0x00, 0x00, 0x00, 0x00, 0x00, 0x04, 0xA9, 0x00, 0xAA, 0x30, 0x00, 0x00, 0x7F, 0xB0, 0x1F,
    0xF3, 0x00, 0x07, 0xAD, 0xFD, 0xAB, 0xFF, 0xAA, 0x10, 0xCF, 0xFF, 0xFF, 0xFF, 0xFF, 0xE0, 0x08, 0x9F, 0xFB, 0x9C, 0xFD,
    0x97, 0x00, 0x01, 0xFF, 0x30, 0xAF, 0x90, 0x00, 0x14, 0x6F, 0xF5, 0x4C, 0xFA, 0x42, 0x06, 0xFF, 0xFF, 0xFF, 0xFF, 0xFF,
    0x60, 0x8F, 0xFF, 0xFF, 0xFF, 0xFF, 0xF4, 0x00, 0x0A, 0xF9, 0x03, 0xFF, 0x10, 0x00, 0x00, 0xCF, 0x70, 0x5F, 0xD0, 0x00,
    0x00, 0x00, 0x00, 0x97, 0x00, 0x00, 0x00, 0x5A, 0xED, 0x83, 0x00, 0x0A, 0xFF, 0xFF, 0xFF, 0x60, 0x5F, 0xF9, 0xBA, 0xCE,
    0x90, 0x8F, 0xF3, 0xA8, 0x11, 0x00, 0x4F, 0xFF, 0xEB, 0x40, 0x00, 0x07, 0xEF, 0xFF, 0xFE, 0x50, 0x00, 0x05, 0xDF, 0xFF,
    0xF3, 0x00, 0x30, 0xA8, 0x6F, 0xF7, 0x5D, 0xF5, 0xA8, 0x6F, 0xF5, 0x1D, 0xFF, 0xFF, 0xFF, 0xC1, 0x02, 0xAF, 0xFF, 0xE9,
    0x10, 0x00, 0x00, 0xB9, 0x00, 0x00, 0x00, 0x00, 0x43, 0x00, 0x00, 0x02, 0xAC, 0xA2, 0x00, 0x00, 0x7A, 0x30, 0x00, 0x1E,
    0xFF, 0xFE, 0x20, 0x04, 0xFB, 0x00, 0x00, 0x7F, 0xA2, 0xAF, 0x80, 0x1E, 0xE2, 0x00, 0x00, 0x9F, 0x60, 0x5F, 0x90, 0xAF,
    0x50, 0x00, 0x00, 0x5F, 0xE8, 0xDF, 0x66, 0xFA, 0x00, 0x10, 0x00, 0x09, 0xFF, 0xFA, 0x2E, 0xD2, 0x9F, 0xFB, 0x20, 0x00,
    0x36, 0x30, 0xCF, 0x49, 0xFE, 0xEF, 0xC0, 0x00, 0x00, 0x07, 0xF8, 0x0E, 0xF2, 0x0D, 0xF2, 0x00, 0x00, 0x3F, 0xC0, 0x0E,
    0xE1, 0x0D, 0xF2, 0x00, 0x01, 0xDF, 0x20, 0x0A, 0xFE, 0xDF, 0xC0, 0x00, 0x09, 0xF6, 0x00, 0x01, 0xBF, 0xFC, 0x20, 0x00,
    0x00, 0x00, 0x00, 0x00, 0x01, 0x20, 0x00, 0x00, 0x00, 0x34, 0x10, 0x00, 0x00, 0x00, 0x3D, 0xFF, 0xE5, 0x00, 0x00, 0x00,
    0xDF, 0xCA, 0xFE, 0x10, 0x00, 0x00, 0xFF, 0x40, 0xCF, 0x40, 0x00, 0x00, 0xCF, 0xA4, 0xFF, 0x10, 0x00, 0x00, 0x5F, 0xFF,
    0xF6, 0x13, 0x20, 0x04, 0xDF, 0xFF, 0x90, 0x8F, 0x80, 0x3F, 0xFD, 0xAF, 0xF5, 0xEF, 0x40, 0x8F, 0xF1, 0x0B, 0xFF, 0xFC,
    0x00, 0x8F, 0xF4, 0x02, 0xEF, 0xF5, 0x00, 0x2E, 0xFF, 0xDE, 0xFF, 0xFC, 0x10, 0x03, 0xCF, 0xFF, 0xA5, 0xEF, 0xB0, 0x00,
    0x01, 0x30, 0x00, 0x00, 0x00, 0x4A, 0x90, 0x5F, 0xD0, 0x4F, 0xC0, 0x3F, 0xB0, 0x01, 0x10, 0x00, 0x00, 0x00, 0x00, 0x00,
    0x00, 0x00, 0x00, 0x00, 0x00, 0x00, 0x00, 0x00, 0x9A, 0x50, 0x03, 0xFF, 0x20, 0x0A, 0xF9, 0x00, 0x0F, 0xF4, 0x00, 0x2F,
    0xF1, 0x00, 0x5F, 0xE0, 0x00, 0x6F, 0xD0, 0x00, 0x6F, 0xD0, 0x00, 0x4F, 0xF0, 0x00, 0x1F, 0xF4, 0x00, 0x0B, 0xF9, 0x00,
    0x03, 0xFF, 0x30, 0x00, 0xAF, 0xB0, 0x00, 0x29, 0x91, 0x06, 0xA7, 0x00, 0x03, 0xFF, 0x10, 0x00, 0xCF, 0x70, 0x00, 0x6F,
    0xD0, 0x00, 0x4F, 0xF0, 0x00, 0x2F, 0xF2, 0x00, 0x0F, 0xF4, 0x00, 0x1F, 0xF3, 0x00, 0x3F, 0xF2, 0x00, 0x7F, 0xD0, 0x00,
    0xCF, 0x80, 0x05, 0xFE, 0x10, 0x0D, 0xF8, 0x00, 0x39, 0x91, 0x00, 0x00, 0x2A, 0x20, 0x00, 0x66, 0xF5, 0x50, 0x1E, 0xFF,
    0xFE, 0x00, 0x1E, 0xFD, 0x10, 0x06, 0xF7, 0xF5, 0x00, 0x02, 0x02, 0x00, 0x00, 0x00, 0x00, 0x00, 0x00, 0x00, 0x00, 0x00,
    0x00, 0x00, 0x00, 0x00, 0x00, 0x00, 0x00, 0x00, 0x00, 0x00, 0x00, 0x01, 0xEE, 0x00, 0x00, 0x00, 0x01, 0xFF, 0x00, 0x00,
    0x00, 0x01, 0xFF, 0x00, 0x00, 0x2F, 0xFF, 0xFF, 0xFF, 0xF0, 0x2F, 0xFF, 0xFF, 0xFF, 0xF0, 0x01, 0x12, 0xFF, 0x11, 0x10,
    0x00, 0x01, 0xFF, 0x00, 0x00, 0x00, 0x01, 0xFF, 0x00, 0x00, 0x2B, 0xA1, 0x8F, 0xF6, 0x4F, 0xF4, 0x09, 0xD0, 0x0E, 0x80,
    0x15, 0x10, 0x9F, 0xFF, 0xF9, 0x9F, 0xFF, 0xF9, 0x11, 0x11, 0x11, 0x00, 0x00, 0x00, 0x00, 0x00, 0x00, 0x2B, 0xA1, 0x8F,
    0xF6, 0x4E, 0xE2, 0x01, 0x10, 0x00, 0x00, 0x8A, 0x70, 0x00, 0x1F, 0xF5, 0x00, 0x07, 0xFE, 0x10, 0x00, 0xDF, 0x90, 0x00,
    0x3F, 0xF3, 0x00, 0x09, 0xFC, 0x00, 0x01, 0xEF, 0x60, 0x00, 0x6F, 0xF1, 0x00, 0x0C, 0xFA, 0x00, 0x03, 0xFF, 0x40, 0x00,
    0x9F, 0xD0, 0x00, 0x00, 0x00, 0x17, 0xBC, 0xA5, 0x00, 0x01, 0xCF, 0xFF, 0xFF, 0x80, 0x09, 0xFF, 0x50, 0x8F, 0xF3, 0x0F,
    0xFF, 0xC0, 0x0E, 0xF9, 0x2F, 0xFA, 0xF7, 0x0B, 0xFB, 0x4F, 0xF3, 0xAF, 0x3A, 0xFD, 0x3F, 0xF4, 0x1E, 0xDB, 0xFC, 0x1F,
    0xF7, 0x05, 0xFF, 0xFA, 0x0B, 0xFC, 0x10, 0xAF, 0xF5, 0x03, 0xFF, 0xDA, 0xEF, 0xC0, 0x00, 0x3C, 0xFF, 0xE9, 0x10, 0x00,
    0x00, 0x12, 0x00, 0x00, 0x00, 0x05, 0xA6, 0x00, 0x25, 0xEF, 0x90, 0x4F, 0xFF, 0xF9, 0x03, 0xDD, 0xFF, 0x90, 0x00, 0x0C,
    0xF9, 0x00, 0x00, 0xCF, 0x90, 0x00, 0x0C, 0xF9, 0x00, 0x00, 0xCF, 0x90, 0x00, 0x0C, 0xF9, 0x00, 0x00, 0xCF, 0x90, 0x00,
    0x0C, 0xF9, 0x00, 0x00, 0x4A, 0xCC, 0x92, 0x00, 0x7F, 0xFF, 0xFF, 0xE2, 0x09, 0xEA, 0x13, 0xFF, 0x80, 0x01, 0x10, 0x0D,
    0xF9, 0x00, 0x00, 0x04, 0xFF, 0x60, 0x00, 0x02, 0xEF, 0xD0, 0x00, 0x04, 0xEF, 0xD2, 0x00, 0x07, 0xFF, 0xC2, 0x00, 0x1B,
    0xFE, 0x70, 0x00, 0x07, 0xFF, 0xFF, 0xFF, 0xFB, 0x7F, 0xFF, 0xFF, 0xFF, 0xB0, 0x00, 0x6B, 0xDC, 0x92, 0x00, 0x0B, 0xFF,
    0xFF, 0xFE, 0x30, 0x2B, 0xF6, 0x03, 0xEF, 0x90, 0x00, 0x20, 0x00, 0xDF, 0x70, 0x00, 0x03, 0x7C, 0xFE, 0x20, 0x00, 0x09,
    0xFF, 0xF7, 0x00, 0x00, 0x04, 0x8C, 0xFF, 0x60, 0x00, 0x00, 0x00, 0xCF, 0xB0, 0x29, 0xD2, 0x00, 0xDF, 0xB0, 0x1E, 0xFE,
    0xAD, 0xFF, 0x50, 0x02, 0xBF, 0xFF, 0xD5, 0x00, 0x00, 0x01, 0x31, 0x00, 0x00, 0x00, 0x00, 0x07, 0xAA, 0x00, 0x00, 0x00,
    0x5F, 0xFF, 0x00, 0x00, 0x03, 0xEF, 0xFF, 0x00, 0x00, 0x1D, 0xFD, 0xFF, 0x00, 0x00, 0xBF, 0xB7, 0xFF, 0x00, 0x07, 0xFD,
    0x17, 0xFF, 0x00, 0x4F, 0xF8, 0x6A, 0xFF, 0x63, 0xAF, 0xFF, 0xFF, 0xFF, 0xF7, 0x7B, 0xBB, 0xBD, 0xFF, 0xB5, 0x00, 0x00,
    0x07, 0xFF, 0x00, 0x00, 0x00, 0x07, 0xFF, 0x00, 0x07, 0xAA, 0xAA, 0xAA, 0x60, 0x0B, 0xFF, 0xFF, 0xFF, 0x80, 0x0D, 0xF8,
    0x44, 0x44, 0x20, 0x0F, 0xF4, 0x23, 0x10, 0x00, 0x2F, 0xFE, 0xFF, 0xF8, 0x00, 0x3F, 0xFD, 0x9D, 0xFF, 0x70, 0x01, 0x71,
    0x00, 0xBF, 0xD0, 0x00, 0x00, 0x00, 0x8F, 0xF0, 0x18, 0xD2, 0x00, 0xCF, 0xC0, 0x0D, 0xFE, 0xAE, 0xFF, 0x50, 0x01, 0xAF,
    0xFF, 0xD5, 0x00, 0x00, 0x01, 0x31, 0x00, 0x00, 0x00, 0x06, 0xBC, 0xA5, 0x00, 0x00, 0x9F, 0xFE, 0xFF, 0x50, 0x05, 0xFD,
    0x20, 0x42, 0x00, 0x0C, 0xF8, 0x13, 0x10, 0x00, 0x0F, 0xFC, 0xFF, 0xFA, 0x10, 0x2F, 0xFF, 0xBA, 0xFF, 0xA0, 0x2F, 0xFB,
    0x00, 0x8F, 0xF1, 0x0F, 0xF7, 0x00, 0x4F, 0xF3, 0x0C, 0xFB, 0x00, 0x8F, 0xF1, 0x05, 0xFF, 0xBA, 0xFF, 0x80, 0x00, 0x5D,
    0xFF, 0xE7, 0x00, 0x00, 0x00, 0x12, 0x00, 0x00, 0x8A, 0xAA, 0xAA, 0xAA, 0x2B, 0xFF, 0xFF, 0xFF, 0xF3, 0x45, 0x55, 0x5A,
    0xFF, 0x20, 0x00, 0x00, 0xEF, 0xA0, 0x00, 0x00, 0x7F, 0xF3, 0x00, 0x00, 0x0E, 0xFB, 0x00, 0x00, 0x06, 0xFF, 0x40, 0x00,
    0x00, 0xDF, 0xC0, 0x00, 0x00, 0x6F, 0xF5, 0x00, 0x00, 0x0D, 0xFC, 0x00, 0x00, 0x06, 0xFF, 0x50, 0x00, 0x00, 0x00, 0x07,
    0xCC, 0x70, 0x00, 0x00, 0x8F, 0xFF, 0xF8, 0x00, 0x00, 0xEF, 0x66, 0xFE, 0x00, 0x01, 0xFF, 0x11, 0xFF, 0x00, 0x00, 0xCF,
    0xDD, 0xFC, 0x00, 0x04, 0xEF, 0xFF, 0xFE, 0x40, 0x1F, 0xFC, 0x77, 0xCF, 0xF1, 0x5F, 0xF3, 0x00, 0x3F, 0xF5, 0x3F, 0xF7,
    0x00, 0x7F, 0xF3, 0x0C, 0xFF, 0xEE, 0xFF, 0xC0, 0x01, 0x9F, 0xFF, 0xF9, 0x10, 0x00, 0x00, 0x22, 0x00, 0x00, 0x00, 0x4A,
    0xC9, 0x20, 0x00, 0x6F, 0xFF, 0xFF, 0x40, 0x1F, 0xFA, 0x6B, 0xFD, 0x05, 0xFE, 0x00, 0x1F, 0xF2, 0x4F, 0xD0, 0x02, 0xFF,
    0x31, 0xEF, 0xB7, 0xCF, 0xD0, 0x05, 0xFF, 0xFF, 0xF7, 0x00, 0x03, 0x9E, 0xFE, 0x10, 0x00, 0x01, 0xEF, 0x70, 0x00, 0x00,
    0x7F, 0xE1, 0x00, 0x00, 0x1E, 0xF8, 0x00, 0x00, 0x01, 0x00, 0x3E, 0xE2, 0x8F, 0xF6, 0x2C, 0xB1, 0x00, 0x00, 0x00, 0x00,
    0x2B, 0xA1, 0x8F, 0xF6, 0x4E, 0xE2, 0x01, 0x10, 0x01, 0x00, 0x3E, 0xE2, 0x8F, 0xF6, 0x2C, 0xB1, 0x00, 0x00, 0x00, 0x00,
    0x2B, 0xA1, 0x8F, 0xF6, 0x4F, 0xF4, 0x09, 0xD0, 0x0E, 0x80, 0x15, 0x10, 0x00, 0x00, 0x00, 0x00, 0x00, 0x00, 0x00, 0x04,
    0xB8, 0x00, 0x01, 0x6D, 0xFF, 0x80, 0x29, 0xEF, 0xFD, 0x72, 0x5F, 0xFE, 0x93, 0x00, 0x05, 0xFF, 0xE9, 0x30, 0x00, 0x03,
    0x9F, 0xFF, 0xC7, 0x10, 0x00, 0x17, 0xDF, 0xF8, 0x00, 0x00, 0x00, 0x5B, 0x80, 0x00, 0x00, 0x00, 0x01, 0x18, 0x88, 0x88,
    0x88, 0x80, 0x2F, 0xFF, 0xFF, 0xFF, 0xF0, 0x17, 0x77, 0x77, 0x77, 0x70, 0x19, 0x99, 0x99, 0x99, 0x90, 0x2F, 0xFF, 0xFF,
    0xFF, 0xF0, 0x17, 0x77, 0x77, 0x77, 0x70, 0x00, 0x00, 0x00, 0x00, 0x00, 0x00, 0x00, 0x00, 0x00, 0x06, 0xC5, 0x00, 0x00,
    0x00, 0x6F, 0xFE, 0x71, 0x00, 0x01, 0x7C, 0xFF, 0xFA, 0x30, 0x00, 0x02, 0x8D, 0xFF, 0x70, 0x00, 0x28, 0xDF, 0xF7, 0x16,
    0xCF, 0xFF, 0xA4, 0x06, 0xFF, 0xE8, 0x20, 0x00, 0x6C, 0x61, 0x00, 0x00, 0x01, 0x00, 0x00, 0x00, 0x00, 0x00, 0x6B, 0xCC,
    0xA4, 0x00, 0x0B, 0xFF, 0xFF, 0xFF, 0x70, 0x2B, 0xF8, 0x23, 0xCF, 0xE0, 0x00, 0x10, 0x01, 0xCF, 0xD0, 0x00, 0x00, 0x8F,
    0xFF, 0x50, 0x00, 0x0A, 0xFF, 0xC3, 0x00, 0x00, 0x0F, 0xFA, 0x00, 0x00, 0x00, 0x02, 0x21, 0x00, 0x00, 0x00, 0x09, 0xC3,
    0x00, 0x00, 0x00, 0x3F, 0xFA, 0x00, 0x00, 0x00, 0x1D, 0xF5, 0x00, 0x00, 0x00, 0x00, 0x10, 0x00, 0x00, 0x00, 0x02, 0x8B,
    0xC9, 0x40, 0x00, 0x00, 0x7E, 0x96, 0x58, 0xE9, 0x00, 0x05, 0xE3, 0x02, 0x31, 0x2D, 0x70, 0x0E, 0x51, 0xCF, 0xFF, 0x33,
    0xF1, 0x3D, 0x08, 0xF6, 0x7F, 0x30, 0xE5, 0x6B, 0x0B, 0xC0, 0x5F, 0x30, 0xC7, 0x4C, 0x0B, 0xE2, 0xAF, 0x52, 0xF4, 0x1F,
    0x25, 0xFF, 0xEC, 0xFE, 0xC0, 0x08, 0xB0, 0x47, 0x31, 0x77, 0x10, 0x01, 0xCC, 0x41, 0x03, 0x20, 0x00, 0x00, 0x07, 0xDF,
    0xFE, 0x30, 0x00, 0x00, 0x00, 0x01, 0x20, 0x00, 0x00, 0x00, 0x00, 0xAA, 0xA1, 0x00, 0x00, 0x00, 0x5F, 0xFF, 0x50, 0x00,
    0x00, 0x0B, 0xFF, 0xFB, 0x00, 0x00, 0x01, 0xFF, 0xAF, 0xF2, 0x00, 0x00, 0x7F, 0xE1, 0xEF, 0x70, 0x00, 0x0D, 0xFA, 0x0A,
    0xFD, 0x00, 0x03, 0xFF, 0x50, 0x5F, 0xF4, 0x00, 0x9F, 0xFE, 0xEE, 0xFF, 0x90, 0x1E, 0xFF, 0xFF, 0xFF, 0xFE, 0x15, 0xFF,
    0x62, 0x22, 0x5F, 0xF6, 0xBF, 0xE1, 0x00, 0x00, 0xEF, 0xB0, 0x3A, 0xAA, 0xAA, 0x96, 0x10, 0x4F, 0xFF, 0xFF, 0xFF, 0xC1,
    0x4F, 0xF8, 0x66, 0xCF, 0xF4, 0x4F, 0xF3, 0x00, 0x5F, 0xF5, 0x4F, 0xF9, 0x77, 0xDF, 0xD1, 0x4F, 0xFF, 0xFF, 0xFF, 0x80,
    0x4F, 0xF9, 0x78, 0xCF, 0xF7, 0x4F, 0xF3, 0x00, 0x0E, 0xFC, 0x4F, 0xF4, 0x12, 0x6F, 0xFB, 0x4F, 0xFF, 0xFF, 0xFF, 0xF5,
    0x4F, 0xFF, 0xFF, 0xEB, 0x40, 0x00, 0x05, 0x9C, 0xC9, 0x30, 0x00, 0x1A, 0xFF, 0xFF, 0xFF, 0x70, 0x08, 0xFF, 0xB4, 0x5C,
    0xFD, 0x21, 0xFF, 0xC0, 0x00, 0x14, 0x00, 0x4F, 0xF6, 0x00, 0x00, 0x00, 0x06, 0xFF, 0x40, 0x00, 0x00, 0x00, 0x5F, 0xF5,
    0x00, 0x00, 0x00, 0x02, 0xFF, 0x90, 0x00, 0x00, 0x00, 0x0B, 0xFF, 0x60, 0x07, 0xE9, 0x20, 0x3E, 0xFF, 0xEF, 0xFF, 0xC0,
    0x00, 0x2A, 0xEF, 0xFE, 0x80, 0x00, 0x00, 0x00, 0x22, 0x00, 0x00, 0x3A, 0xAA, 0xA8, 0x61, 0x00, 0x04, 0xFF, 0xFF, 0xFF,
    0xE8, 0x00, 0x4F, 0xF8, 0x68, 0xDF, 0xF7, 0x04, 0xFF, 0x30, 0x01, 0xCF, 0xF0, 0x4F, 0xF3, 0x00, 0x06, 0xFF, 0x34, 0xFF,
    0x30, 0x00, 0x4F, 0xF5, 0x4F, 0xF3, 0x00, 0x05, 0xFF, 0x54, 0xFF, 0x30, 0x00, 0xAF, 0xF2, 0x4F, 0xF5, 0x24, 0x9F, 0xFA,
    0x04, 0xFF, 0xFF, 0xFF, 0xFD, 0x10, 0x4F, 0xFF, 0xFD, 0xB5, 0x00, 0x00, 0x3A, 0xAA, 0xAA, 0xAA, 0xA4, 0xFF, 0xFF, 0xFF,
    0xFE, 0x4F, 0xFA, 0x88, 0x88, 0x84, 0xFF, 0x30, 0x00, 0x00, 0x4F, 0xFA, 0x99, 0x60, 0x04, 0xFF, 0xFF, 0xFB, 0x00, 0x4F,
    0xFB, 0x99, 0x70, 0x04, 0xFF, 0x30, 0x00, 0x00, 0x4F, 0xF6, 0x33, 0x33, 0x34, 0xFF, 0xFF, 0xFF, 0xFE, 0x4F, 0xFF, 0xFF,
    0xFF, 0xE0, 0x3A, 0xAA, 0xAA, 0xAA, 0x44, 0xFF, 0xFF, 0xFF, 0xF5, 0x4F, 0xFA, 0x88, 0x88, 0x34, 0xFF, 0x30, 0x00, 0x00,
    0x4F, 0xFA, 0x99, 0x99, 0x34, 0xFF, 0xFF, 0xFF, 0xF5, 0x4F, 0xFB, 0x99, 0x99, 0x34, 0xFF, 0x30, 0x00, 0x00, 0x4F, 0xF3,
    0x00, 0x00, 0x04, 0xFF, 0x30, 0x00, 0x00, 0x4F, 0xF3, 0x00, 0x00, 0x00, 0x00, 0x04, 0x9C, 0xCA, 0x40, 0x00, 0x00, 0xAF,
    0xFF, 0xFF, 0xF9, 0x00, 0x08, 0xFF, 0xB4, 0x5A, 0xFA, 0x10, 0x1F, 0xFC, 0x00, 0x00, 0x10, 0x00, 0x4F, 0xF6, 0x00, 0x11,
    0x11, 0x10, 0x6F, 0xF4, 0x00, 0xFF, 0xFF, 0xE0, 0x5F, 0xF5, 0x00, 0xFF, 0xFF, 0xE0, 0x2F, 0xF9, 0x00, 0x00, 0xAF, 0xE0,
    0x0C, 0xFF, 0x60, 0x04, 0xEF, 0xE0, 0x03, 0xEF, 0xFE, 0xFF, 0xFF, 0xE0, 0x00, 0x2B, 0xFF, 0xFC, 0x3D, 0xE0, 0x00, 0x00,
    0x02, 0x10, 0x00, 0x00, 0x3A, 0xA2, 0x00, 0x04, 0xAA, 0x24, 0xFF, 0x30, 0x00, 0x6F, 0xF2, 0x4F, 0xF3, 0x00, 0x06, 0xFF,
    0x24, 0xFF, 0x30, 0x00, 0x6F, 0xF2, 0x4F, 0xFA, 0x99, 0x9B, 0xFF, 0x24, 0xFF, 0xFF, 0xFF, 0xFF, 0xF2, 0x4F, 0xFB, 0x99,
    0x9B, 0xFF, 0x24, 0xFF, 0x30, 0x00, 0x6F, 0xF2, 0x4F, 0xF3, 0x00, 0x06, 0xFF, 0x24, 0xFF, 0x30, 0x00, 0x6F, 0xF2, 0x4F,
    0xF3, 0x00, 0x06, 0xFF, 0x20, 0x1A, 0xAA, 0xAA, 0x41, 0xFF, 0xFF, 0xF6, 0x04, 0xBF, 0xE4, 0x20, 0x09, 0xFE, 0x00, 0x00,
    0x9F, 0xE0, 0x00, 0x09, 0xFE, 0x00, 0x00, 0x9F, 0xE0, 0x00, 0x09, 0xFE, 0x00, 0x00, 0x9F, 0xE0, 0x01, 0xFF, 0xFF, 0xF6,
    0x1F, 0xFF, 0xFF, 0x60, 0x00, 0x00, 0x03, 0xAA, 0x30, 0x00, 0x00, 0x4F, 0xF4, 0x00, 0x00, 0x04, 0xFF, 0x40, 0x00, 0x00,
    0x4F, 0xF4, 0x00, 0x00, 0x04, 0xFF, 0x40, 0x00, 0x00, 0x4F, 0xF4, 0x00, 0x00, 0x04, 0xFF, 0x40, 0x55, 0x00, 0x5F, 0xF2,
    0xBF, 0xD1, 0x0A, 0xFF, 0x05, 0xFF, 0xED, 0xFF, 0x80, 0x06, 0xEF, 0xFE, 0x80, 0x00, 0x00, 0x22, 0x00, 0x00, 0x3A, 0xA2,
    0x00, 0x2A, 0xA9, 0x04, 0xFF, 0x30, 0x2D, 0xFE, 0x20, 0x4F, 0xF3, 0x1D, 0xFE, 0x30, 0x04, 0xFF, 0x4C, 0xFF, 0x40, 0x00,
    0x4F, 0xFD, 0xFF, 0x50, 0x00, 0x04, 0xFF, 0xFF, 0xF6, 0x00, 0x00, 0x4F, 0xFF, 0xEF, 0xE2, 0x00, 0x04, 0xFF, 0x82, 0xEF,
    0xC0, 0x00, 0x4F, 0xF3, 0x05, 0xFF, 0x80, 0x04, 0xFF, 0x30, 0x0A, 0xFF, 0x40, 0x4F, 0xF3, 0x00, 0x1D, 0xFE, 0x10, 0x3A,
    0xA2, 0x00, 0x00, 0x04, 0xFF, 0x30, 0x00, 0x00, 0x4F, 0xF3, 0x00, 0x00, 0x04, 0xFF, 0x30, 0x00, 0x00, 0x4F, 0xF3, 0x00,
    0x00, 0x04, 0xFF, 0x30, 0x00, 0x00, 0x4F, 0xF3, 0x00, 0x00, 0x04, 0xFF, 0x30, 0x00, 0x00, 0x4F, 0xF6, 0x33, 0x33, 0x14,
    0xFF, 0xFF, 0xFF, 0xF5, 0x4F, 0xFF, 0xFF, 0xFF, 0x50, 0x3A, 0xAA, 0x60, 0x00, 0x1A, 0xAA, 0x84, 0xFF, 0xFC, 0x00, 0x06,
    0xFF, 0xFB, 0x4F, 0xFF, 0xF2, 0x00, 0xAF, 0xFF, 0xB4, 0xFF, 0xBF, 0x60, 0x0E, 0xFB, 0xFB, 0x4F, 0xF6, 0xFB, 0x04, 0xFB,
    0xBF, 0xB4, 0xFF, 0x3E, 0xE0, 0x8F, 0x6B, 0xFB, 0x4F, 0xF2, 0xAF, 0x4D, 0xF2, 0xBF, 0xB4, 0xFF, 0x26, 0xFB, 0xFC, 0x0B,
    0xFB, 0x4F, 0xF2, 0x1F, 0xFF, 0x80, 0xBF, 0xB4, 0xFF, 0x20, 0xCF, 0xF3, 0x0B, 0xFB, 0x4F, 0xF2, 0x07, 0xFD, 0x00, 0xBF,
    0xB0, 0x3A, 0xAA, 0x10, 0x00, 0xAA, 0x54, 0xFF, 0xF8, 0x00, 0x0E, 0xF7, 0x4F, 0xFF, 0xF2, 0x00, 0xEF, 0x74, 0xFF, 0xEF,
    0xA0, 0x0E, 0xF7, 0x4F, 0xF6, 0xFF, 0x30, 0xEF, 0x74, 0xFF, 0x2B, 0xFB, 0x0E, 0xF7, 0x4F, 0xF2, 0x3F, 0xF4, 0xEF, 0x74,
    0xFF, 0x20, 0xAF, 0xCE, 0xF7, 0x4F, 0xF2, 0x02, 0xFF, 0xFF, 0x74, 0xFF, 0x20, 0x08, 0xFF, 0xF7, 0x4F, 0xF2, 0x00, 0x1E,
    0xFF, 0x70, 0x00, 0x04, 0x9C, 0xC9, 0x50, 0x00, 0x00, 0x9F, 0xFF, 0xFF, 0xFB, 0x10, 0x07, 0xFF, 0xB5, 0x4A, 0xFF, 0xA0,
    0x1F, 0xFC, 0x00, 0x00, 0xAF, 0xF3, 0x4F, 0xF6, 0x00, 0x00, 0x3F, 0xF7, 0x6F, 0xF4, 0x00, 0x00, 0x1F, 0xF9, 0x5F, 0xF5,
    0x00, 0x00, 0x2F, 0xF8, 0x2F, 0xFA, 0x00, 0x00, 0x7F, 0xF5, 0x0A, 0xFF, 0x70, 0x05, 0xEF, 0xD0, 0x01, 0xDF, 0xFF, 0xEF,
    0xFE, 0x30, 0x00, 0x19, 0xEF, 0xFE, 0xA2, 0x00, 0x00, 0x00, 0x01, 0x20, 0x00, 0x00, 0x3A, 0xAA, 0xA9, 0x84, 0x00, 0x4F,
    0xFF, 0xFF, 0xFF, 0xB0, 0x4F, 0xF8, 0x78, 0xCF, 0xF6, 0x4F, 0xF3, 0x00, 0x2F, 0xF9, 0x4F, 0xF3, 0x00, 0x4F, 0xF8, 0x4F,
    0xFD, 0xCE, 0xFF, 0xF3, 0x4F, 0xFF, 0xFF, 0xFD, 0x50, 0x4F, 0xF7, 0x44, 0x20, 0x00, 0x4F, 0xF3, 0x00, 0x00, 0x00, 0x4F,
    0xF3, 0x00, 0x00, 0x00, 0x4F, 0xF3, 0x00, 0x00, 0x00, 0x00, 0x04, 0x9C, 0xC9, 0x50, 0x00, 0x00, 0x09, 0xFF, 0xFF, 0xFF,
    0xB1, 0x00, 0x07, 0xFF, 0xB5, 0x4A, 0xFF, 0xA0, 0x01, 0xFF, 0xC0, 0x00, 0x0A, 0xFF, 0x30, 0x4F, 0xF6, 0x00, 0x00, 0x3F,
    0xF7, 0x06, 0xFF, 0x40, 0x0A, 0x41, 0xFF, 0x90, 0x5F, 0xF5, 0x05, 0xFF, 0x7F, 0xF8, 0x02, 0xFF, 0xA0, 0x07, 0xFF, 0xFF,
    0x50, 0x0A, 0xFF, 0x70, 0x1B, 0xFF, 0xE0, 0x00, 0x1D, 0xFF, 0xFE, 0xFF, 0xFF, 0x70, 0x00, 0x19, 0xEF, 0xFF, 0xA7, 0xFF,
    0x40, 0x00, 0x00, 0x12, 0x00, 0x04, 0x80, 0x3A, 0xAA, 0xAA, 0x84, 0x00, 0x04, 0xFF, 0xFF, 0xFF, 0xFB, 0x10, 0x4F, 0xF8,
    0x78, 0xCF, 0xF6, 0x04, 0xFF, 0x30, 0x01, 0xFF, 0x90, 0x4F, 0xF5, 0x23, 0x8F, 0xF8, 0x04, 0xFF, 0xFF, 0xFF, 0xFD, 0x20,
    0x4F, 0xFF, 0xFF, 0xF9, 0x10, 0x04, 0xFF, 0x34, 0xFF, 0xA0, 0x00, 0x4F, 0xF3, 0x08, 0xFF, 0x60, 0x04, 0xFF, 0x30, 0x0C,
    0xFE, 0x20, 0x4F, 0xF3, 0x00, 0x2E, 0xFC, 0x00, 0x00, 0x5A, 0xCC, 0xA4, 0x00, 0x0A, 0xFF, 0xFF, 0xFF, 0x60, 0x5F, 0xF9,
    0x35, 0xDE, 0x90, 0x8F, 0xF3, 0x00, 0x11, 0x00, 0x4F, 0xFF, 0xA7, 0x40, 0x00, 0x07, 0xEF, 0xFF, 0xFD, 0x50, 0x00, 0x05,
    0x9D, 0xFF, 0xF3, 0x00, 0x30, 0x00, 0x6F, 0xF7, 0x4D, 0xF5, 0x00, 0x5F, 0xF5, 0x1E, 0xFF, 0xEE, 0xFF, 0xC1, 0x02, 0xAF,
    0xFF, 0xE9, 0x10, 0x00, 0x01, 0x22, 0x00, 0x00, 0x8A, 0xAA, 0xAA, 0xAA, 0xA6, 0xBF, 0xFF, 0xFF, 0xFF, 0xF9, 0x68, 0x8A,
    0xFF, 0x98, 0x85, 0x00, 0x05, 0xFF, 0x30, 0x00, 0x00, 0x05, 0xFF, 0x30, 0x00, 0x00, 0x05, 0xFF, 0x30, 0x00, 0x00, 0x05,
    0xFF, 0x30, 0x00, 0x00, 0x05, 0xFF, 0x30, 0x00, 0x00, 0x05, 0xFF, 0x30, 0x00, 0x00, 0x05, 0xFF, 0x30, 0x00, 0x00, 0x05,
    0xFF, 0x30, 0x00, 0x3A, 0xA2, 0x00, 0x06, 0xA9, 0x04, 0xFF, 0x30, 0x00, 0x9F, 0xE0, 0x4F, 0xF3, 0x00, 0x09, 0xFE, 0x04,
    0xFF, 0x30, 0x00, 0x9F, 0xE0, 0x4F, 0xF3, 0x00, 0x09, 0xFE, 0x04, 0xFF, 0x30, 0x00, 0x9F, 0xE0, 0x4F, 0xF3, 0x00, 0x0A,
    0xFD, 0x02, 0xFF, 0x50, 0x00, 0xBF, 0xB0, 0x1E, 0xFB, 0x10, 0x3F, 0xF9, 0x00, 0x8F, 0xFF, 0xEF, 0xFF, 0x20, 0x00, 0x7E,
    0xFF, 0xFC, 0x30, 0x00, 0x00, 0x01, 0x21, 0x00, 0x00, 0x8A, 0x90, 0x00, 0x04, 0xAA, 0x27, 0xFF, 0x20, 0x00, 0xAF, 0xE0,
    0x2F, 0xF7, 0x00, 0x1E, 0xF9, 0x00, 0xCF, 0xC0, 0x05, 0xFF, 0x40, 0x06, 0xFF, 0x10, 0x9F, 0xD0, 0x00, 0x1F, 0xF6, 0x0E,
    0xF8, 0x00, 0x00, 0xBF, 0xA4, 0xFF, 0x30, 0x00, 0x06, 0xFF, 0x9F, 0xD0, 0x00, 0x00, 0x1F, 0xFF, 0xF8, 0x00, 0x00, 0x00,
    0xBF, 0xFF, 0x30, 0x00, 0x00, 0x06, 0xFF, 0xD0, 0x00, 0x00, 0x8A, 0x80, 0x03, 0xAA, 0x40, 0x07, 0xA9, 0x8F, 0xE0, 0x08,
    0xFF, 0x90, 0x0C, 0xFA, 0x5F, 0xF2, 0x0B, 0xFF, 0xC0, 0x0F, 0xF7, 0x1F, 0xF5, 0x0E, 0xFE, 0xF1, 0x3F, 0xF3, 0x0D, 0xF8,
    0x2F, 0xCB, 0xF4, 0x6F, 0xE0, 0x09, 0xFB, 0x5F, 0x98, 0xF7, 0x9F, 0xB0, 0x05, 0xFE, 0x9F, 0x64, 0xFA, 0xCF, 0x70, 0x02,
    0xFF, 0xDF, 0x31, 0xFE, 0xFF, 0x30, 0x00, 0xDF, 0xFE, 0x00, 0xDF, 0xFF, 0x00, 0x00, 0x9F, 0xFB, 0x00, 0xAF, 0xFB, 0x00,
    0x00, 0x6F, 0xF8, 0x00, 0x6F, 0xF8, 0x00, 0x4A, 0xA7, 0x00, 0x05, 0xAA, 0x60, 0x0C, 0xFF, 0x40, 0x2E, 0xFD, 0x10, 0x02,
    0xEF, 0xD1, 0xCF, 0xF4, 0x00, 0x00, 0x5F, 0xFD, 0xFF, 0x80, 0x00, 0x00, 0x0A, 0xFF, 0xFC, 0x00, 0x00, 0x00, 0x02, 0xFF,
    0xF4, 0x00, 0x00, 0x00, 0x09, 0xFF, 0xFC, 0x00, 0x00, 0x00, 0x5F, 0xFE, 0xFF, 0x80, 0x00, 0x02, 0xEF, 0xD1, 0xCF, 0xF4,
    0x00, 0x0B, 0xFF, 0x40, 0x2E, 0xFD, 0x10, 0x7F, 0xF8, 0x00, 0x06, 0xFF, 0xA0, 0x7A, 0xA3, 0x00, 0x03, 0xAA, 0x62, 0xFF,
    0xC0, 0x00, 0xCF, 0xE2, 0x07, 0xFF, 0x50, 0x6F, 0xF7, 0x00, 0x0D, 0xFE, 0x2E, 0xFC, 0x00, 0x00, 0x4F, 0xFD, 0xFF, 0x30,
    0x00, 0x00, 0x9F, 0xFF, 0x90, 0x00, 0x00, 0x01, 0xEF, 0xE1, 0x00, 0x00, 0x00, 0x0B, 0xFB, 0x00, 0x00, 0x00, 0x00, 0xBF,
    0xB0, 0x00, 0x00, 0x00, 0x0B, 0xFB, 0x00, 0x00, 0x00, 0x00, 0xBF, 0xB0, 0x00, 0x00, 0x3A, 0xAA, 0xAA, 0xAA, 0xA2, 0x4F,
    0xFF, 0xFF, 0xFF, 0xF3, 0x28, 0x88, 0x8A, 0xFF, 0xD1, 0x00, 0x00, 0x1C, 0xFE, 0x30, 0x00, 0x00, 0xBF, 0xF5, 0x00, 0x00,
    0x08, 0xFF, 0x80, 0x00, 0x00, 0x6F, 0xFA, 0x00, 0x00, 0x03, 0xFF, 0xC1, 0x00, 0x00, 0x2E, 0xFF, 0x53, 0x33, 0x31, 0x7F,
    0xFF, 0xFF, 0xFF, 0xF6, 0x7F, 0xFF, 0xFF, 0xFF, 0xF6, 0x3A, 0xAA, 0x84, 0xFF, 0xFC, 0x4F, 0xC3, 0x24, 0xFB, 0x00, 0x4F,
    0xB0, 0x04, 0xFB, 0x00, 0x4F, 0xB0, 0x04, 0xFB, 0x00, 0x4F, 0xB0, 0x04, 0xFB, 0x00, 0x4F, 0xB0, 0x04, 0xFC, 0x43, 0x4F,
    0xFF, 0xC3, 0x99, 0x97, 0x7A, 0x80, 0x00, 0x05, 0xFF, 0x20, 0x00, 0x0D, 0xF8, 0x00, 0x00, 0x8F, 0xE0, 0x00, 0x02, 0xFF,
    0x50, 0x00, 0x0B, 0xFA, 0x00, 0x00, 0x5F, 0xF1, 0x00, 0x00, 0xEF, 0x70, 0x00, 0x09, 0xFD, 0x00, 0x00, 0x3F, 0xF4, 0x00,
    0x00, 0xCF, 0x90, 0x5A, 0xAA, 0x67, 0xFF, 0xF9, 0x13, 0x8F, 0x90, 0x07, 0xF9, 0x00, 0x7F, 0x90, 0x07, 0xF9, 0x00, 0x7F,
    0x90, 0x07, 0xF9, 0x00, 0x7F, 0x90, 0x07, 0xF9, 0x00, 0x7F, 0x92, 0x49, 0xF9, 0x7F, 0xFF, 0x94, 0x99, 0x95, 0x00, 0x04,
    0xA8, 0x00, 0x00, 0x00, 0xCF, 0xF3, 0x00, 0x00, 0x5F, 0xFF, 0xB0, 0x00, 0x0D, 0xF7, 0xEF, 0x40, 0x06, 0xFD, 0x07, 0xFC,
    0x00, 0xDF, 0x60, 0x1E, 0xF5, 0x00, 0x00, 0x00, 0x00, 0x00, 0x00, 0x00, 0x00, 0x00, 0x00, 0x00, 0x00, 0x00, 0x00, 0x00,
    0x00, 0x00, 0x00, 0x00, 0x00, 0x00, 0x00, 0x00, 0xDF, 0xFF, 0xFF, 0xBD, 0xFF, 0xFF, 0xFB, 0x11, 0x11, 0x11, 0x10, 0x08,
    0x30, 0x01, 0xFE, 0x20, 0x03, 0xCA, 0x00, 0x00, 0x00, 0x00, 0x00, 0x00, 0x00, 0x00, 0x00, 0x00, 0x00, 0x00, 0x00, 0x00,
    0x00, 0x00, 0x00, 0x00, 0x00, 0x00, 0x00, 0x00, 0x00, 0x00, 0x01, 0x21, 0x00, 0x00, 0x2B, 0xFF, 0xFB, 0x20, 0x0C, 0xFC,
    0x8D, 0xFA, 0x00, 0x04, 0x10, 0x6F, 0xE0, 0x01, 0x6A, 0xCE, 0xFF, 0x12, 0xDF, 0xEA, 0xAF, 0xF1, 0x8F, 0xF1, 0x07, 0xFF,
    0x17, 0xFF, 0xA9, 0xEF, 0xF2, 0x1B, 0xFF, 0xE6, 0xFF, 0x40, 0x02, 0x20, 0x00, 0x00, 0x2A, 0xA2, 0x00, 0x00, 0x00, 0x3F,
    0xF3, 0x00, 0x00, 0x00, 0x3F, 0xF3, 0x01, 0x00, 0x00, 0x3F, 0xF6, 0xDF, 0xF8, 0x00, 0x3F, 0xFF, 0xCD, 0xFF, 0x70, 0x3F,
    0xF8, 0x01, 0xCF, 0xE0, 0x3F, 0xF3, 0x00, 0x7F, 0xF1, 0x3F, 0xF3, 0x00, 0x7F, 0xF1, 0x3F, 0xF7, 0x00, 0xCF, 0xD0, 0x3F,
    0xFF, 0xCD, 0xFF, 0x70, 0x3F, 0xF4, 0xEF, 0xF8, 0x00, 0x00, 0x00, 0x02, 0x10, 0x00, 0x00, 0x00, 0x21, 0x00, 0x00, 0x1A,
    0xFF, 0xFA, 0x10, 0x0C, 0xFF, 0xCE, 0xFB, 0x05, 0xFF, 0x40, 0x37, 0x20, 0x8F, 0xE0, 0x00, 0x00, 0x08, 0xFE, 0x00, 0x00,
    0x00, 0x6F, 0xF4, 0x01, 0x40, 0x00, 0xDF, 0xEB, 0xEF, 0xA0, 0x02, 0xBF, 0xFE, 0xA1, 0x00, 0x00, 0x12, 0x00, 0x00, 0x00,
    0x00, 0x00, 0x7A, 0x80, 0x00, 0x00, 0x00, 0xBF, 0xB0, 0x00, 0x01, 0x00, 0xBF, 0xB0, 0x03, 0xCF, 0xF8, 0xBF, 0xB0, 0x1E,
    0xFF, 0xCE, 0xFF, 0xB0, 0x6F, 0xF5, 0x01, 0xEF, 0xB0, 0x8F, 0xF0, 0x00, 0xAF, 0xB0, 0x8F, 0xF0, 0x00, 0xAF, 0xB0, 0x6F,
    0xF5, 0x01, 0xEF, 0xB0, 0x1E, 0xFF, 0xBE, 0xFF, 0xC0, 0x03, 0xDF, 0xFA, 0x8F, 0xE0, 0x00, 0x02, 0x10, 0x00, 0x00, 0x00,
    0x00, 0x20, 0x00, 0x00, 0x18, 0xEF, 0xEA, 0x10, 0x0B, 0xFF, 0xBE, 0xFD, 0x05, 0xFF, 0x30, 0x0D, 0xF6, 0x8F, 0xFC, 0xCC,
    0xEF, 0x98, 0xFF, 0xAA, 0xAA, 0xA6, 0x5F, 0xF4, 0x00, 0x20, 0x00, 0xCF, 0xFC, 0xDF, 0xB0, 0x01, 0xAF, 0xFF, 0xB2, 0x00,
    0x00, 0x02, 0x10, 0x00, 0x00, 0x48, 0x95, 0x05, 0xFF, 0xF8, 0x09, 0xFE, 0x52, 0x09, 0xFC, 0x00, 0xDF, 0xFF, 0xE8, 0xDF,
    0xFF, 0xE8, 0x09, 0xFC, 0x00, 0x09, 0xFC, 0x00, 0x09, 0xFC, 0x00, 0x09, 0xFC, 0x00, 0x09, 0xFC, 0x00, 0x09, 0xFC, 0x00,
    0x00, 0x02, 0x00, 0x00, 0x00, 0x03, 0xDF, 0xE8, 0x7E, 0xA0, 0x1E, 0xFF, 0xCE, 0xFF, 0xB0, 0x6F, 0xF4, 0x01, 0xDF, 0xB0,
    0x8F, 0xE0, 0x00, 0xAF, 0xB0, 0x8F, 0xF1, 0x00, 0xBF, 0xB0, 0x4F, 0xFA, 0x36, 0xFF, 0xB0, 0x0A, 0xFF, 0xFE, 0xDF, 0xB0,
    0x00, 0x6A, 0x82, 0xAF, 0xB0, 0x00, 0x22, 0x00, 0xEF, 0x80, 0x08, 0xFE, 0xAD, 0xFF, 0x30, 0x01, 0xBF, 0xFF, 0xE6, 0x00,
    0x00, 0x00, 0x32, 0x00, 0x00, 0x2A, 0xA2, 0x00, 0x00, 0x03, 0xFF, 0x30, 0x00, 0x00, 0x3F, 0xF3, 0x01, 0x00, 0x03, 0xFF,
    0x6D, 0xFF, 0x70, 0x3F, 0xFF, 0xCE, 0xFF, 0x23, 0xFF, 0x80, 0x4F, 0xF4, 0x3F, 0xF4, 0x02, 0xFF, 0x53, 0xFF, 0x30, 0x1F,
    0xF5, 0x3F, 0xF3, 0x01, 0xFF, 0x53, 0xFF, 0x30, 0x1F, 0xF5, 0x3F, 0xF3, 0x01, 0xFF, 0x50, 0x00, 0x00, 0x00, 0x1D, 0xE3,
    0x03, 0xFF, 0x60, 0x07, 0x91, 0x00, 0x00, 0x09, 0xEE, 0xE5, 0x9E, 0xFF, 0x50, 0x2F, 0xF5, 0x02, 0xFF, 0x50, 0x2F, 0xF5,
    0x02, 0xFF, 0x50, 0x2F, 0xF5, 0x02, 0xFF, 0x50, 0x00, 0x00, 0x00, 0x00, 0x1D, 0xE3, 0x00, 0x3F, 0xF6, 0x00, 0x07, 0x91,
    0x00, 0x00, 0x00, 0x00, 0x2E, 0xE4, 0x00, 0x2F, 0xF5, 0x00, 0x2F, 0xF5, 0x00, 0x2F, 0xF5, 0x00, 0x2F, 0xF5, 0x00, 0x2F,
    0xF5, 0x00, 0x2F, 0xF5, 0x00, 0x2F, 0xF5, 0x15, 0x8F, 0xF4, 0x2F, 0xFF, 0xE1, 0x19, 0x87, 0x20, 0x2A, 0xA2, 0x00, 0x00,
    0x03, 0xFF, 0x30, 0x00, 0x00, 0x3F, 0xF3, 0x00, 0x00, 0x03, 0xFF, 0x30, 0x8E, 0xE5, 0x3F, 0xF3, 0x6F, 0xF6, 0x03, 0xFF,
    0x8F, 0xF7, 0x00, 0x3F, 0xFF, 0xFD, 0x00, 0x03, 0xFF, 0xFF, 0xF7, 0x00, 0x3F, 0xFA, 0xAF, 0xF3, 0x03, 0xFF, 0x31, 0xDF,
    0xD1, 0x3F, 0xF3, 0x04, 0xFF, 0xA0, 0x2A, 0xA2, 0x03, 0xFF, 0x30, 0x3F, 0xF3, 0x03, 0xFF, 0x30, 0x3F, 0xF3, 0x03, 0xFF,
    0x30, 0x3F, 0xF3, 0x03, 0xFF, 0x30, 0x3F, 0xF6, 0x02, 0xFF, 0xFE, 0x08, 0xEF, 0xF0, 0x00, 0x00, 0x01, 0x00, 0x00, 0x10,
    0x00, 0x3E, 0xE4, 0xDF, 0xE6, 0x4D, 0xFF, 0x80, 0x3F, 0xFF, 0xCE, 0xFF, 0xFC, 0xEF, 0xF2, 0x3F, 0xF8, 0x05, 0xFF, 0x80,
    0x4F, 0xF5, 0x3F, 0xF4, 0x03, 0xFF, 0x50, 0x1F, 0xF6, 0x3F, 0xF3, 0x02, 0xFF, 0x40, 0x1F, 0xF6, 0x3F, 0xF3, 0x02, 0xFF,
    0x40, 0x1F, 0xF6, 0x3F, 0xF3, 0x02, 0xFF, 0x40, 0x1F, 0xF6, 0x3F, 0xF3, 0x02, 0xFF, 0x40, 0x1F, 0xF6, 0x00, 0x00, 0x01,
    0x00, 0x03, 0xEE, 0x4D, 0xFF, 0x70, 0x3F, 0xFF, 0xCE, 0xFF, 0x23, 0xFF, 0x80, 0x4F, 0xF4, 0x3F, 0xF4, 0x02, 0xFF, 0x53,
    0xFF, 0x30, 0x1F, 0xF5, 0x3F, 0xF3, 0x01, 0xFF, 0x53, 0xFF, 0x30, 0x1F, 0xF5, 0x3F, 0xF3, 0x01, 0xFF, 0x50, 0x00, 0x00,
    0x20, 0x00, 0x00, 0x19, 0xFF, 0xFB, 0x20, 0x0C, 0xFF, 0xCE, 0xFD, 0x15, 0xFF, 0x40, 0x2F, 0xF7, 0x8F, 0xE0, 0x00, 0xCF,
    0xA8, 0xFE, 0x00, 0x0C, 0xFA, 0x5F, 0xF3, 0x02, 0xEF, 0x70, 0xCF, 0xEB, 0xEF, 0xE1, 0x02, 0xAF, 0xFF, 0xB3, 0x00, 0x00,
    0x12, 0x10, 0x00, 0x00, 0x00, 0x01, 0x00, 0x00, 0x3E, 0xE3, 0xDF, 0xE8, 0x00, 0x3F, 0xFF, 0xCE, 0xFF, 0x70, 0x3F, 0xF8,
    0x01, 0xCF, 0xD0, 0x3F, 0xF3, 0x00, 0x7F, 0xF1, 0x3F, 0xF3, 0x00, 0x7F, 0xF1, 0x3F, 0xF8, 0x00, 0xCF, 0xE0, 0x3F, 0xFF,
    0xCD, 0xFF, 0x70, 0x3F, 0xF6, 0xDF, 0xF9, 0x00, 0x3F, 0xF3, 0x02, 0x10, 0x00, 0x3F, 0xF3, 0x00, 0x00, 0x00, 0x29, 0x92,
    0x00, 0x00, 0x00, 0x00, 0x01, 0x00, 0x00, 0x00, 0x00, 0x3C, 0xFF, 0x87, 0xEA, 0x00, 0x1D, 0xFF, 0xCE, 0xFF, 0xB0, 0x06,
    0xFF, 0x60, 0x1E, 0xFB, 0x00, 0x8F, 0xF0, 0x00, 0xAF, 0xB0, 0x08, 0xFF, 0x00, 0x0A, 0xFB, 0x00, 0x6F, 0xF5, 0x01, 0xEF,
    0xB0, 0x01, 0xEF, 0xFB, 0xEF, 0xFB, 0x00, 0x03, 0xDF, 0xF9, 0xBF, 0xB0, 0x00, 0x00, 0x21, 0x0A, 0xFE, 0x86, 0x00, 0x00,
    0x00, 0x6F, 0xFF, 0xC0, 0x00, 0x00, 0x00, 0x6B, 0xB7, 0x00, 0x00, 0x01, 0x3E, 0xC3, 0xDB, 0x3F, 0xFD, 0xFB, 0x3F, 0xFD,
    0x63, 0x3F, 0xF4, 0x00, 0x3F, 0xF3, 0x00, 0x3F, 0xF3, 0x00, 0x3F, 0xF3, 0x00, 0x3F, 0xF3, 0x00, 0x00, 0x01, 0x10, 0x00,
    0x00, 0x6D, 0xFF, 0xD9, 0x10, 0x3F, 0xFB, 0xAE, 0xF6, 0x06, 0xFE, 0x30, 0x21, 0x00, 0x2E, 0xFF, 0xEC, 0x71, 0x00, 0x17,
    0xCE, 0xFF, 0xC0, 0x04, 0x50, 0x07, 0xFF, 0x16, 0xFF, 0xB9, 0xDF, 0xC0, 0x07, 0xEF, 0xFF, 0xB2, 0x00, 0x00, 0x22, 0x10,
    0x00, 0x07, 0xED, 0x00, 0x07, 0xFE, 0x00, 0xBF, 0xFF, 0xE9, 0xBE, 0xFF, 0xE9, 0x07, 0xFE, 0x00, 0x07, 0xFE, 0x00, 0x07,
    0xFE, 0x00, 0x07, 0xFF, 0x20, 0x06, 0xFF, 0xFA, 0x01, 0xBE, 0xFA, 0x3E, 0xE3, 0x02, 0xEE, 0x43, 0xFF, 0x30, 0x2F, 0xF4,
    0x3F, 0xF3, 0x02, 0xFF, 0x43, 0xFF, 0x30, 0x2F, 0xF4, 0x3F, 0xF3, 0x03, 0xFF, 0x42, 0xFF, 0x60, 0x6F, 0xF4, 0x0E, 0xFF,
    0xBE, 0xFF, 0x40, 0x6F, 0xFE, 0x5E, 0xF4, 0x00, 0x12, 0x00, 0x00, 0x00, 0xCE, 0x90, 0x03, 0xEE, 0x37, 0xFE, 0x00, 0x8F,
    0xD0, 0x2F, 0xF4, 0x0D, 0xF8, 0x00, 0xCF, 0x93, 0xFF, 0x30, 0x06, 0xFD, 0x7F, 0xC0, 0x00, 0x1F, 0xFE, 0xF7, 0x00, 0x00,
    0xBF, 0xFF, 0x20, 0x00, 0x05, 0xFF, 0xB0, 0x00, 0xCE, 0x70, 0x7E, 0xE0, 0x0D, 0xE6, 0xAF, 0xB0, 0xAF, 0xF3, 0x3F, 0xF3,
    0x6F, 0xE0, 0xDE, 0xF6, 0x6F, 0xE0, 0x2F, 0xF3, 0xF8, 0xF9, 0x9F, 0xA0, 0x0D, 0xF9, 0xF5, 0xCC, 0xDF, 0x70, 0x0A, 0xFE,
    0xF2, 0x9E, 0xFF, 0x30, 0x06, 0xFF, 0xE0, 0x6F, 0xFE, 0x00, 0x02, 0xFF, 0xB0, 0x3F, 0xFB, 0x00, 0x6E, 0xE3, 0x0A, 0xED,
    0x10, 0xBF, 0xD7, 0xFF, 0x40, 0x02, 0xEF, 0xFF, 0x80, 0x00, 0x05, 0xFF, 0xC0, 0x00, 0x00, 0x8F, 0xFE, 0x20, 0x00, 0x4F,
    0xFE, 0xFB, 0x00, 0x1D, 0xFB, 0x3F, 0xF7, 0x0A, 0xFE, 0x10, 0x7F, 0xF3, 0xCE, 0xA0, 0x07, 0xEE, 0x27, 0xFF, 0x10, 0xCF,
    0xB0, 0x1F, 0xF5, 0x1F, 0xF5, 0x00, 0xAF, 0xA6, 0xFE, 0x00, 0x04, 0xFE, 0xBF, 0x90, 0x00, 0x0E, 0xFF, 0xF3, 0x00, 0x00,
    0x8F, 0xFC, 0x00, 0x00, 0x02, 0xFF, 0x70, 0x00, 0x03, 0x6F, 0xE1, 0x00, 0x00, 0xFF, 0xF7, 0x00, 0x00, 0x08, 0x84, 0x00,
    0x00, 0x00, 0x4E, 0xEE, 0xEE, 0xEA, 0x4F, 0xFF, 0xFF, 0xFB, 0x00, 0x01, 0xCF, 0xE4, 0x00, 0x1C, 0xFE, 0x40, 0x01, 0xDF,
    0xE4, 0x00, 0x1D, 0xFE, 0x40, 0x00, 0x8F, 0xFF, 0xEE, 0xED, 0x8F, 0xFF, 0xFF, 0xFE, 0x00, 0x39, 0xA4, 0x03, 0xFF, 0xF6,
    0x07, 0xFE, 0x41, 0x07, 0xFC, 0x00, 0x08, 0xFC, 0x00, 0x1B, 0xFA, 0x00, 0x9F, 0xC3, 0x00, 0x9F, 0xD4, 0x00, 0x0B, 0xFB,
    0x00, 0x08, 0xFC, 0x00, 0x07, 0xFC, 0x00, 0x06, 0xFE, 0x62, 0x02, 0xEF, 0xF6, 0x00, 0x27, 0x83, 0x3A, 0xA0, 0x4F, 0xF0,
    0x4F, 0xF0, 0x4F, 0xF0, 0x4F, 0xF0, 0x4F, 0xF0, 0x4F, 0xF0, 0x4F, 0xF0, 0x4F, 0xF0, 0x4F, 0xF0, 0x4F, 0xF0, 0x4F, 0xF0,
    0x4F, 0xF0, 0x39, 0x90, 0x5A, 0x83, 0x00, 0x7F, 0xFE, 0x20, 0x25, 0xFF, 0x50, 0x00, 0xDF, 0x60, 0x00, 0xDF, 0x70, 0x00,
    0xCF, 0xA1, 0x00, 0x3D, 0xF8, 0x00, 0x5E, 0xF8, 0x00, 0xCF, 0x90, 0x00, 0xDF, 0x70, 0x00, 0xDF, 0x60, 0x26, 0xFF, 0x50,
    0x7F, 0xFE, 0x10, 0x48, 0x72, 0x00, 0x03, 0x86, 0x10, 0xA6, 0x01, 0xEF, 0xFF, 0xBF, 0xB0, 0x4F, 0xB9, 0xEF, 0xF5, 0x01,
    0x63, 0x00, 0x42, 0x00, 0x00, 0x00, 0x00, 0x00, 0x00, 0x00, 0x00, 0x00, 0x00
}};

const DeckFont kFooterFont{kFooterGlyphs, kFooterPixels, 32, 126, 21};


}  // namespace

const DeckFont& deck_font(DeckFontRole role) {
  switch (role) {
    case DeckFontRole::Switch: return kSwitchFont;
    case DeckFontRole::Title: return kTitleFont;
    case DeckFontRole::CompactTitle: return kCompactTitleFont;
    case DeckFontRole::Bank: return kBankFont;
    case DeckFontRole::Label: return kLabelFont;
    case DeckFontRole::Footer: return kFooterFont;
  }
  return kLabelFont;
}

}  // namespace midi::display
